{"0": {"precision": 0.5263157894736842, "recall": 0.5, "f1-score": 0.5128205128205129, "support": 20}, "1": {"precision": 0.35, "recall": 0.4666666666666667, "f1-score": 0.4, "support": 15}, "2": {"precision": 0.5789473684210527, "recall": 1.0, "f1-score": 0.7333333333333334, "support": 11}, "3": {"precision": 0.8823529411764706, "recall": 0.5454545454545454, "f1-score": 0.6741573033707865, "support": 55}, "4": {"precision": 0.8571428571428571, "recall": 0.5806451612903226, "f1-score": 0.6923076923076923, "support": 31}, "5": {"precision": 0.6923076923076923, "recall": 0.9642857142857143, "f1-score": 0.8059701492537313, "support": 28}, "6": {"precision": 0.9, "recall": 1.0, "f1-score": 0.9473684210526316, "support": 18}, "7": {"precision": 0.3333333333333333, "recall": 0.6666666666666666, "f1-score": 0.4444444444444444, "support": 3}, "8": {"precision": 0.0, "recall": 0.0, "f1-score": 0.0, "support": 1}, "9": {"precision": 0.6206896551724138, "recall": 0.8181818181818182, "f1-score": 0.7058823529411765, "support": 22}, "10": {"precision": 0.25, "recall": 0.4444444444444444, "f1-score": 0.32, "support": 9}, "11": {"precision": 1.0, "recall": 1.0, "f1-score": 1.0, "support": 15}, "12": {"precision": 1.0, "recall": 0.9230769230769231, "f1-score": 0.9600000000000001, "support": 13}, "13": {"precision": 0.4444444444444444, "recall": 0.2222222222222222, "f1-score": 0.2962962962962963, "support": 18}, "14": {"precision": 0.0, "recall": 0.0, "f1-score": 0.0, "support": 2}, "15": {"precision": 0.0, "recall": 0.0, "f1-score": 0.0, "support": 1}, "16": {"precision": 1.0, "recall": 1.0, "f1-score": 1.0, "support": 2}, "17": {"precision": 1.0, "recall": 1.0, "f1-score": 1.0, "support": 15}, "accuracy": 0.6917562724014337, "macro avg": {"precision": 0.5797518934151084, "recall": 0.6184246756827402, "f1-score": 0.5829211392122559, "support": 279}, "weighted avg": {"precision": 0.7266500536797427, "recall": 0.6917562724014337, "f1-score": 0.6883123342632008, "support": 279}}