{"0": {"precision": 0.9, "recall": 0.9, "f1-score": 0.9, "support": 10}, "1": {"precision": 0.08571428571428572, "recall": 0.375, "f1-score": 0.1395348837209302, "support": 8}, "2": {"precision": 0.2, "recall": 0.16666666666666666, "f1-score": 0.1818181818181818, "support": 6}, "3": {"precision": 0.14285714285714285, "recall": 0.25, "f1-score": 0.18181818181818182, "support": 8}, "4": {"precision": 0.14285714285714285, "recall": 0.1111111111111111, "f1-score": 0.125, "support": 9}, "5": {"precision": 0.3333333333333333, "recall": 0.16666666666666666, "f1-score": 0.2222222222222222, "support": 12}, "6": {"precision": 0.0, "recall": 0.0, "f1-score": 0.0, "support": 7}, "7": {"precision": 0.0, "recall": 0.0, "f1-score": 0.0, "support": 2}, "8": {"precision": 0.0, "recall": 0.0, "f1-score": 0.0, "support": 3}, "9": {"precision": 0.125, "recall": 0.07692307692307693, "f1-score": 0.09523809523809525, "support": 13}, "10": {"precision": 0.35294117647058826, "recall": 0.46153846153846156, "f1-score": 0.4000000000000001, "support": 13}, "11": {"precision": 0.0, "recall": 0.0, "f1-score": 0.0, "support": 10}, "12": {"precision": 0.0, "recall": 0.0, "f1-score": 0.0, "support": 11}, "13": {"precision": 0.14285714285714285, "recall": 0.07142857142857142, "f1-score": 0.09523809523809523, "support": 14}, "14": {"precision": 0.3333333333333333, "recall": 0.07692307692307693, "f1-score": 0.125, "support": 13}, "15": {"precision": 0.2, "recall": 0.13333333333333333, "f1-score": 0.16, "support": 15}, "16": {"precision": 0.15789473684210525, "recall": 0.6, "f1-score": 0.25, "support": 5}, "27": {"precision": 0.2727272727272727, "recall": 1.0, "f1-score": 0.42857142857142855, "support": 3}, "28": {"precision": 0.875, "recall": 0.5, "f1-score": 0.6363636363636364, "support": 14}, "29": {"precision": 0.75, "recall": 0.75, "f1-score": 0.75, "support": 4}, "32": {"precision": 0.8125, "recall": 0.325, "f1-score": 0.46428571428571436, "support": 40}, "38": {"precision": 1.0, "recall": 0.8571428571428571, "f1-score": 0.923076923076923, "support": 7}, "39": {"precision": 0.5, "recall": 1.0, "f1-score": 0.6666666666666666, "support": 1}, "43": {"precision": 0.0, "recall": 0.0, "f1-score": 0.0, "support": 4}, "45": {"precision": 0.25, "recall": 0.4117647058823529, "f1-score": 0.3111111111111111, "support": 17}, "47": {"precision": 0.6666666666666666, "recall": 1.0, "f1-score": 0.8, "support": 4}, "52": {"precision": 0.2, "recall": 1.0, "f1-score": 0.33333333333333337, "support": 1}, "53": {"precision": 0.75, "recall": 0.8571428571428571, "f1-score": 0.7999999999999999, "support": 7}, "56": {"precision": 0.42857142857142855, "recall": 0.6, "f1-score": 0.5, "support": 10}, "60": {"precision": 0.0, "recall": 0.0, "f1-score": 0.0, "support": 1}, "61": {"precision": 1.0, "recall": 0.5, "f1-score": 0.6666666666666666, "support": 2}, "62": {"precision": 0.625, "recall": 1.0, "f1-score": 0.7692307692307693, "support": 5}, "63": {"precision": 1.0, "recall": 0.8, "f1-score": 0.888888888888889, "support": 5}, "65": {"precision": 1.0, "recall": 0.22950819672131148, "f1-score": 0.37333333333333335, "support": 61}, "68": {"precision": 0.0, "recall": 0.0, "f1-score": 0.0, "support": 0}, "70": {"precision": 0.15, "recall": 1.0, "f1-score": 0.2608695652173913, "support": 3}, "72": {"precision": 0.0, "recall": 0.0, "f1-score": 0.0, "support": 0}, "75": {"precision": 1.0, "recall": 1.0, "f1-score": 1.0, "support": 2}, "78": {"precision": 0.25, "recall": 1.0, "f1-score": 0.4, "support": 2}, "81": {"precision": 0.2, "recall": 0.4, "f1-score": 0.26666666666666666, "support": 5}, "86": {"precision": 0.0, "recall": 0.0, "f1-score": 0.0, "support": 2}, "87": {"precision": 0.2, "recall": 1.0, "f1-score": 0.33333333333333337, "support": 1}, "89": {"precision": 0.4827586206896552, "recall": 0.7777777777777778, "f1-score": 0.5957446808510638, "support": 18}, "90": {"precision": 0.3333333333333333, "recall": 1.0, "f1-score": 0.5, "support": 1}, "92": {"precision": 0.7083333333333334, "recall": 1.0, "f1-score": 0.8292682926829268, "support": 17}, "93": {"precision": 1.0, "recall": 0.9090909090909091, "f1-score": 0.9523809523809523, "support": 11}, "94": {"precision": 0.8, "recall": 0.23529411764705882, "f1-score": 0.3636363636363636, "support": 34}, "95": {"precision": 1.0, "recall": 1.0, "f1-score": 1.0, "support": 1}, "96": {"precision": 0.9444444444444444, "recall": 0.7727272727272727, "f1-score": 0.85, "support": 22}, "accuracy": 0.41163793103448276, "macro avg": {"precision": 0.41461476314349405, "recall": 0.4962252991576196, "f1-score": 0.3987611833949567, "support": 464}, "weighted avg": {"precision": 0.566138628764443, "recall": 0.41163793103448276, "f1-score": 0.41664616887999545, "support": 464}}