{"0": {"precision": 0.17647058823529413, "recall": 0.3, "f1-score": 0.22222222222222224, "support": 10}, "1": {"precision": 0.18181818181818182, "recall": 0.2857142857142857, "f1-score": 0.2222222222222222, "support": 7}, "2": {"precision": 0.05, "recall": 0.25, "f1-score": 0.08333333333333334, "support": 4}, "3": {"precision": 0.0196078431372549, "recall": 0.07692307692307693, "f1-score": 0.03125, "support": 13}, "4": {"precision": 0.0, "recall": 0.0, "f1-score": 0.0, "support": 7}, "5": {"precision": 0.02702702702702703, "recall": 0.08333333333333333, "f1-score": 0.04081632653061225, "support": 12}, "6": {"precision": 0.0, "recall": 0.0, "f1-score": 0.0, "support": 15}, "7": {"precision": 0.0, "recall": 0.0, "f1-score": 0.0, "support": 4}, "8": {"precision": 0.0, "recall": 0.0, "f1-score": 0.0, "support": 2}, "9": {"precision": 0.0, "recall": 0.0, "f1-score": 0.0, "support": 12}, "10": {"precision": 0.0, "recall": 0.0, "f1-score": 0.0, "support": 14}, "11": {"precision": 0.0, "recall": 0.0, "f1-score": 0.0, "support": 9}, "12": {"precision": 1.0, "recall": 0.2222222222222222, "f1-score": 0.3636363636363636, "support": 9}, "13": {"precision": 0.0, "recall": 0.0, "f1-score": 0.0, "support": 10}, "14": {"precision": 0.0, "recall": 0.0, "f1-score": 0.0, "support": 9}, "15": {"precision": 0.0, "recall": 0.0, "f1-score": 0.0, "support": 10}, "16": {"precision": 0.25, "recall": 0.5, "f1-score": 0.3333333333333333, "support": 6}, "27": {"precision": 0.6153846153846154, "recall": 1.0, "f1-score": 0.761904761904762, "support": 8}, "28": {"precision": 1.0, "recall": 0.42857142857142855, "f1-score": 0.6, "support": 14}, "29": {"precision": 1.0, "recall": 0.2857142857142857, "f1-score": 0.4444444444444445, "support": 7}, "32": {"precision": 1.0, "recall": 0.08333333333333333, "f1-score": 0.15384615384615385, "support": 36}, "33": {"precision": 1.0, "recall": 1.0, "f1-score": 1.0, "support": 1}, "37": {"precision": 0.0, "recall": 0.0, "f1-score": 0.0, "support": 0}, "38": {"precision": 0.7142857142857143, "recall": 1.0, "f1-score": 0.8333333333333333, "support": 5}, "39": {"precision": 0.4444444444444444, "recall": 1.0, "f1-score": 0.6153846153846153, "support": 4}, "43": {"precision": 0.3333333333333333, "recall": 0.4, "f1-score": 0.3636363636363636, "support": 5}, "45": {"precision": 0.3103448275862069, "recall": 0.36, "f1-score": 0.3333333333333333, "support": 25}, "47": {"precision": 0.5, "recall": 0.2857142857142857, "f1-score": 0.36363636363636365, "support": 7}, "52": {"precision": 0.14285714285714285, "recall": 1.0, "f1-score": 0.25, "support": 1}, "53": {"precision": 1.0, "recall": 0.8888888888888888, "f1-score": 0.9411764705882353, "support": 9}, "56": {"precision": 0.0, "recall": 0.0, "f1-score": 0.0, "support": 12}, "60": {"precision": 0.16666666666666666, "recall": 0.6666666666666666, "f1-score": 0.26666666666666666, "support": 3}, "61": {"precision": 0.0, "recall": 0.0, "f1-score": 0.0, "support": 2}, "62": {"precision": 0.25, "recall": 0.3333333333333333, "f1-score": 0.28571428571428575, "support": 6}, "63": {"precision": 0.0, "recall": 0.0, "f1-score": 0.0, "support": 2}, "65": {"precision": 1.0, "recall": 0.2978723404255319, "f1-score": 0.45901639344262296, "support": 47}, "68": {"precision": 0.0, "recall": 0.0, "f1-score": 0.0, "support": 0}, "70": {"precision": 0.09090909090909091, "recall": 1.0, "f1-score": 0.16666666666666669, "support": 1}, "72": {"precision": 0.1111111111111111, "recall": 1.0, "f1-score": 0.19999999999999998, "support": 1}, "75": {"precision": 0.2727272727272727, "recall": 1.0, "f1-score": 0.42857142857142855, "support": 3}, "78": {"precision": 1.0, "recall": 1.0, "f1-score": 1.0, "support": 1}, "80": {"precision": 0.0, "recall": 0.0, "f1-score": 0.0, "support": 0}, "81": {"precision": 0.0, "recall": 0.0, "f1-score": 0.0, "support": 5}, "86": {"precision": 0.0, "recall": 0.0, "f1-score": 0.0, "support": 0}, "87": {"precision": 0.0, "recall": 0.0, "f1-score": 0.0, "support": 0}, "89": {"precision": 0.875, "recall": 0.5833333333333334, "f1-score": 0.7000000000000001, "support": 12}, "90": {"precision": 0.0, "recall": 0.0, "f1-score": 0.0, "support": 0}, "92": {"precision": 0.7857142857142857, "recall": 0.5, "f1-score": 0.6111111111111112, "support": 22}, "93": {"precision": 0.75, "recall": 1.0, "f1-score": 0.8571428571428571, "support": 9}, "94": {"precision": 0.8571428571428571, "recall": 0.13953488372093023, "f1-score": 0.24, "support": 43}, "96": {"precision": 1.0, "recall": 0.15, "f1-score": 0.2608695652173913, "support": 20}, "accuracy": 0.2672413793103448, "macro avg": {"precision": 0.3318597059290294, "recall": 0.33570893525284184, "f1-score": 0.2633974238415436, "support": 464}, "weighted avg": {"precision": 0.5324787637385997, "recall": 0.2672413793103448, "f1-score": 0.2894547774332615, "support": 464}}