{"0": {"precision": 0.75, "recall": 0.6428571428571429, "f1-score": 0.6923076923076924, "support": 14}, "1": {"precision": 0.3, "recall": 0.375, "f1-score": 0.33333333333333326, "support": 8}, "2": {"precision": 0.05555555555555555, "recall": 0.3333333333333333, "f1-score": 0.09523809523809525, "support": 3}, "3": {"precision": 0.4375, "recall": 0.4666666666666667, "f1-score": 0.45161290322580644, "support": 15}, "4": {"precision": 0.11764705882352941, "recall": 0.2, "f1-score": 0.14814814814814817, "support": 10}, "5": {"precision": 0.07692307692307693, "recall": 0.08333333333333333, "f1-score": 0.08, "support": 12}, "6": {"precision": 0.0, "recall": 0.0, "f1-score": 0.0, "support": 15}, "7": {"precision": 0.1, "recall": 0.3333333333333333, "f1-score": 0.15384615384615383, "support": 3}, "8": {"precision": 0.0, "recall": 0.0, "f1-score": 0.0, "support": 0}, "9": {"precision": 0.11538461538461539, "recall": 0.21428571428571427, "f1-score": 0.15, "support": 14}, "10": {"precision": 0.0, "recall": 0.0, "f1-score": 0.0, "support": 7}, "11": {"precision": 0.08333333333333333, "recall": 0.15384615384615385, "f1-score": 0.10810810810810811, "support": 13}, "12": {"precision": 0.08333333333333333, "recall": 0.07142857142857142, "f1-score": 0.07692307692307691, "support": 14}, "13": {"precision": 0.0, "recall": 0.0, "f1-score": 0.0, "support": 8}, "14": {"precision": 0.25, "recall": 0.1, "f1-score": 0.14285714285714288, "support": 10}, "15": {"precision": 0.3333333333333333, "recall": 0.07142857142857142, "f1-score": 0.11764705882352941, "support": 14}, "16": {"precision": 0.07142857142857142, "recall": 0.3333333333333333, "f1-score": 0.11764705882352941, "support": 3}, "27": {"precision": 0.5, "recall": 1.0, "f1-score": 0.6666666666666666, "support": 3}, "28": {"precision": 0.6470588235294118, "recall": 0.6470588235294118, "f1-score": 0.6470588235294118, "support": 17}, "29": {"precision": 1.0, "recall": 1.0, "f1-score": 1.0, "support": 3}, "32": {"precision": 0.95, "recall": 0.5, "f1-score": 0.6551724137931034, "support": 38}, "38": {"precision": 1.0, "recall": 1.0, "f1-score": 1.0, "support": 5}, "39": {"precision": 1.0, "recall": 1.0, "f1-score": 1.0, "support": 2}, "43": {"precision": 0.8, "recall": 1.0, "f1-score": 0.888888888888889, "support": 4}, "45": {"precision": 0.2222222222222222, "recall": 0.23529411764705882, "f1-score": 0.22857142857142856, "support": 17}, "47": {"precision": 0.25, "recall": 0.5, "f1-score": 0.3333333333333333, "support": 2}, "52": {"precision": 0.0, "recall": 0.0, "f1-score": 0.0, "support": 1}, "53": {"precision": 1.0, "recall": 1.0, "f1-score": 1.0, "support": 7}, "56": {"precision": 0.5, "recall": 0.1, "f1-score": 0.16666666666666669, "support": 10}, "60": {"precision": 0.5, "recall": 0.75, "f1-score": 0.6, "support": 4}, "61": {"precision": 1.0, "recall": 0.6666666666666666, "f1-score": 0.8, "support": 3}, "62": {"precision": 0.5, "recall": 0.3, "f1-score": 0.37499999999999994, "support": 10}, "63": {"precision": 0.2, "recall": 1.0, "f1-score": 0.33333333333333337, "support": 2}, "65": {"precision": 0.9629629629629629, "recall": 0.5, "f1-score": 0.6582278481012659, "support": 52}, "68": {"precision": 0.3333333333333333, "recall": 1.0, "f1-score": 0.5, "support": 1}, "70": {"precision": 0.0, "recall": 0.0, "f1-score": 0.0, "support": 1}, "72": {"precision": 0.0, "recall": 0.0, "f1-score": 0.0, "support": 0}, "75": {"precision": 0.2, "recall": 1.0, "f1-score": 0.33333333333333337, "support": 1}, "78": {"precision": 1.0, "recall": 0.8, "f1-score": 0.888888888888889, "support": 5}, "80": {"precision": 0.0, "recall": 0.0, "f1-score": 0.0, "support": 1}, "81": {"precision": 0.3125, "recall": 0.7142857142857143, "f1-score": 0.43478260869565216, "support": 7}, "86": {"precision": 0.0, "recall": 0.0, "f1-score": 0.0, "support": 0}, "89": {"precision": 0.6666666666666666, "recall": 0.7368421052631579, "f1-score": 0.7, "support": 19}, "90": {"precision": 1.0, "recall": 1.0, "f1-score": 1.0, "support": 1}, "92": {"precision": 0.8181818181818182, "recall": 0.6428571428571429, "f1-score": 0.7200000000000001, "support": 14}, "93": {"precision": 0.88, "recall": 1.0, "f1-score": 0.9361702127659575, "support": 22}, "94": {"precision": 0.75, "recall": 0.25, "f1-score": 0.375, "support": 24}, "96": {"precision": 0.9565217391304348, "recall": 0.88, "f1-score": 0.9166666666666666, "support": 25}, "accuracy": 0.46120689655172414, "macro avg": {"precision": 0.4317476342529624, "recall": 0.4708718900853189, "f1-score": 0.4130297892681087, "support": 464}, "weighted avg": {"precision": 0.5731508447391682, "recall": 0.46120689655172414, "f1-score": 0.48203047219791867, "support": 464}}