{"0": {"precision": 0.625, "recall": 0.5, "f1-score": 0.5555555555555556, "support": 10}, "1": {"precision": 0.0784313725490196, "recall": 0.5, "f1-score": 0.13559322033898305, "support": 8}, "2": {"precision": 0.07058823529411765, "recall": 1.0, "f1-score": 0.13186813186813187, "support": 6}, "3": {"precision": 0.0, "recall": 0.0, "f1-score": 0.0, "support": 8}, "4": {"precision": 0.3333333333333333, "recall": 0.4444444444444444, "f1-score": 0.380952380952381, "support": 9}, "5": {"precision": 0.0, "recall": 0.0, "f1-score": 0.0, "support": 12}, "6": {"precision": 0.0, "recall": 0.0, "f1-score": 0.0, "support": 7}, "7": {"precision": 0.0, "recall": 0.0, "f1-score": 0.0, "support": 2}, "8": {"precision": 0.0, "recall": 0.0, "f1-score": 0.0, "support": 3}, "9": {"precision": 0.0, "recall": 0.0, "f1-score": 0.0, "support": 13}, "10": {"precision": 0.0, "recall": 0.0, "f1-score": 0.0, "support": 13}, "11": {"precision": 0.0, "recall": 0.0, "f1-score": 0.0, "support": 10}, "12": {"precision": 0.3076923076923077, "recall": 0.36363636363636365, "f1-score": 0.33333333333333337, "support": 11}, "13": {"precision": 0.0, "recall": 0.0, "f1-score": 0.0, "support": 14}, "14": {"precision": 0.0, "recall": 0.0, "f1-score": 0.0, "support": 13}, "15": {"precision": 0.0, "recall": 0.0, "f1-score": 0.0, "support": 15}, "16": {"precision": 0.11538461538461539, "recall": 0.6, "f1-score": 0.1935483870967742, "support": 5}, "27": {"precision": 0.6, "recall": 1.0, "f1-score": 0.7499999999999999, "support": 3}, "28": {"precision": 0.7272727272727273, "recall": 0.5714285714285714, "f1-score": 0.64, "support": 14}, "29": {"precision": 0.3333333333333333, "recall": 0.75, "f1-score": 0.46153846153846156, "support": 4}, "32": {"precision": 0.875, "recall": 0.175, "f1-score": 0.29166666666666663, "support": 40}, "38": {"precision": 0.75, "recall": 0.8571428571428571, "f1-score": 0.7999999999999999, "support": 7}, "39": {"precision": 1.0, "recall": 1.0, "f1-score": 1.0, "support": 1}, "43": {"precision": 0.0, "recall": 0.0, "f1-score": 0.0, "support": 4}, "45": {"precision": 0.35, "recall": 0.4117647058823529, "f1-score": 0.37837837837837834, "support": 17}, "47": {"precision": 0.8, "recall": 1.0, "f1-score": 0.888888888888889, "support": 4}, "52": {"precision": 0.2, "recall": 1.0, "f1-score": 0.33333333333333337, "support": 1}, "53": {"precision": 0.8571428571428571, "recall": 0.8571428571428571, "f1-score": 0.8571428571428571, "support": 7}, "56": {"precision": 0.0, "recall": 0.0, "f1-score": 0.0, "support": 10}, "60": {"precision": 0.0, "recall": 0.0, "f1-score": 0.0, "support": 1}, "61": {"precision": 0.5, "recall": 0.5, "f1-score": 0.5, "support": 2}, "62": {"precision": 1.0, "recall": 0.8, "f1-score": 0.888888888888889, "support": 5}, "63": {"precision": 0.4444444444444444, "recall": 0.8, "f1-score": 0.5714285714285714, "support": 5}, "65": {"precision": 1.0, "recall": 0.2459016393442623, "f1-score": 0.3947368421052631, "support": 61}, "68": {"precision": 0.0, "recall": 0.0, "f1-score": 0.0, "support": 0}, "70": {"precision": 0.125, "recall": 0.6666666666666666, "f1-score": 0.21052631578947367, "support": 3}, "72": {"precision": 0.0, "recall": 0.0, "f1-score": 0.0, "support": 0}, "75": {"precision": 0.15384615384615385, "recall": 1.0, "f1-score": 0.2666666666666667, "support": 2}, "78": {"precision": 0.5, "recall": 1.0, "f1-score": 0.6666666666666666, "support": 2}, "81": {"precision": 0.2857142857142857, "recall": 0.4, "f1-score": 0.3333333333333333, "support": 5}, "86": {"precision": 0.0, "recall": 0.0, "f1-score": 0.0, "support": 2}, "87": {"precision": 0.0, "recall": 0.0, "f1-score": 0.0, "support": 1}, "89": {"precision": 0.6, "recall": 0.6666666666666666, "f1-score": 0.631578947368421, "support": 18}, "90": {"precision": 0.14285714285714285, "recall": 1.0, "f1-score": 0.25, "support": 1}, "92": {"precision": 0.7727272727272727, "recall": 1.0, "f1-score": 0.8717948717948718, "support": 17}, "93": {"precision": 0.6470588235294118, "recall": 1.0, "f1-score": 0.7857142857142858, "support": 11}, "94": {"precision": 0.8181818181818182, "recall": 0.2647058823529412, "f1-score": 0.39999999999999997, "support": 34}, "95": {"precision": 0.5, "recall": 1.0, "f1-score": 0.6666666666666666, "support": 1}, "96": {"precision": 0.9090909090909091, "recall": 0.9090909090909091, "f1-score": 0.9090909090909091, "support": 22}, "accuracy": 0.3771551724137931, "macro avg": {"precision": 0.3351448904570153, "recall": 0.45476717477140594, "f1-score": 0.33630392980832174, "support": 464}, "weighted avg": {"precision": 0.508677168068015, "recall": 0.3771551724137931, "f1-score": 0.3642942599304274, "support": 464}}