{"0": {"precision": 0.4, "recall": 1.0, "f1-score": 0.5714285714285715, "support": 10}, "1": {"precision": 0.06451612903225806, "recall": 0.2857142857142857, "f1-score": 0.10526315789473685, "support": 7}, "2": {"precision": 0.0, "recall": 0.0, "f1-score": 0.0, "support": 4}, "3": {"precision": 0.1, "recall": 0.15384615384615385, "f1-score": 0.12121212121212123, "support": 13}, "4": {"precision": 0.2857142857142857, "recall": 0.2857142857142857, "f1-score": 0.2857142857142857, "support": 7}, "5": {"precision": 0.03333333333333333, "recall": 0.08333333333333333, "f1-score": 0.04761904761904761, "support": 12}, "6": {"precision": 0.0, "recall": 0.0, "f1-score": 0.0, "support": 15}, "7": {"precision": 0.0, "recall": 0.0, "f1-score": 0.0, "support": 4}, "8": {"precision": 0.0, "recall": 0.0, "f1-score": 0.0, "support": 2}, "9": {"precision": 0.0, "recall": 0.0, "f1-score": 0.0, "support": 12}, "10": {"precision": 0.0, "recall": 0.0, "f1-score": 0.0, "support": 14}, "11": {"precision": 0.0, "recall": 0.0, "f1-score": 0.0, "support": 9}, "12": {"precision": 0.0, "recall": 0.0, "f1-score": 0.0, "support": 9}, "13": {"precision": 0.0, "recall": 0.0, "f1-score": 0.0, "support": 10}, "14": {"precision": 0.0, "recall": 0.0, "f1-score": 0.0, "support": 9}, "15": {"precision": 0.0, "recall": 0.0, "f1-score": 0.0, "support": 10}, "16": {"precision": 0.21052631578947367, "recall": 0.6666666666666666, "f1-score": 0.32, "support": 6}, "27": {"precision": 1.0, "recall": 1.0, "f1-score": 1.0, "support": 8}, "28": {"precision": 0.8, "recall": 0.5714285714285714, "f1-score": 0.6666666666666666, "support": 14}, "29": {"precision": 0.625, "recall": 0.7142857142857143, "f1-score": 0.6666666666666666, "support": 7}, "32": {"precision": 0.75, "recall": 0.6666666666666666, "f1-score": 0.7058823529411765, "support": 36}, "33": {"precision": 0.0, "recall": 0.0, "f1-score": 0.0, "support": 1}, "38": {"precision": 1.0, "recall": 1.0, "f1-score": 1.0, "support": 5}, "39": {"precision": 0.8, "recall": 1.0, "f1-score": 0.888888888888889, "support": 4}, "43": {"precision": 0.8, "recall": 0.8, "f1-score": 0.8000000000000002, "support": 5}, "45": {"precision": 0.53125, "recall": 0.68, "f1-score": 0.5964912280701754, "support": 25}, "47": {"precision": 1.0, "recall": 0.7142857142857143, "f1-score": 0.8333333333333333, "support": 7}, "52": {"precision": 0.0, "recall": 0.0, "f1-score": 0.0, "support": 1}, "53": {"precision": 1.0, "recall": 0.8888888888888888, "f1-score": 0.9411764705882353, "support": 9}, "56": {"precision": 1.0, "recall": 0.08333333333333333, "f1-score": 0.15384615384615385, "support": 12}, "60": {"precision": 0.2727272727272727, "recall": 1.0, "f1-score": 0.42857142857142855, "support": 3}, "61": {"precision": 0.0, "recall": 0.0, "f1-score": 0.0, "support": 2}, "62": {"precision": 1.0, "recall": 0.3333333333333333, "f1-score": 0.5, "support": 6}, "63": {"precision": 0.25, "recall": 0.5, "f1-score": 0.3333333333333333, "support": 2}, "65": {"precision": 1.0, "recall": 0.3829787234042553, "f1-score": 0.5538461538461539, "support": 47}, "68": {"precision": 0.0, "recall": 0.0, "f1-score": 0.0, "support": 0}, "70": {"precision": 0.1111111111111111, "recall": 1.0, "f1-score": 0.19999999999999998, "support": 1}, "72": {"precision": 0.5, "recall": 1.0, "f1-score": 0.6666666666666666, "support": 1}, "75": {"precision": 1.0, "recall": 1.0, "f1-score": 1.0, "support": 3}, "78": {"precision": 0.2, "recall": 1.0, "f1-score": 0.33333333333333337, "support": 1}, "81": {"precision": 0.4, "recall": 0.4, "f1-score": 0.4000000000000001, "support": 5}, "87": {"precision": 0.0, "recall": 0.0, "f1-score": 0.0, "support": 0}, "89": {"precision": 0.8571428571428571, "recall": 0.5, "f1-score": 0.631578947368421, "support": 12}, "90": {"precision": 0.0, "recall": 0.0, "f1-score": 0.0, "support": 0}, "92": {"precision": 0.9166666666666666, "recall": 1.0, "f1-score": 0.9565217391304348, "support": 22}, "93": {"precision": 0.6923076923076923, "recall": 1.0, "f1-score": 0.8181818181818181, "support": 9}, "94": {"precision": 0.9523809523809523, "recall": 0.46511627906976744, "f1-score": 0.625, "support": 43}, "95": {"precision": 0.0, "recall": 0.0, "f1-score": 0.0, "support": 0}, "96": {"precision": 1.0, "recall": 1.0, "f1-score": 1.0, "support": 20}, "accuracy": 0.47198275862068967, "macro avg": {"precision": 0.39903421665726335, "recall": 0.4321549377545096, "f1-score": 0.37043310949595204, "support": 464}, "weighted avg": {"precision": 0.5845600104801438, "recall": 0.47198275862068967, "f1-score": 0.4818797468120384, "support": 464}}