{"0": {"precision": 1.0, "recall": 1.0, "f1-score": 1.0, "support": 19}, "1": {"precision": 0.5555555555555556, "recall": 0.7894736842105263, "f1-score": 0.6521739130434783, "support": 19}, "2": {"precision": 1.0, "recall": 0.8666666666666667, "f1-score": 0.9285714285714286, "support": 15}, "3": {"precision": 1.0, "recall": 0.9629629629629629, "f1-score": 0.9811320754716981, "support": 54}, "4": {"precision": 0.9375, "recall": 0.4838709677419355, "f1-score": 0.6382978723404255, "support": 31}, "5": {"precision": 1.0, "recall": 0.75, "f1-score": 0.8571428571428571, "support": 20}, "6": {"precision": 1.0, "recall": 1.0, "f1-score": 1.0, "support": 14}, "7": {"precision": 0.2727272727272727, "recall": 1.0, "f1-score": 0.42857142857142855, "support": 3}, "8": {"precision": 0.0, "recall": 0.0, "f1-score": 0.0, "support": 1}, "9": {"precision": 0.38235294117647056, "recall": 0.8125, "f1-score": 0.52, "support": 16}, "10": {"precision": 0.2, "recall": 0.45454545454545453, "f1-score": 0.2777777777777778, "support": 11}, "11": {"precision": 1.0, "recall": 1.0, "f1-score": 1.0, "support": 15}, "12": {"precision": 1.0, "recall": 1.0, "f1-score": 1.0, "support": 18}, "13": {"precision": 1.0, "recall": 0.05263157894736842, "f1-score": 0.1, "support": 19}, "14": {"precision": 0.0, "recall": 0.0, "f1-score": 0.0, "support": 4}, "15": {"precision": 0.0, "recall": 0.0, "f1-score": 0.0, "support": 3}, "16": {"precision": 0.6, "recall": 1.0, "f1-score": 0.7499999999999999, "support": 3}, "17": {"precision": 1.0, "recall": 1.0, "f1-score": 1.0, "support": 14}, "accuracy": 0.7706093189964157, "macro avg": {"precision": 0.6637853205255166, "recall": 0.6762584063930509, "f1-score": 0.6185370751621719, "support": 279}, "weighted avg": {"precision": 0.8550318438443044, "recall": 0.7706093189964157, "f1-score": 0.7635927199948006, "support": 279}}