{"0": {"precision": 0.25, "recall": 0.1111111111111111, "f1-score": 0.15384615384615383, "support": 9}, "1": {"precision": 0.05128205128205128, "recall": 0.4444444444444444, "f1-score": 0.09195402298850575, "support": 9}, "2": {"precision": 0.038461538461538464, "recall": 0.5, "f1-score": 0.07142857142857144, "support": 4}, "3": {"precision": 0.0, "recall": 0.0, "f1-score": 0.0, "support": 12}, "4": {"precision": 0.3333333333333333, "recall": 0.7142857142857143, "f1-score": 0.4545454545454545, "support": 14}, "5": {"precision": 1.0, "recall": 0.1111111111111111, "f1-score": 0.19999999999999998, "support": 9}, "6": {"precision": 0.0, "recall": 0.0, "f1-score": 0.0, "support": 12}, "7": {"precision": 0.0, "recall": 0.0, "f1-score": 0.0, "support": 3}, "8": {"precision": 0.0, "recall": 0.0, "f1-score": 0.0, "support": 5}, "9": {"precision": 0.0, "recall": 0.0, "f1-score": 0.0, "support": 16}, "10": {"precision": 0.0, "recall": 0.0, "f1-score": 0.0, "support": 14}, "11": {"precision": 0.16666666666666666, "recall": 0.4, "f1-score": 0.23529411764705882, "support": 5}, "12": {"precision": 0.0, "recall": 0.0, "f1-score": 0.0, "support": 11}, "13": {"precision": 0.0, "recall": 0.0, "f1-score": 0.0, "support": 13}, "14": {"precision": 0.0, "recall": 0.0, "f1-score": 0.0, "support": 11}, "15": {"precision": 0.0, "recall": 0.0, "f1-score": 0.0, "support": 13}, "16": {"precision": 0.16666666666666666, "recall": 0.3333333333333333, "f1-score": 0.2222222222222222, "support": 6}, "27": {"precision": 1.0, "recall": 1.0, "f1-score": 1.0, "support": 4}, "28": {"precision": 1.0, "recall": 0.8421052631578947, "f1-score": 0.9142857142857143, "support": 19}, "29": {"precision": 0.4, "recall": 0.8, "f1-score": 0.5333333333333333, "support": 5}, "32": {"precision": 1.0, "recall": 0.4, "f1-score": 0.5714285714285715, "support": 45}, "37": {"precision": 0.0, "recall": 0.0, "f1-score": 0.0, "support": 1}, "38": {"precision": 0.6153846153846154, "recall": 1.0, "f1-score": 0.761904761904762, "support": 8}, "39": {"precision": 1.0, "recall": 1.0, "f1-score": 1.0, "support": 2}, "43": {"precision": 0.14285714285714285, "recall": 0.2857142857142857, "f1-score": 0.19047619047619047, "support": 7}, "45": {"precision": 0.2631578947368421, "recall": 0.3125, "f1-score": 0.2857142857142857, "support": 16}, "47": {"precision": 0.6666666666666666, "recall": 0.6666666666666666, "f1-score": 0.6666666666666666, "support": 3}, "52": {"precision": 0.25, "recall": 1.0, "f1-score": 0.4, "support": 1}, "53": {"precision": 0.7142857142857143, "recall": 1.0, "f1-score": 0.8333333333333333, "support": 5}, "56": {"precision": 0.0, "recall": 0.0, "f1-score": 0.0, "support": 13}, "60": {"precision": 0.0, "recall": 0.0, "f1-score": 0.0, "support": 1}, "61": {"precision": 0.0, "recall": 0.0, "f1-score": 0.0, "support": 2}, "62": {"precision": 1.0, "recall": 0.4, "f1-score": 0.5714285714285715, "support": 10}, "63": {"precision": 0.0, "recall": 0.0, "f1-score": 0.0, "support": 4}, "65": {"precision": 0.972972972972973, "recall": 0.5454545454545454, "f1-score": 0.6990291262135921, "support": 66}, "68": {"precision": 0.0, "recall": 0.0, "f1-score": 0.0, "support": 1}, "70": {"precision": 0.07692307692307693, "recall": 1.0, "f1-score": 0.14285714285714288, "support": 1}, "72": {"precision": 0.25, "recall": 1.0, "f1-score": 0.4, "support": 1}, "75": {"precision": 1.0, "recall": 1.0, "f1-score": 1.0, "support": 1}, "78": {"precision": 1.0, "recall": 1.0, "f1-score": 1.0, "support": 3}, "80": {"precision": 0.3333333333333333, "recall": 1.0, "f1-score": 0.5, "support": 1}, "81": {"precision": 0.4, "recall": 0.8, "f1-score": 0.5333333333333333, "support": 5}, "87": {"precision": 0.0, "recall": 0.0, "f1-score": 0.0, "support": 1}, "89": {"precision": 0.6363636363636364, "recall": 0.5384615384615384, "f1-score": 0.5833333333333334, "support": 13}, "90": {"precision": 0.0, "recall": 0.0, "f1-score": 0.0, "support": 0}, "92": {"precision": 0.9, "recall": 0.9, "f1-score": 0.9, "support": 10}, "93": {"precision": 1.0, "recall": 1.0, "f1-score": 1.0, "support": 9}, "94": {"precision": 1.0, "recall": 0.43478260869565216, "f1-score": 0.6060606060606061, "support": 23}, "95": {"precision": 0.2, "recall": 1.0, "f1-score": 0.33333333333333337, "support": 1}, "96": {"precision": 1.0, "recall": 1.0, "f1-score": 1.0, "support": 16}, "accuracy": 0.41379310344827586, "macro avg": {"precision": 0.3765671061986851, "recall": 0.450799412448726, "f1-score": 0.3571161769276147, "support": 464}, "weighted avg": {"precision": 0.5445465869070678, "recall": 0.41379310344827586, "f1-score": 0.428677147072082, "support": 464}}