{"0": {"precision": 1.0, "recall": 0.6, "f1-score": 0.7499999999999999, "support": 10}, "1": {"precision": 0.11538461538461539, "recall": 0.375, "f1-score": 0.1764705882352941, "support": 8}, "2": {"precision": 0.3, "recall": 0.5, "f1-score": 0.37499999999999994, "support": 6}, "3": {"precision": 0.125, "recall": 0.125, "f1-score": 0.125, "support": 8}, "4": {"precision": 0.3333333333333333, "recall": 0.4444444444444444, "f1-score": 0.380952380952381, "support": 9}, "5": {"precision": 0.16666666666666666, "recall": 0.08333333333333333, "f1-score": 0.1111111111111111, "support": 12}, "6": {"precision": 0.1111111111111111, "recall": 0.14285714285714285, "f1-score": 0.125, "support": 7}, "7": {"precision": 0.0, "recall": 0.0, "f1-score": 0.0, "support": 2}, "8": {"precision": 0.0, "recall": 0.0, "f1-score": 0.0, "support": 3}, "9": {"precision": 0.07692307692307693, "recall": 0.07692307692307693, "f1-score": 0.07692307692307693, "support": 13}, "10": {"precision": 0.2777777777777778, "recall": 0.38461538461538464, "f1-score": 0.3225806451612903, "support": 13}, "11": {"precision": 0.09090909090909091, "recall": 0.1, "f1-score": 0.09523809523809525, "support": 10}, "12": {"precision": 0.0, "recall": 0.0, "f1-score": 0.0, "support": 11}, "13": {"precision": 0.0, "recall": 0.0, "f1-score": 0.0, "support": 14}, "14": {"precision": 0.0, "recall": 0.0, "f1-score": 0.0, "support": 13}, "15": {"precision": 0.25, "recall": 0.2, "f1-score": 0.22222222222222224, "support": 15}, "16": {"precision": 0.1111111111111111, "recall": 0.2, "f1-score": 0.14285714285714285, "support": 5}, "27": {"precision": 0.3333333333333333, "recall": 1.0, "f1-score": 0.5, "support": 3}, "28": {"precision": 0.6923076923076923, "recall": 0.6428571428571429, "f1-score": 0.6666666666666666, "support": 14}, "29": {"precision": 0.5, "recall": 0.75, "f1-score": 0.6, "support": 4}, "32": {"precision": 0.8571428571428571, "recall": 0.3, "f1-score": 0.4444444444444444, "support": 40}, "38": {"precision": 1.0, "recall": 0.8571428571428571, "f1-score": 0.923076923076923, "support": 7}, "39": {"precision": 1.0, "recall": 1.0, "f1-score": 1.0, "support": 1}, "43": {"precision": 0.2, "recall": 0.25, "f1-score": 0.22222222222222224, "support": 4}, "45": {"precision": 0.4, "recall": 0.8235294117647058, "f1-score": 0.5384615384615384, "support": 17}, "47": {"precision": 1.0, "recall": 1.0, "f1-score": 1.0, "support": 4}, "52": {"precision": 0.16666666666666666, "recall": 1.0, "f1-score": 0.2857142857142857, "support": 1}, "53": {"precision": 1.0, "recall": 0.8571428571428571, "f1-score": 0.923076923076923, "support": 7}, "56": {"precision": 0.16666666666666666, "recall": 0.1, "f1-score": 0.125, "support": 10}, "60": {"precision": 0.0, "recall": 0.0, "f1-score": 0.0, "support": 1}, "61": {"precision": 1.0, "recall": 0.5, "f1-score": 0.6666666666666666, "support": 2}, "62": {"precision": 0.5714285714285714, "recall": 0.8, "f1-score": 0.6666666666666666, "support": 5}, "63": {"precision": 1.0, "recall": 0.8, "f1-score": 0.888888888888889, "support": 5}, "65": {"precision": 0.7619047619047619, "recall": 0.26229508196721313, "f1-score": 0.3902439024390244, "support": 61}, "70": {"precision": 0.13636363636363635, "recall": 1.0, "f1-score": 0.24000000000000002, "support": 3}, "72": {"precision": 0.0, "recall": 0.0, "f1-score": 0.0, "support": 0}, "75": {"precision": 1.0, "recall": 1.0, "f1-score": 1.0, "support": 2}, "78": {"precision": 0.6666666666666666, "recall": 1.0, "f1-score": 0.8, "support": 2}, "81": {"precision": 0.6666666666666666, "recall": 0.4, "f1-score": 0.5, "support": 5}, "86": {"precision": 0.0, "recall": 0.0, "f1-score": 0.0, "support": 2}, "87": {"precision": 1.0, "recall": 1.0, "f1-score": 1.0, "support": 1}, "89": {"precision": 0.5483870967741935, "recall": 0.9444444444444444, "f1-score": 0.6938775510204082, "support": 18}, "90": {"precision": 1.0, "recall": 1.0, "f1-score": 1.0, "support": 1}, "92": {"precision": 0.8095238095238095, "recall": 1.0, "f1-score": 0.8947368421052632, "support": 17}, "93": {"precision": 0.8461538461538461, "recall": 1.0, "f1-score": 0.9166666666666666, "support": 11}, "94": {"precision": 0.75, "recall": 0.2647058823529412, "f1-score": 0.39130434782608703, "support": 34}, "95": {"precision": 1.0, "recall": 1.0, "f1-score": 1.0, "support": 1}, "96": {"precision": 0.8571428571428571, "recall": 0.8181818181818182, "f1-score": 0.8372093023255814, "support": 22}, "accuracy": 0.43103448275862066, "macro avg": {"precision": 0.4768452481658127, "recall": 0.5125515182922368, "f1-score": 0.45871414793685145, "support": 464}, "weighted avg": {"precision": 0.5354413063916679, "recall": 0.43103448275862066, "f1-score": 0.4326453715994672, "support": 464}}