{"0": {"precision": 1.0, "recall": 0.4, "f1-score": 0.5714285714285715, "support": 10}, "1": {"precision": 0.5, "recall": 0.14285714285714285, "f1-score": 0.22222222222222224, "support": 7}, "2": {"precision": 0.14285714285714285, "recall": 0.5, "f1-score": 0.22222222222222224, "support": 4}, "3": {"precision": 0.043478260869565216, "recall": 0.07692307692307693, "f1-score": 0.05555555555555555, "support": 13}, "4": {"precision": 0.25, "recall": 0.14285714285714285, "f1-score": 0.18181818181818182, "support": 7}, "5": {"precision": 0.15789473684210525, "recall": 0.25, "f1-score": 0.1935483870967742, "support": 12}, "6": {"precision": 0.08333333333333333, "recall": 0.06666666666666667, "f1-score": 0.07407407407407407, "support": 15}, "7": {"precision": 0.0, "recall": 0.0, "f1-score": 0.0, "support": 4}, "8": {"precision": 0.0, "recall": 0.0, "f1-score": 0.0, "support": 2}, "9": {"precision": 0.375, "recall": 0.25, "f1-score": 0.3, "support": 12}, "10": {"precision": 0.14285714285714285, "recall": 0.07142857142857142, "f1-score": 0.09523809523809523, "support": 14}, "11": {"precision": 0.0, "recall": 0.0, "f1-score": 0.0, "support": 9}, "12": {"precision": 0.3333333333333333, "recall": 0.1111111111111111, "f1-score": 0.16666666666666666, "support": 9}, "13": {"precision": 0.5, "recall": 0.2, "f1-score": 0.28571428571428575, "support": 10}, "14": {"precision": 0.05555555555555555, "recall": 0.1111111111111111, "f1-score": 0.07407407407407407, "support": 9}, "15": {"precision": 0.35714285714285715, "recall": 0.5, "f1-score": 0.41666666666666663, "support": 10}, "16": {"precision": 0.3, "recall": 1.0, "f1-score": 0.4615384615384615, "support": 6}, "27": {"precision": 0.6153846153846154, "recall": 1.0, "f1-score": 0.761904761904762, "support": 8}, "28": {"precision": 0.8181818181818182, "recall": 0.6428571428571429, "f1-score": 0.7200000000000001, "support": 14}, "29": {"precision": 0.45454545454545453, "recall": 0.7142857142857143, "f1-score": 0.5555555555555556, "support": 7}, "32": {"precision": 0.6764705882352942, "recall": 0.6388888888888888, "f1-score": 0.6571428571428571, "support": 36}, "33": {"precision": 1.0, "recall": 1.0, "f1-score": 1.0, "support": 1}, "38": {"precision": 1.0, "recall": 1.0, "f1-score": 1.0, "support": 5}, "39": {"precision": 1.0, "recall": 1.0, "f1-score": 1.0, "support": 4}, "43": {"precision": 0.7142857142857143, "recall": 1.0, "f1-score": 0.8333333333333333, "support": 5}, "45": {"precision": 0.5652173913043478, "recall": 0.52, "f1-score": 0.5416666666666667, "support": 25}, "47": {"precision": 0.875, "recall": 1.0, "f1-score": 0.9333333333333333, "support": 7}, "52": {"precision": 1.0, "recall": 1.0, "f1-score": 1.0, "support": 1}, "53": {"precision": 1.0, "recall": 0.8888888888888888, "f1-score": 0.9411764705882353, "support": 9}, "56": {"precision": 0.4, "recall": 0.16666666666666666, "f1-score": 0.23529411764705882, "support": 12}, "60": {"precision": 0.75, "recall": 1.0, "f1-score": 0.8571428571428571, "support": 3}, "61": {"precision": 0.0, "recall": 0.0, "f1-score": 0.0, "support": 2}, "62": {"precision": 1.0, "recall": 0.16666666666666666, "f1-score": 0.2857142857142857, "support": 6}, "63": {"precision": 0.0, "recall": 0.0, "f1-score": 0.0, "support": 2}, "65": {"precision": 0.7037037037037037, "recall": 0.40425531914893614, "f1-score": 0.5135135135135135, "support": 47}, "68": {"precision": 0.0, "recall": 0.0, "f1-score": 0.0, "support": 0}, "70": {"precision": 0.09090909090909091, "recall": 1.0, "f1-score": 0.16666666666666669, "support": 1}, "72": {"precision": 0.16666666666666666, "recall": 1.0, "f1-score": 0.2857142857142857, "support": 1}, "75": {"precision": 1.0, "recall": 1.0, "f1-score": 1.0, "support": 3}, "78": {"precision": 1.0, "recall": 1.0, "f1-score": 1.0, "support": 1}, "80": {"precision": 0.0, "recall": 0.0, "f1-score": 0.0, "support": 0}, "81": {"precision": 0.5, "recall": 0.8, "f1-score": 0.6153846153846154, "support": 5}, "87": {"precision": 0.0, "recall": 0.0, "f1-score": 0.0, "support": 0}, "89": {"precision": 0.9, "recall": 0.75, "f1-score": 0.8181818181818182, "support": 12}, "90": {"precision": 0.0, "recall": 0.0, "f1-score": 0.0, "support": 0}, "92": {"precision": 0.8461538461538461, "recall": 1.0, "f1-score": 0.9166666666666666, "support": 22}, "93": {"precision": 0.6, "recall": 1.0, "f1-score": 0.7499999999999999, "support": 9}, "94": {"precision": 0.9230769230769231, "recall": 0.27906976744186046, "f1-score": 0.42857142857142855, "support": 43}, "96": {"precision": 0.95, "recall": 0.95, "f1-score": 0.9500000000000001, "support": 20}, "accuracy": 0.4892241379310345, "macro avg": {"precision": 0.48553159541303087, "recall": 0.5049904873020323, "f1-score": 0.4507700142457916, "support": 464}, "weighted avg": {"precision": 0.5905849107878391, "recall": 0.4892241379310345, "f1-score": 0.4975237914257781, "support": 464}}