{"0": {"precision": 1.0, "recall": 0.7368421052631579, "f1-score": 0.8484848484848484, "support": 19}, "1": {"precision": 0.4838709677419355, "recall": 0.7894736842105263, "f1-score": 0.6, "support": 19}, "2": {"precision": 1.0, "recall": 0.4666666666666667, "f1-score": 0.6363636363636364, "support": 15}, "3": {"precision": 0.5789473684210527, "recall": 0.6111111111111112, "f1-score": 0.5945945945945946, "support": 54}, "4": {"precision": 0.0, "recall": 0.0, "f1-score": 0.0, "support": 31}, "5": {"precision": 0.6666666666666666, "recall": 0.8, "f1-score": 0.7272727272727272, "support": 20}, "6": {"precision": 0.6666666666666666, "recall": 1.0, "f1-score": 0.8, "support": 14}, "7": {"precision": 0.2727272727272727, "recall": 1.0, "f1-score": 0.42857142857142855, "support": 3}, "8": {"precision": 0.0, "recall": 0.0, "f1-score": 0.0, "support": 1}, "9": {"precision": 0.41935483870967744, "recall": 0.8125, "f1-score": 0.5531914893617021, "support": 16}, "10": {"precision": 0.2777777777777778, "recall": 0.45454545454545453, "f1-score": 0.3448275862068966, "support": 11}, "11": {"precision": 0.5555555555555556, "recall": 1.0, "f1-score": 0.7142857142857143, "support": 15}, "12": {"precision": 1.0, "recall": 1.0, "f1-score": 1.0, "support": 18}, "13": {"precision": 0.0, "recall": 0.0, "f1-score": 0.0, "support": 19}, "14": {"precision": 0.0, "recall": 0.0, "f1-score": 0.0, "support": 4}, "15": {"precision": 0.0, "recall": 0.0, "f1-score": 0.0, "support": 3}, "16": {"precision": 0.2727272727272727, "recall": 1.0, "f1-score": 0.42857142857142855, "support": 3}, "17": {"precision": 0.75, "recall": 0.42857142857142855, "f1-score": 0.5454545454545454, "support": 14}, "accuracy": 0.5806451612903226, "macro avg": {"precision": 0.4413496881663265, "recall": 0.5610950250204636, "f1-score": 0.45675655550930677, "support": 279}, "weighted avg": {"precision": 0.5209975014089879, "recall": 0.5806451612903226, "f1-score": 0.5250411273131553, "support": 279}}