{"0": {"precision": 1.0, "recall": 0.9375, "f1-score": 0.967741935483871, "support": 16}, "1": {"precision": 0.5769230769230769, "recall": 0.6818181818181818, "f1-score": 0.6249999999999999, "support": 22}, "2": {"precision": 1.0, "recall": 1.0, "f1-score": 1.0, "support": 16}, "3": {"precision": 1.0, "recall": 0.9736842105263158, "f1-score": 0.9866666666666666, "support": 38}, "4": {"precision": 0.8780487804878049, "recall": 0.9473684210526315, "f1-score": 0.9113924050632912, "support": 38}, "5": {"precision": 0.9523809523809523, "recall": 0.7407407407407407, "f1-score": 0.8333333333333334, "support": 27}, "6": {"precision": 1.0, "recall": 0.9375, "f1-score": 0.967741935483871, "support": 16}, "7": {"precision": 0.5, "recall": 0.5, "f1-score": 0.5, "support": 2}, "8": {"precision": 1.0, "recall": 1.0, "f1-score": 1.0, "support": 4}, "9": {"precision": 0.4444444444444444, "recall": 0.5, "f1-score": 0.47058823529411764, "support": 16}, "10": {"precision": 0.5, "recall": 0.625, "f1-score": 0.5555555555555556, "support": 16}, "11": {"precision": 1.0, "recall": 1.0, "f1-score": 1.0, "support": 18}, "12": {"precision": 1.0, "recall": 1.0, "f1-score": 1.0, "support": 9}, "13": {"precision": 1.0, "recall": 0.7647058823529411, "f1-score": 0.8666666666666666, "support": 17}, "14": {"precision": 0.6, "recall": 1.0, "f1-score": 0.7499999999999999, "support": 3}, "15": {"precision": 0.0, "recall": 0.0, "f1-score": 0.0, "support": 2}, "16": {"precision": 1.0, "recall": 1.0, "f1-score": 1.0, "support": 4}, "17": {"precision": 1.0, "recall": 1.0, "f1-score": 1.0, "support": 15}, "accuracy": 0.8566308243727598, "macro avg": {"precision": 0.8028776252353489, "recall": 0.8115731909161562, "f1-score": 0.8019270407526319, "support": 279}, "weighted avg": {"precision": 0.8698335418503265, "recall": 0.8566308243727598, "f1-score": 0.8593032998141591, "support": 279}}