,0,1,2,3,4,mean,std,var
f1-scores_macro,0.5091728849253855,0.5447485708148384,0.5028718570179385,0.45130127569438816,0.47192704960459847,0.4960043276114298,0.032170338121534275,0.031597009327537125
precisions_macro,0.5139828447267306,0.5727125774589995,0.5325255989643621,0.46294839325149917,0.4726615885036004,0.5109662005810385,0.040148414626850634,0.033010301364798884
recalls_macro,0.5883141665910628,0.5901299626465175,0.5522384411640114,0.5093902727618509,0.5545192260843967,0.5589184138495679,0.02951366702130146,0.04076436416005605
supports_macro,464.0,464.0,464.0,464.0,464.0,464.0,0.0,30756.57142857143
f1-scores_weighted,0.5682595273222468,0.5934107313764201,0.5376733629400052,0.4689861134103341,0.5162548376790309,0.5369169145456074,0.04293250072677698,0.036396085553059905
precisions_weighted,0.6422270982910974,0.6731769341469547,0.6058795617251456,0.5741847980298016,0.5964859119926735,0.6183908608371345,0.03510047128727665,0.04963065664780863
recalls_weighted,0.5603448275862069,0.5775862068965517,0.5258620689655172,0.46120689655172414,0.5064655172413793,0.5262931034482758,0.041036655984178966,0.03504245639370451
supports_weighted,464.0,464.0,464.0,464.0,464.0,464.0,0.0,30756.57142857143
