,0,1,2,3,4,mean,std,var
f1-scores_macro,0.39859911488369065,0.37043310949595204,0.40112136447618885,0.36716495760535983,0.37374746911230317,0.38221320311469886,0.014580162011091831,0.019484872781332322
precisions_macro,0.39705909876821505,0.39903421665726335,0.4075794187440872,0.39248361034871976,0.400533752921123,0.39933801948788167,0.004931919313958819,0.022242580121680806
recalls_macro,0.46968544334062906,0.4321549377545096,0.4773199023199024,0.42520191811022895,0.47103030241602606,0.4550785007882592,0.02182018617093405,0.027212876701642102
supports_macro,464.0,464.0,464.0,464.0,464.0,464.0,0.0,30756.57142857143
f1-scores_weighted,0.4558001035758601,0.4818797468120384,0.4348751897290098,0.4092038228188827,0.4397945054640388,0.4443106736799659,0.024022311984741675,0.02571550817659436
precisions_weighted,0.5197652471621658,0.5845600104801438,0.49259672680677347,0.5230451240138383,0.5516306787919508,0.5343195574509745,0.031316172936469086,0.03696188150135293
recalls_weighted,0.46336206896551724,0.47198275862068967,0.4482758620689655,0.4073275862068966,0.4396551724137931,0.44612068965517243,0.022438646697966153,0.02606335932008612
supports_weighted,464.0,464.0,464.0,464.0,464.0,464.0,0.0,30756.57142857143
