,0,1,2,3,4,mean,std,var
f1-scores_macro,0.37350404573272866,0.36900068077898224,0.34217243453832485,0.3405840608874289,0.33543493717971856,0.3521392318234366,0.015828178778913043,0.016366650950488126
precisions_macro,0.4003199211399888,0.42611926716546283,0.35129890094342553,0.3484041981571278,0.36308757854326207,0.3778459731898534,0.030413038724205862,0.0180150289539016
recalls_macro,0.4335354259640839,0.42579174946134374,0.3904813060373722,0.4167597746642479,0.4226167622603885,0.41783700367748733,0.014710942530030335,0.023396146216948664
supports_macro,464.0,464.0,464.0,464.0,464.0,464.0,0.0,30756.57142857143
f1-scores_weighted,0.4150190836736909,0.457479020204619,0.34758291537999353,0.36618858003937343,0.4211284892986362,0.40147961771926255,0.03963745762523603,0.020013523204138104
precisions_weighted,0.5020954395056818,0.5866312088280792,0.4070844707173084,0.48102782895852414,0.5578394182368553,0.5069356732492898,0.06262184371370628,0.03147002406078781
recalls_weighted,0.41379310344827586,0.4418103448275862,0.3448275862068966,0.3771551724137931,0.4051724137931034,0.39655172413793105,0.033080316990258415,0.019784989069276535
supports_weighted,464.0,464.0,464.0,464.0,464.0,464.0,0.0,30756.57142857143
