,0,1,2,3,4,mean,std,var
f1-scores_macro,0.37927505130108385,0.38795479058273913,0.36793127531283004,0.37957429412225013,0.3608683760929976,0.37512075748238016,0.009556396606363626,0.019167147064751824
precisions_macro,0.4037918730375627,0.4124101389838231,0.3912988724592314,0.39045914591096054,0.37453447746064794,0.39449890157044515,0.01290201369169834,0.020941030417571335
recalls_macro,0.4280309359371279,0.4355448468184737,0.42129852856893674,0.44085136601274205,0.43795616150844285,0.4327363677691446,0.007126741920969154,0.025919975891714925
supports_macro,464.0,464.0,464.0,464.0,464.0,464.0,0.0,30756.57142857143
f1-scores_weighted,0.46463559942070537,0.46868616528184553,0.37578471540877034,0.39984277457591344,0.3886055098762858,0.4195109529127041,0.03926424003756536,0.021940099881298896
precisions_weighted,0.5610610831413819,0.5573509474116325,0.44079394636536723,0.49113453041945204,0.5226784517812028,0.5146037918238073,0.044831905777711616,0.03320143432533314
recalls_weighted,0.45689655172413796,0.4504310344827586,0.3728448275862069,0.39655172413793105,0.3642241379310345,0.4081896551724138,0.038663576864808764,0.020752801463231513
supports_weighted,464.0,464.0,464.0,464.0,464.0,464.0,0.0,30756.57142857143
