,0,1,2,3,4,mean,std,var
f1-scores_macro,0.4130297892681087,0.476241924024768,0.416465006748536,0.45871414793685145,0.41393592621030484,0.43567735883771375,0.02657402631786805,0.02449784477831088
precisions_macro,0.4317476342529624,0.4774259044786005,0.4278540560219877,0.4768452481658127,0.41535534302856686,0.4458456371895861,0.02611665323298449,0.025735888214349165
recalls_macro,0.4708718900853189,0.5428243389419788,0.4433776933850463,0.5125515182922368,0.5106646199294357,0.49605801212680334,0.03487702621249288,0.031397658431507484
supports_macro,464.0,464.0,464.0,464.0,464.0,464.0,0.0,30756.57142857143
f1-scores_weighted,0.48203047219791867,0.550964098004107,0.43436361663733936,0.4326453715994672,0.48360014462137163,0.4767207406120407,0.043184163001930446,0.028404626248845922
precisions_weighted,0.5731508447391682,0.5976181918055651,0.4897610073096111,0.5354413063916679,0.5719494978267696,0.5535841696145564,0.03758109817081054,0.03921397336491953
recalls_weighted,0.46120689655172414,0.5431034482758621,0.4245689655172414,0.43103448275862066,0.47844827586206895,0.4676724137931035,0.042539413074052866,0.02732772543014946
supports_weighted,464.0,464.0,464.0,464.0,464.0,464.0,0.0,30756.57142857143
