,0,1,2,3,4,mean,std,var
f1-scores_macro,0.21978226472276116,0.2401660868527716,0.19582071892977582,0.16875057632733387,0.261066577772123,0.21711724492095308,0.032443094652461216,0.005749206055627063
precisions_macro,0.2478794734001758,0.2744887673411028,0.24336182969077705,0.20752431995728848,0.27400671267999627,0.24945222061386807,0.02460596269814621,0.007726807314352609
recalls_macro,0.27739236188243654,0.2730159274546154,0.2585927871148459,0.19491989693580825,0.3112949086952991,0.263043176416601,0.03819469001536651,0.008438101264512018
supports_macro,464.0,464.0,464.0,464.0,464.0,464.0,0.0,30756.57142857143
f1-scores_weighted,0.30600999562735554,0.28056262705579854,0.2256260547063041,0.24341942314710782,0.32925617952048714,0.2769748560114106,0.03834557260395813,0.009360166958064655
precisions_weighted,0.43299657748537795,0.40804921924082743,0.4196973834607115,0.3982361722576473,0.45885370609308374,0.4235666117075295,0.021125789186026596,0.02350886089753187
recalls_weighted,0.2995689655172414,0.27801724137931033,0.22198275862068967,0.21336206896551724,0.3103448275862069,0.26465517241379305,0.039842137959625316,0.008542958601541155
supports_weighted,464.0,464.0,464.0,464.0,464.0,464.0,0.0,30756.57142857143
