,0,1,2,3,4,mean,std,var
f1-scores_macro,0.4094384804863283,0.35835436993368397,0.30331100998031346,0.31068165055195857,0.3341267767605497,0.34318245754256677,0.03833559088393986,0.014500625861052966
precisions_macro,0.4546390618915386,0.35805709252384443,0.32037739999552173,0.32113413747835823,0.37348633263288433,0.36553880490442947,0.049131094013619425,0.016313530738835794
recalls_macro,0.4776117800035855,0.42101096261482207,0.36447621173011335,0.40230747726504723,0.4022539915589114,0.41353208463449587,0.036937262580951216,0.021397490662603352
supports_macro,464.0,464.0,464.0,464.0,464.0,464.0,0.0,30756.57142857143
f1-scores_weighted,0.4422311548250384,0.4233425621251077,0.34115700125272125,0.3825180075158756,0.40235496018207023,0.3983207371801626,0.03489386887857751,0.019883092966833896
precisions_weighted,0.5750169648324445,0.49094001832297207,0.40658469429477495,0.5052718590794243,0.5461726066038268,0.5047972286266885,0.057411989526443705,0.031340145046122765
recalls_weighted,0.42887931034482757,0.41594827586206895,0.34051724137931033,0.3793103448275862,0.3728448275862069,0.3875,0.03165683452927334,0.018924323369234393
supports_weighted,464.0,464.0,464.0,464.0,464.0,464.0,0.0,30756.57142857143
