,0,1,2,3,4,mean,std,var
f1-scores_macro,0.3744909813784116,0.4507700142457916,0.40719768283138064,0.3987611833949567,0.3816646239485975,0.4025768971598276,0.026775472740406342,0.020772682654536294
precisions_macro,0.3857261748127417,0.48553159541303087,0.4386899849632769,0.41461476314349405,0.3964151586015401,0.42419553538681676,0.03554049398123906,0.022631568623687977
recalls_macro,0.4355605052412328,0.5049904873020323,0.45152704854835707,0.4962252991576196,0.46328777794796105,0.47031822363944054,0.026396881806632477,0.028732971055400274
supports_macro,464.0,464.0,464.0,464.0,464.0,464.0,0.0,30756.57142857143
f1-scores_weighted,0.43482482542048656,0.4975237914257781,0.40348942353754075,0.41664616887999545,0.4522784352243163,0.44095252889762343,0.03274268177343246,0.02469844257321432
precisions_weighted,0.5238048347041359,0.5905849107878391,0.5155272185959967,0.566138628764443,0.5562535663417685,0.5504618318388366,0.02764123844335956,0.039685465939625846
recalls_weighted,0.41810344827586204,0.4892241379310345,0.39655172413793105,0.41163793103448276,0.4375,0.4306034482758621,0.032122915317046044,0.023543720713789674
supports_weighted,464.0,464.0,464.0,464.0,464.0,464.0,0.0,30756.57142857143
