,0,1,2,3,4,mean,std,var
f1-scores_macro,0.312220932319091,0.32141462315053343,0.31546507058295353,0.33630392980832174,0.3571161769276147,0.3285041465577029,0.01652214762675854,0.014132165562350016
precisions_macro,0.3334305318186897,0.3927689237103325,0.3313130049417888,0.3351448904570153,0.3765671061986851,0.3538448914253023,0.025711870240812045,0.015932528262970928
recalls_macro,0.38408721889565545,0.3793807979375843,0.3602229541892172,0.45476717477140594,0.450799412448726,0.4058515116485178,0.03916479098453721,0.0204866842028098
supports_macro,464.0,464.0,464.0,464.0,464.0,464.0,0.0,30756.57142857143
f1-scores_weighted,0.3519429207730812,0.3854478994347423,0.34829374361314636,0.3642942599304274,0.428677147072082,0.3757311941646958,0.029486225255118723,0.017851042446762146
precisions_weighted,0.4731100618702706,0.5553598188904779,0.4243677757996353,0.508677168068015,0.5445465869070678,0.5012122823070934,0.04808399976393496,0.03125890306686923
recalls_weighted,0.35560344827586204,0.36853448275862066,0.3599137931034483,0.3771551724137931,0.41379310344827586,0.375,0.020761369963434993,0.01828562497518205
supports_weighted,464.0,464.0,464.0,464.0,464.0,464.0,0.0,30756.57142857143
