,0,1,2,3,4,mean,std,var
f1-scores_macro,0.45053007236831527,0.40692841635640103,0.3831075202045585,0.36778043190566095,0.40153062284600977,0.40197541273618914,0.027955604581139753,0.020635665602772284
precisions_macro,0.4901010393473628,0.44273147076369035,0.3994809941520468,0.3924264437181274,0.4277134563449089,0.43049068086522724,0.03498980300425695,0.023366087793630325
recalls_macro,0.4814072275333885,0.47614308500793884,0.42926509193420953,0.43816957734655965,0.4637642351758776,0.4577498433995949,0.020634553322559805,0.027650503061750892
supports_macro,464.0,464.0,464.0,464.0,464.0,464.0,0.0,30756.57142857143
f1-scores_weighted,0.516552939484076,0.45452615034275906,0.4315008617323274,0.39492706109681724,0.3835282506963313,0.4362070526704621,0.04752324269720927,0.023464206563999227
precisions_weighted,0.5997085865734446,0.5364368360021499,0.5065589395543456,0.5168956762749517,0.5109833758477268,0.5341166828505237,0.03434770187533227,0.03666442780747553
recalls_weighted,0.5021551724137931,0.4418103448275862,0.41379310344827586,0.39439655172413796,0.3706896551724138,0.4245689655172414,0.04526888225212457,0.022260376869096012
supports_weighted,464.0,464.0,464.0,464.0,464.0,464.0,0.0,30756.57142857143
