,0,1,2,3,4,mean,std,var
f1-scores_macro,0.2395070138082264,0.2633974238415436,0.21397898251592903,0.26368893386963455,0.297619187569357,0.2556383083209381,0.027868005874269124,0.008058518222837449
precisions_macro,0.26740364284152696,0.3318597059290294,0.2524954522601581,0.28265124119587637,0.38233323099487493,0.30334865464429317,0.04766113371777731,0.011232430440464755
recalls_macro,0.3042096825388234,0.33570893525284184,0.2574865779645191,0.3395335342174734,0.35174301208929015,0.3177363484125896,0.033963480062764353,0.012465127954714434
supports_macro,464.0,464.0,464.0,464.0,464.0,464.0,0.0,30756.57142857143
f1-scores_weighted,0.2721642240003127,0.2894547774332615,0.24620251612247707,0.25903782549503235,0.3404991296647562,0.28147169454316795,0.03280789583106163,0.009730348565470769
precisions_weighted,0.38492048040091925,0.5324787637385997,0.4168189020242773,0.429156223236594,0.5260917083047112,0.4578932155410202,0.060086558308121346,0.025615824437116977
recalls_weighted,0.29310344827586204,0.2672413793103448,0.25,0.27370689655172414,0.3448275862068966,0.28577586206896555,0.03258803133006173,0.010042708531298778
supports_weighted,464.0,464.0,464.0,464.0,464.0,464.0,0.0,30756.57142857143
