,0,1,2,3,4,mean,std,var
f1-scores_macro,0.4140111065390069,0.35237092786211965,0.3569321321276152,0.4006596455765911,0.37111913923759654,0.37901859026858586,0.02430276667917735,0.018466946414701497
precisions_macro,0.42454526714083274,0.36366206875243445,0.3806982865467442,0.43324012963017305,0.36937084852707924,0.39430332011945274,0.02890073306362284,0.019770193732597082
recalls_macro,0.5010516048955546,0.405403261702881,0.41198444579296917,0.46256615915610655,0.4668149831988505,0.44956409094927235,0.03600005478671643,0.025513605002500325
supports_macro,464.0,464.0,464.0,464.0,464.0,464.0,0.0,30756.57142857143
f1-scores_weighted,0.4239816098771695,0.46330594702969496,0.39820872121772366,0.4161330169066222,0.44095108930960925,0.42851607686816384,0.022169357102545473,0.02399780366160892
precisions_weighted,0.5242392258786985,0.5325906625272155,0.46288203357034796,0.5663149512413203,0.5371431929020449,0.5246340132239254,0.03397219829963534,0.0353544752084436
recalls_weighted,0.4245689655172414,0.45689655172413796,0.40086206896551724,0.41810344827586204,0.4353448275862069,0.42715517241379314,0.0186095113318301,0.02413281738223148
supports_weighted,464.0,464.0,464.0,464.0,464.0,464.0,0.0,30756.57142857143
