,0,1,2,3,4,mean,std,var
f1-scores_macro,0.289965148653702,0.3487684458106506,0.2686641662414777,0.2849015582474077,0.31666122492643817,0.30179210877593526,0.028108700132707217,0.011358788447850541
precisions_macro,0.3034527926783362,0.3616859801396325,0.2757902129998795,0.31582747262902083,0.3521276889388017,0.32177682947713415,0.03162229923076401,0.012860401234222607
recalls_macro,0.36176375729104054,0.3995787360915515,0.3611631557384859,0.3509292520008281,0.3979611741961991,0.37427921506362105,0.02037051507994482,0.018238850797776037
supports_macro,464.0,464.0,464.0,464.0,464.0,464.0,0.0,30756.57142857143
f1-scores_weighted,0.35672699536121344,0.4335707011337688,0.3005000031214358,0.3066247490367121,0.359001079948984,0.3512847057204228,0.04781996181092814,0.015061459784340073
precisions_weighted,0.4508856527141318,0.5255662427442211,0.3947824973523062,0.4660060937130646,0.5241088840873356,0.4722698741222119,0.04904813817339536,0.02759285765992513
recalls_weighted,0.35129310344827586,0.4331896551724138,0.2995689655172414,0.2995689655172414,0.35344827586206895,0.3474137931034483,0.04896369593504458,0.014722506813944292
supports_weighted,464.0,464.0,464.0,464.0,464.0,464.0,0.0,30756.57142857143
