,0,1,2,3,4,mean,std,var
f1-scores_macro,0.300031143861451,0.3481465014380596,0.3283168210820904,0.33786038546776787,0.29347809464405383,0.3215665892986846,0.021308609031138164,0.013257645641560576
precisions_macro,0.3300733899427587,0.3801288146719181,0.3623952735317909,0.36384494725383715,0.3164089361144683,0.3505702723029547,0.023566391971457462,0.015738746323344526
recalls_macro,0.35568820703527215,0.39393999998571994,0.4146070351217411,0.407250588994926,0.3715451271481693,0.3886061916571657,0.0220307991593167,0.019601251767039224
supports_macro,464.0,464.0,464.0,464.0,464.0,464.0,0.0,30756.57142857143
f1-scores_weighted,0.36246115739278106,0.396023802641684,0.3424997198882855,0.3895438980667956,0.3671807270596052,0.3715418610098303,0.019330615265438743,0.018033216995281227
precisions_weighted,0.4856601460196862,0.5023582264775786,0.47994439173444287,0.5250984991652862,0.4907103808641096,0.4967543288522207,0.015981112885152228,0.03323324214439485
recalls_weighted,0.34698275862068967,0.3706896551724138,0.33836206896551724,0.36637931034482757,0.34051724137931033,0.3525862068965517,0.013396784713724188,0.016585199265419716
supports_weighted,464.0,464.0,464.0,464.0,464.0,464.0,0.0,30756.57142857143
