,0,1,2,3,4,mean,std,var
f1-scores_macro,0.44930403125490276,0.49526570813469545,0.39329747626293843,0.45945978986251834,0.4237592213993897,0.4442172453828889,0.03427976001836148,0.02498621475200069
precisions_macro,0.45183419772589345,0.5112550819154182,0.42614536971574973,0.4529624666305655,0.42387576520229575,0.4532145762379846,0.03150929094128988,0.02623241251023332
recalls_macro,0.5151696144044663,0.54431672133884,0.4441962041226747,0.5298591562859565,0.5246177887581474,0.5116318969820169,0.03501214710974305,0.03347388289031081
supports_macro,464.0,464.0,464.0,464.0,464.0,464.0,0.0,30756.57142857143
f1-scores_weighted,0.499394005815742,0.5644747927871218,0.450593925977083,0.46265772515434156,0.49124039419256676,0.493672168785371,0.039671892390955456,0.030756727914357584
precisions_weighted,0.5856043183077205,0.6334549550449183,0.5251528889902716,0.536884136254599,0.5905728530728531,0.5743338303340725,0.03926138490644136,0.04218490721910578
recalls_weighted,0.4892241379310345,0.5452586206896551,0.4396551724137931,0.46551724137931033,0.4827586206896552,0.48448275862068957,0.03489516318622257,0.029890299292715115
supports_weighted,464.0,464.0,464.0,464.0,464.0,464.0,0.0,30756.57142857143
