{"0": {"precision": 1.0, "recall": 1.0, "f1-score": 1.0, "support": 23}, "1": {"precision": 0.21428571428571427, "recall": 0.8181818181818182, "f1-score": 0.33962264150943394, "support": 11}, "2": {"precision": 1.0, "recall": 1.0, "f1-score": 1.0, "support": 10}, "3": {"precision": 1.0, "recall": 0.8636363636363636, "f1-score": 0.9268292682926829, "support": 44}, "4": {"precision": 1.0, "recall": 0.09090909090909091, "f1-score": 0.16666666666666669, "support": 33}, "5": {"precision": 0.9, "recall": 1.0, "f1-score": 0.9473684210526316, "support": 27}, "6": {"precision": 1.0, "recall": 1.0, "f1-score": 1.0, "support": 21}, "7": {"precision": 0.2727272727272727, "recall": 1.0, "f1-score": 0.42857142857142855, "support": 3}, "8": {"precision": 0.0, "recall": 0.0, "f1-score": 0.0, "support": 4}, "9": {"precision": 0.48, "recall": 0.9230769230769231, "f1-score": 0.631578947368421, "support": 13}, "10": {"precision": 0.0, "recall": 0.0, "f1-score": 0.0, "support": 20}, "11": {"precision": 1.0, "recall": 1.0, "f1-score": 1.0, "support": 21}, "12": {"precision": 0.9333333333333333, "recall": 1.0, "f1-score": 0.9655172413793104, "support": 14}, "13": {"precision": 0.65, "recall": 0.8666666666666667, "f1-score": 0.7428571428571429, "support": 15}, "14": {"precision": 0.0, "recall": 0.0, "f1-score": 0.0, "support": 2}, "15": {"precision": 0.0, "recall": 0.0, "f1-score": 0.0, "support": 2}, "16": {"precision": 1.0, "recall": 1.0, "f1-score": 1.0, "support": 1}, "17": {"precision": 0.7894736842105263, "recall": 1.0, "f1-score": 0.8823529411764706, "support": 15}, "accuracy": 0.7526881720430108, "macro avg": {"precision": 0.6244344446976026, "recall": 0.6979150479150479, "f1-score": 0.6128535943818993, "support": 279}, "weighted avg": {"precision": 0.7934555433876316, "recall": 0.7526881720430108, "f1-score": 0.7132147579613664, "support": 279}}