{"0": {"precision": 1.0, "recall": 0.9473684210526315, "f1-score": 0.972972972972973, "support": 19}, "1": {"precision": 0.5625, "recall": 0.75, "f1-score": 0.6428571428571429, "support": 12}, "2": {"precision": 1.0, "recall": 0.7777777777777778, "f1-score": 0.8750000000000001, "support": 18}, "3": {"precision": 0.8541666666666666, "recall": 0.9761904761904762, "f1-score": 0.9111111111111111, "support": 42}, "4": {"precision": 0.9047619047619048, "recall": 0.7037037037037037, "f1-score": 0.7916666666666667, "support": 27}, "5": {"precision": 1.0, "recall": 0.8076923076923077, "f1-score": 0.8936170212765957, "support": 26}, "6": {"precision": 1.0, "recall": 0.7647058823529411, "f1-score": 0.8666666666666666, "support": 17}, "7": {"precision": 0.1, "recall": 0.5, "f1-score": 0.16666666666666669, "support": 2}, "8": {"precision": 1.0, "recall": 1.0, "f1-score": 1.0, "support": 1}, "9": {"precision": 0.4444444444444444, "recall": 0.2857142857142857, "f1-score": 0.34782608695652173, "support": 14}, "10": {"precision": 0.59375, "recall": 0.9047619047619048, "f1-score": 0.7169811320754718, "support": 21}, "11": {"precision": 1.0, "recall": 1.0, "f1-score": 1.0, "support": 24}, "12": {"precision": 0.9, "recall": 1.0, "f1-score": 0.9473684210526316, "support": 18}, "13": {"precision": 1.0, "recall": 0.75, "f1-score": 0.8571428571428571, "support": 16}, "14": {"precision": 0.5, "recall": 0.2, "f1-score": 0.28571428571428575, "support": 5}, "15": {"precision": 1.0, "recall": 0.5, "f1-score": 0.6666666666666666, "support": 2}, "16": {"precision": 0.75, "recall": 1.0, "f1-score": 0.8571428571428571, "support": 3}, "17": {"precision": 0.9230769230769231, "recall": 1.0, "f1-score": 0.9600000000000001, "support": 12}, "accuracy": 0.8279569892473119, "macro avg": {"precision": 0.8073722188305522, "recall": 0.7704397088470016, "f1-score": 0.7644111419427286, "support": 279}, "weighted avg": {"precision": 0.8636970133609918, "recall": 0.8279569892473119, "f1-score": 0.8331167301248733, "support": 279}}