{"0": {"precision": 1.0, "recall": 0.9473684210526315, "f1-score": 0.972972972972973, "support": 19}, "1": {"precision": 0.47058823529411764, "recall": 0.6666666666666666, "f1-score": 0.5517241379310345, "support": 12}, "2": {"precision": 1.0, "recall": 0.2777777777777778, "f1-score": 0.4347826086956522, "support": 18}, "3": {"precision": 0.9111111111111111, "recall": 0.9761904761904762, "f1-score": 0.9425287356321839, "support": 42}, "4": {"precision": 0.5833333333333334, "recall": 0.25925925925925924, "f1-score": 0.358974358974359, "support": 27}, "5": {"precision": 1.0, "recall": 0.11538461538461539, "f1-score": 0.20689655172413793, "support": 26}, "6": {"precision": 1.0, "recall": 1.0, "f1-score": 1.0, "support": 17}, "7": {"precision": 0.3333333333333333, "recall": 0.5, "f1-score": 0.4, "support": 2}, "8": {"precision": 0.0, "recall": 0.0, "f1-score": 0.0, "support": 1}, "9": {"precision": 0.2222222222222222, "recall": 0.2857142857142857, "f1-score": 0.25, "support": 14}, "10": {"precision": 0.5789473684210527, "recall": 0.5238095238095238, "f1-score": 0.5500000000000002, "support": 21}, "11": {"precision": 0.7741935483870968, "recall": 1.0, "f1-score": 0.8727272727272727, "support": 24}, "12": {"precision": 0.9473684210526315, "recall": 1.0, "f1-score": 0.972972972972973, "support": 18}, "13": {"precision": 1.0, "recall": 0.75, "f1-score": 0.8571428571428571, "support": 16}, "14": {"precision": 0.6, "recall": 0.6, "f1-score": 0.6, "support": 5}, "15": {"precision": 0.0, "recall": 0.0, "f1-score": 0.0, "support": 2}, "16": {"precision": 0.125, "recall": 1.0, "f1-score": 0.2222222222222222, "support": 3}, "17": {"precision": 1.0, "recall": 0.5833333333333334, "f1-score": 0.7368421052631579, "support": 12}, "accuracy": 0.6523297491039427, "macro avg": {"precision": 0.6414498651752721, "recall": 0.5825280199549205, "f1-score": 0.551654822014379, "support": 279}, "weighted avg": {"precision": 0.7978769704123787, "recall": 0.6523297491039427, "f1-score": 0.6635237051431754, "support": 279}}