{"0": {"precision": 0.8, "recall": 0.25, "f1-score": 0.38095238095238093, "support": 16}, "1": {"precision": 0.0, "recall": 0.0, "f1-score": 0.0, "support": 15}, "2": {"precision": 0.0, "recall": 0.0, "f1-score": 0.0, "support": 3}, "3": {"precision": 0.09090909090909091, "recall": 0.058823529411764705, "f1-score": 0.07142857142857142, "support": 17}, "4": {"precision": 0.3333333333333333, "recall": 0.125, "f1-score": 0.18181818181818182, "support": 8}, "5": {"precision": 0.22727272727272727, "recall": 0.35714285714285715, "f1-score": 0.2777777777777778, "support": 14}, "6": {"precision": 0.0, "recall": 0.0, "f1-score": 0.0, "support": 10}, "7": {"precision": 0.0, "recall": 0.0, "f1-score": 0.0, "support": 2}, "8": {"precision": 0.4444444444444444, "recall": 0.6666666666666666, "f1-score": 0.5333333333333333, "support": 6}, "9": {"precision": 0.2222222222222222, "recall": 0.16666666666666666, "f1-score": 0.1904761904761905, "support": 12}, "10": {"precision": 0.2857142857142857, "recall": 0.16666666666666666, "f1-score": 0.2105263157894737, "support": 12}, "11": {"precision": 0.038461538461538464, "recall": 0.125, "f1-score": 0.058823529411764705, "support": 8}, "12": {"precision": 0.6666666666666666, "recall": 0.3333333333333333, "f1-score": 0.4444444444444444, "support": 6}, "13": {"precision": 0.16666666666666666, "recall": 0.07142857142857142, "f1-score": 0.1, "support": 14}, "14": {"precision": 0.13333333333333333, "recall": 0.2857142857142857, "f1-score": 0.18181818181818182, "support": 7}, "15": {"precision": 0.23076923076923078, "recall": 0.3, "f1-score": 0.2608695652173913, "support": 10}, "16": {"precision": 0.2222222222222222, "recall": 0.6666666666666666, "f1-score": 0.3333333333333333, "support": 3}, "27": {"precision": 0.9, "recall": 1.0, "f1-score": 0.9473684210526316, "support": 9}, "28": {"precision": 0.2857142857142857, "recall": 0.15384615384615385, "f1-score": 0.2, "support": 13}, "29": {"precision": 0.42857142857142855, "recall": 0.6, "f1-score": 0.5, "support": 5}, "32": {"precision": 0.46153846153846156, "recall": 0.35294117647058826, "f1-score": 0.4000000000000001, "support": 34}, "38": {"precision": 0.8, "recall": 0.8888888888888888, "f1-score": 0.8421052631578948, "support": 9}, "39": {"precision": 1.0, "recall": 1.0, "f1-score": 1.0, "support": 4}, "43": {"precision": 0.25, "recall": 0.5, "f1-score": 0.3333333333333333, "support": 2}, "45": {"precision": 0.9230769230769231, "recall": 0.5714285714285714, "f1-score": 0.7058823529411765, "support": 21}, "47": {"precision": 0.6666666666666666, "recall": 0.4, "f1-score": 0.5, "support": 5}, "52": {"precision": 0.0, "recall": 0.0, "f1-score": 0.0, "support": 0}, "53": {"precision": 1.0, "recall": 0.8571428571428571, "f1-score": 0.923076923076923, "support": 7}, "56": {"precision": 0.25, "recall": 0.4166666666666667, "f1-score": 0.3125, "support": 12}, "60": {"precision": 0.5, "recall": 0.6666666666666666, "f1-score": 0.5714285714285715, "support": 3}, "61": {"precision": 0.375, "recall": 0.6, "f1-score": 0.4615384615384615, "support": 5}, "62": {"precision": 0.5, "recall": 0.625, "f1-score": 0.5555555555555556, "support": 8}, "63": {"precision": 0.75, "recall": 1.0, "f1-score": 0.8571428571428571, "support": 3}, "65": {"precision": 0.6451612903225806, "recall": 0.4444444444444444, "f1-score": 0.5263157894736842, "support": 45}, "68": {"precision": 0.0, "recall": 0.0, "f1-score": 0.0, "support": 2}, "70": {"precision": 0.0, "recall": 0.0, "f1-score": 0.0, "support": 1}, "72": {"precision": 0.0, "recall": 0.0, "f1-score": 0.0, "support": 2}, "75": {"precision": 1.0, "recall": 1.0, "f1-score": 1.0, "support": 3}, "78": {"precision": 1.0, "recall": 1.0, "f1-score": 1.0, "support": 1}, "80": {"precision": 0.0, "recall": 0.0, "f1-score": 0.0, "support": 0}, "81": {"precision": 0.5714285714285714, "recall": 0.8, "f1-score": 0.6666666666666666, "support": 5}, "86": {"precision": 0.0, "recall": 0.0, "f1-score": 0.0, "support": 1}, "87": {"precision": 0.5, "recall": 0.5, "f1-score": 0.5, "support": 2}, "89": {"precision": 0.0, "recall": 0.0, "f1-score": 0.0, "support": 15}, "90": {"precision": 1.0, "recall": 1.0, "f1-score": 1.0, "support": 1}, "92": {"precision": 0.6666666666666666, "recall": 0.875, "f1-score": 0.7567567567567567, "support": 16}, "93": {"precision": 0.8235294117647058, "recall": 1.0, "f1-score": 0.9032258064516129, "support": 14}, "94": {"precision": 0.7333333333333333, "recall": 0.34375, "f1-score": 0.4680851063829787, "support": 32}, "95": {"precision": 0.5, "recall": 1.0, "f1-score": 0.6666666666666666, "support": 1}, "96": {"precision": 1.0, "recall": 1.0, "f1-score": 1.0, "support": 20}, "accuracy": 0.4245689655172414, "macro avg": {"precision": 0.4278540560219877, "recall": 0.4433776933850463, "f1-score": 0.416465006748536, "support": 464}, "weighted avg": {"precision": 0.4897610073096111, "recall": 0.4245689655172414, "f1-score": 0.43436361663733936, "support": 464}}