{"0": {"precision": 0.0, "recall": 0.0, "f1-score": 0.0, "support": 16}, "1": {"precision": 0.06451612903225806, "recall": 0.4, "f1-score": 0.1111111111111111, "support": 15}, "2": {"precision": 0.038461538461538464, "recall": 0.3333333333333333, "f1-score": 0.06896551724137931, "support": 3}, "3": {"precision": 0.0, "recall": 0.0, "f1-score": 0.0, "support": 17}, "4": {"precision": 0.0, "recall": 0.0, "f1-score": 0.0, "support": 8}, "5": {"precision": 0.0, "recall": 0.0, "f1-score": 0.0, "support": 14}, "6": {"precision": 0.0, "recall": 0.0, "f1-score": 0.0, "support": 10}, "7": {"precision": 0.0, "recall": 0.0, "f1-score": 0.0, "support": 2}, "8": {"precision": 0.0, "recall": 0.0, "f1-score": 0.0, "support": 6}, "9": {"precision": 0.0, "recall": 0.0, "f1-score": 0.0, "support": 12}, "10": {"precision": 0.0, "recall": 0.0, "f1-score": 0.0, "support": 12}, "11": {"precision": 0.0, "recall": 0.0, "f1-score": 0.0, "support": 8}, "12": {"precision": 0.0, "recall": 0.0, "f1-score": 0.0, "support": 6}, "13": {"precision": 0.0, "recall": 0.0, "f1-score": 0.0, "support": 14}, "14": {"precision": 0.0, "recall": 0.0, "f1-score": 0.0, "support": 7}, "15": {"precision": 0.0, "recall": 0.0, "f1-score": 0.0, "support": 10}, "16": {"precision": 0.4, "recall": 0.6666666666666666, "f1-score": 0.5, "support": 3}, "27": {"precision": 0.6923076923076923, "recall": 1.0, "f1-score": 0.8181818181818181, "support": 9}, "28": {"precision": 0.4, "recall": 0.15384615384615385, "f1-score": 0.2222222222222222, "support": 13}, "29": {"precision": 0.5, "recall": 0.4, "f1-score": 0.4444444444444445, "support": 5}, "32": {"precision": 0.5, "recall": 0.29411764705882354, "f1-score": 0.37037037037037035, "support": 34}, "38": {"precision": 1.0, "recall": 0.8888888888888888, "f1-score": 0.9411764705882353, "support": 9}, "39": {"precision": 1.0, "recall": 0.75, "f1-score": 0.8571428571428571, "support": 4}, "43": {"precision": 0.2, "recall": 0.5, "f1-score": 0.28571428571428575, "support": 2}, "45": {"precision": 1.0, "recall": 0.47619047619047616, "f1-score": 0.6451612903225806, "support": 21}, "47": {"precision": 0.5, "recall": 0.4, "f1-score": 0.4444444444444445, "support": 5}, "53": {"precision": 1.0, "recall": 0.8571428571428571, "f1-score": 0.923076923076923, "support": 7}, "56": {"precision": 0.0, "recall": 0.0, "f1-score": 0.0, "support": 12}, "60": {"precision": 0.25, "recall": 0.3333333333333333, "f1-score": 0.28571428571428575, "support": 3}, "61": {"precision": 0.3333333333333333, "recall": 0.6, "f1-score": 0.42857142857142855, "support": 5}, "62": {"precision": 0.5, "recall": 0.625, "f1-score": 0.5555555555555556, "support": 8}, "63": {"precision": 0.6, "recall": 1.0, "f1-score": 0.7499999999999999, "support": 3}, "65": {"precision": 0.5769230769230769, "recall": 0.3333333333333333, "f1-score": 0.4225352112676057, "support": 45}, "68": {"precision": 0.0, "recall": 0.0, "f1-score": 0.0, "support": 2}, "70": {"precision": 0.0, "recall": 0.0, "f1-score": 0.0, "support": 1}, "72": {"precision": 0.0, "recall": 0.0, "f1-score": 0.0, "support": 2}, "75": {"precision": 1.0, "recall": 1.0, "f1-score": 1.0, "support": 3}, "78": {"precision": 0.0, "recall": 0.0, "f1-score": 0.0, "support": 1}, "81": {"precision": 0.35714285714285715, "recall": 1.0, "f1-score": 0.5263157894736842, "support": 5}, "86": {"precision": 1.0, "recall": 1.0, "f1-score": 1.0, "support": 1}, "87": {"precision": 0.5, "recall": 0.5, "f1-score": 0.5, "support": 2}, "89": {"precision": 0.0, "recall": 0.0, "f1-score": 0.0, "support": 15}, "90": {"precision": 1.0, "recall": 1.0, "f1-score": 1.0, "support": 1}, "92": {"precision": 0.8333333333333334, "recall": 0.9375, "f1-score": 0.8823529411764706, "support": 16}, "93": {"precision": 0.7368421052631579, "recall": 1.0, "f1-score": 0.8484848484848484, "support": 14}, "94": {"precision": 0.8461538461538461, "recall": 0.34375, "f1-score": 0.4888888888888889, "support": 32}, "95": {"precision": 0.08333333333333333, "recall": 1.0, "f1-score": 0.15384615384615385, "support": 1}, "96": {"precision": 0.95, "recall": 0.95, "f1-score": 0.9500000000000001, "support": 20}, "accuracy": 0.3448275862068966, "macro avg": {"precision": 0.35129890094342553, "recall": 0.3904813060373722, "f1-score": 0.34217243453832485, "support": 464}, "weighted avg": {"precision": 0.4070844707173084, "recall": 0.3448275862068966, "f1-score": 0.34758291537999353, "support": 464}}