{"0": {"precision": 0.44, "recall": 0.7857142857142857, "f1-score": 0.5641025641025641, "support": 14}, "1": {"precision": 0.1016949152542373, "recall": 0.75, "f1-score": 0.17910447761194032, "support": 8}, "2": {"precision": 0.013513513513513514, "recall": 0.3333333333333333, "f1-score": 0.025974025974025972, "support": 3}, "3": {"precision": 0.0, "recall": 0.0, "f1-score": 0.0, "support": 15}, "4": {"precision": 0.0, "recall": 0.0, "f1-score": 0.0, "support": 10}, "5": {"precision": 0.0, "recall": 0.0, "f1-score": 0.0, "support": 12}, "6": {"precision": 0.0, "recall": 0.0, "f1-score": 0.0, "support": 15}, "7": {"precision": 0.0, "recall": 0.0, "f1-score": 0.0, "support": 3}, "8": {"precision": 0.0, "recall": 0.0, "f1-score": 0.0, "support": 0}, "9": {"precision": 0.0, "recall": 0.0, "f1-score": 0.0, "support": 14}, "10": {"precision": 0.0, "recall": 0.0, "f1-score": 0.0, "support": 7}, "11": {"precision": 0.0, "recall": 0.0, "f1-score": 0.0, "support": 13}, "12": {"precision": 0.0, "recall": 0.0, "f1-score": 0.0, "support": 14}, "13": {"precision": 0.0, "recall": 0.0, "f1-score": 0.0, "support": 8}, "14": {"precision": 0.0, "recall": 0.0, "f1-score": 0.0, "support": 10}, "15": {"precision": 0.0, "recall": 0.0, "f1-score": 0.0, "support": 14}, "16": {"precision": 0.3333333333333333, "recall": 1.0, "f1-score": 0.5, "support": 3}, "27": {"precision": 0.6, "recall": 1.0, "f1-score": 0.7499999999999999, "support": 3}, "28": {"precision": 0.7333333333333333, "recall": 0.6470588235294118, "f1-score": 0.6875, "support": 17}, "29": {"precision": 0.3333333333333333, "recall": 0.6666666666666666, "f1-score": 0.4444444444444444, "support": 3}, "32": {"precision": 0.9545454545454546, "recall": 0.5526315789473685, "f1-score": 0.7000000000000001, "support": 38}, "38": {"precision": 1.0, "recall": 1.0, "f1-score": 1.0, "support": 5}, "39": {"precision": 0.6666666666666666, "recall": 1.0, "f1-score": 0.8, "support": 2}, "43": {"precision": 0.5, "recall": 1.0, "f1-score": 0.6666666666666666, "support": 4}, "45": {"precision": 0.4090909090909091, "recall": 0.5294117647058824, "f1-score": 0.46153846153846156, "support": 17}, "47": {"precision": 1.0, "recall": 1.0, "f1-score": 1.0, "support": 2}, "52": {"precision": 0.0, "recall": 0.0, "f1-score": 0.0, "support": 1}, "53": {"precision": 1.0, "recall": 1.0, "f1-score": 1.0, "support": 7}, "56": {"precision": 0.0, "recall": 0.0, "f1-score": 0.0, "support": 10}, "60": {"precision": 1.0, "recall": 0.75, "f1-score": 0.8571428571428571, "support": 4}, "61": {"precision": 1.0, "recall": 0.6666666666666666, "f1-score": 0.8, "support": 3}, "62": {"precision": 0.5, "recall": 0.6, "f1-score": 0.5454545454545454, "support": 10}, "63": {"precision": 0.0, "recall": 0.0, "f1-score": 0.0, "support": 2}, "65": {"precision": 0.96, "recall": 0.46153846153846156, "f1-score": 0.6233766233766234, "support": 52}, "68": {"precision": 0.125, "recall": 1.0, "f1-score": 0.2222222222222222, "support": 1}, "70": {"precision": 0.0, "recall": 0.0, "f1-score": 0.0, "support": 1}, "72": {"precision": 0.0, "recall": 0.0, "f1-score": 0.0, "support": 0}, "75": {"precision": 1.0, "recall": 1.0, "f1-score": 1.0, "support": 1}, "78": {"precision": 1.0, "recall": 1.0, "f1-score": 1.0, "support": 5}, "80": {"precision": 1.0, "recall": 1.0, "f1-score": 1.0, "support": 1}, "81": {"precision": 0.4, "recall": 0.8571428571428571, "f1-score": 0.5454545454545455, "support": 7}, "89": {"precision": 0.6296296296296297, "recall": 0.8947368421052632, "f1-score": 0.7391304347826088, "support": 19}, "90": {"precision": 0.0, "recall": 0.0, "f1-score": 0.0, "support": 1}, "92": {"precision": 0.6086956521739131, "recall": 1.0, "f1-score": 0.7567567567567568, "support": 14}, "93": {"precision": 1.0, "recall": 1.0, "f1-score": 1.0, "support": 22}, "94": {"precision": 0.75, "recall": 0.25, "f1-score": 0.375, "support": 24}, "95": {"precision": 0.0, "recall": 0.0, "f1-score": 0.0, "support": 0}, "96": {"precision": 1.0, "recall": 0.8, "f1-score": 0.888888888888889, "support": 25}, "accuracy": 0.46336206896551724, "macro avg": {"precision": 0.39705909876821505, "recall": 0.46968544334062906, "f1-score": 0.39859911488369065, "support": 464}, "weighted avg": {"precision": 0.5197652471621658, "recall": 0.46336206896551724, "f1-score": 0.4558001035758601, "support": 464}}