{"0": {"precision": 1.0, "recall": 1.0, "f1-score": 1.0, "support": 20}, "1": {"precision": 1.0, "recall": 0.5333333333333333, "f1-score": 0.6956521739130436, "support": 15}, "2": {"precision": 1.0, "recall": 1.0, "f1-score": 1.0, "support": 11}, "3": {"precision": 1.0, "recall": 0.9454545454545454, "f1-score": 0.9719626168224299, "support": 55}, "4": {"precision": 0.8157894736842105, "recall": 1.0, "f1-score": 0.898550724637681, "support": 31}, "5": {"precision": 0.9032258064516129, "recall": 1.0, "f1-score": 0.9491525423728813, "support": 28}, "6": {"precision": 1.0, "recall": 1.0, "f1-score": 1.0, "support": 18}, "7": {"precision": 0.0, "recall": 0.0, "f1-score": 0.0, "support": 3}, "8": {"precision": 1.0, "recall": 1.0, "f1-score": 1.0, "support": 1}, "9": {"precision": 0.9, "recall": 0.4090909090909091, "f1-score": 0.5625000000000001, "support": 22}, "10": {"precision": 0.38095238095238093, "recall": 0.8888888888888888, "f1-score": 0.5333333333333333, "support": 9}, "11": {"precision": 0.9375, "recall": 1.0, "f1-score": 0.967741935483871, "support": 15}, "12": {"precision": 1.0, "recall": 1.0, "f1-score": 1.0, "support": 13}, "13": {"precision": 1.0, "recall": 0.9444444444444444, "f1-score": 0.9714285714285714, "support": 18}, "14": {"precision": 0.3333333333333333, "recall": 1.0, "f1-score": 0.5, "support": 2}, "15": {"precision": 0.0, "recall": 0.0, "f1-score": 0.0, "support": 1}, "16": {"precision": 1.0, "recall": 1.0, "f1-score": 1.0, "support": 2}, "17": {"precision": 1.0, "recall": 1.0, "f1-score": 1.0, "support": 15}, "accuracy": 0.8960573476702509, "macro avg": {"precision": 0.7928222774678633, "recall": 0.8178451178451178, "f1-score": 0.7805734387773229, "support": 279}, "weighted avg": {"precision": 0.919489370466286, "recall": 0.8960573476702509, "f1-score": 0.890684277785342, "support": 279}}