{"0": {"precision": 0.5714285714285714, "recall": 0.4444444444444444, "f1-score": 0.5, "support": 9}, "1": {"precision": 0.14285714285714285, "recall": 0.1111111111111111, "f1-score": 0.125, "support": 9}, "2": {"precision": 0.0, "recall": 0.0, "f1-score": 0.0, "support": 4}, "3": {"precision": 0.07692307692307693, "recall": 0.08333333333333333, "f1-score": 0.08, "support": 12}, "4": {"precision": 0.14285714285714285, "recall": 0.14285714285714285, "f1-score": 0.14285714285714285, "support": 14}, "5": {"precision": 0.0, "recall": 0.0, "f1-score": 0.0, "support": 9}, "6": {"precision": 0.14285714285714285, "recall": 0.08333333333333333, "f1-score": 0.10526315789473685, "support": 12}, "7": {"precision": 0.1111111111111111, "recall": 0.6666666666666666, "f1-score": 0.1904761904761905, "support": 3}, "8": {"precision": 0.0, "recall": 0.0, "f1-score": 0.0, "support": 5}, "9": {"precision": 0.1111111111111111, "recall": 0.0625, "f1-score": 0.08, "support": 16}, "10": {"precision": 0.2222222222222222, "recall": 0.2857142857142857, "f1-score": 0.25, "support": 14}, "11": {"precision": 0.0, "recall": 0.0, "f1-score": 0.0, "support": 5}, "12": {"precision": 0.0, "recall": 0.0, "f1-score": 0.0, "support": 11}, "13": {"precision": 0.10526315789473684, "recall": 0.15384615384615385, "f1-score": 0.125, "support": 13}, "14": {"precision": 0.5, "recall": 0.18181818181818182, "f1-score": 0.26666666666666666, "support": 11}, "15": {"precision": 0.17647058823529413, "recall": 0.23076923076923078, "f1-score": 0.20000000000000004, "support": 13}, "16": {"precision": 0.2857142857142857, "recall": 0.6666666666666666, "f1-score": 0.4, "support": 6}, "27": {"precision": 0.3076923076923077, "recall": 1.0, "f1-score": 0.47058823529411764, "support": 4}, "28": {"precision": 0.9375, "recall": 0.7894736842105263, "f1-score": 0.8571428571428572, "support": 19}, "29": {"precision": 0.4, "recall": 0.8, "f1-score": 0.5333333333333333, "support": 5}, "32": {"precision": 0.9545454545454546, "recall": 0.4666666666666667, "f1-score": 0.6268656716417911, "support": 45}, "37": {"precision": 0.0, "recall": 0.0, "f1-score": 0.0, "support": 1}, "38": {"precision": 0.7272727272727273, "recall": 1.0, "f1-score": 0.8421052631578948, "support": 8}, "39": {"precision": 1.0, "recall": 1.0, "f1-score": 1.0, "support": 2}, "43": {"precision": 1.0, "recall": 0.7142857142857143, "f1-score": 0.8333333333333333, "support": 7}, "45": {"precision": 0.36, "recall": 0.5625, "f1-score": 0.43902439024390244, "support": 16}, "47": {"precision": 0.6666666666666666, "recall": 0.6666666666666666, "f1-score": 0.6666666666666666, "support": 3}, "52": {"precision": 0.16666666666666666, "recall": 1.0, "f1-score": 0.2857142857142857, "support": 1}, "53": {"precision": 0.7142857142857143, "recall": 1.0, "f1-score": 0.8333333333333333, "support": 5}, "56": {"precision": 0.41935483870967744, "recall": 1.0, "f1-score": 0.5909090909090909, "support": 13}, "60": {"precision": 0.0, "recall": 0.0, "f1-score": 0.0, "support": 1}, "61": {"precision": 0.0, "recall": 0.0, "f1-score": 0.0, "support": 2}, "62": {"precision": 0.8571428571428571, "recall": 0.6, "f1-score": 0.7058823529411764, "support": 10}, "63": {"precision": 0.0, "recall": 0.0, "f1-score": 0.0, "support": 4}, "65": {"precision": 0.9743589743589743, "recall": 0.5757575757575758, "f1-score": 0.7238095238095238, "support": 66}, "68": {"precision": 0.3333333333333333, "recall": 1.0, "f1-score": 0.5, "support": 1}, "70": {"precision": 0.16666666666666666, "recall": 1.0, "f1-score": 0.2857142857142857, "support": 1}, "72": {"precision": 0.0, "recall": 0.0, "f1-score": 0.0, "support": 1}, "75": {"precision": 1.0, "recall": 1.0, "f1-score": 1.0, "support": 1}, "78": {"precision": 1.0, "recall": 1.0, "f1-score": 1.0, "support": 3}, "80": {"precision": 1.0, "recall": 1.0, "f1-score": 1.0, "support": 1}, "81": {"precision": 0.36363636363636365, "recall": 0.8, "f1-score": 0.5000000000000001, "support": 5}, "87": {"precision": 0.0, "recall": 0.0, "f1-score": 0.0, "support": 1}, "89": {"precision": 0.75, "recall": 0.6923076923076923, "f1-score": 0.7199999999999999, "support": 13}, "92": {"precision": 1.0, "recall": 1.0, "f1-score": 1.0, "support": 10}, "93": {"precision": 0.75, "recall": 1.0, "f1-score": 0.8571428571428571, "support": 9}, "94": {"precision": 1.0, "recall": 0.30434782608695654, "f1-score": 0.4666666666666667, "support": 23}, "95": {"precision": 0.125, "recall": 1.0, "f1-score": 0.2222222222222222, "support": 1}, "96": {"precision": 0.7894736842105263, "recall": 0.9375, "f1-score": 0.8571428571428572, "support": 16}, "accuracy": 0.47844827586206895, "macro avg": {"precision": 0.41535534302856686, "recall": 0.5106646199294357, "f1-score": 0.41393592621030484, "support": 464}, "weighted avg": {"precision": 0.5719494978267696, "recall": 0.47844827586206895, "f1-score": 0.48360014462137163, "support": 464}}