{"0": {"precision": 0.7272727272727273, "recall": 0.5, "f1-score": 0.5925925925925926, "support": 16}, "1": {"precision": 0.0, "recall": 0.0, "f1-score": 0.0, "support": 15}, "2": {"precision": 0.0, "recall": 0.0, "f1-score": 0.0, "support": 3}, "3": {"precision": 0.0, "recall": 0.0, "f1-score": 0.0, "support": 17}, "4": {"precision": 0.22727272727272727, "recall": 0.625, "f1-score": 0.3333333333333333, "support": 8}, "5": {"precision": 0.18181818181818182, "recall": 0.2857142857142857, "f1-score": 0.2222222222222222, "support": 14}, "6": {"precision": 0.15384615384615385, "recall": 0.4, "f1-score": 0.2222222222222222, "support": 10}, "7": {"precision": 0.0, "recall": 0.0, "f1-score": 0.0, "support": 2}, "8": {"precision": 0.15384615384615385, "recall": 0.3333333333333333, "f1-score": 0.21052631578947367, "support": 6}, "9": {"precision": 0.0, "recall": 0.0, "f1-score": 0.0, "support": 12}, "10": {"precision": 0.3333333333333333, "recall": 0.16666666666666666, "f1-score": 0.2222222222222222, "support": 12}, "11": {"precision": 0.0, "recall": 0.0, "f1-score": 0.0, "support": 8}, "12": {"precision": 0.25, "recall": 0.3333333333333333, "f1-score": 0.28571428571428575, "support": 6}, "13": {"precision": 0.2222222222222222, "recall": 0.14285714285714285, "f1-score": 0.17391304347826086, "support": 14}, "14": {"precision": 0.0, "recall": 0.0, "f1-score": 0.0, "support": 7}, "15": {"precision": 0.25, "recall": 0.2, "f1-score": 0.22222222222222224, "support": 10}, "16": {"precision": 0.25, "recall": 0.6666666666666666, "f1-score": 0.36363636363636365, "support": 3}, "27": {"precision": 0.375, "recall": 1.0, "f1-score": 0.5454545454545454, "support": 9}, "28": {"precision": 0.0, "recall": 0.0, "f1-score": 0.0, "support": 13}, "29": {"precision": 0.0, "recall": 0.0, "f1-score": 0.0, "support": 5}, "32": {"precision": 0.5882352941176471, "recall": 0.29411764705882354, "f1-score": 0.3921568627450981, "support": 34}, "37": {"precision": 0.0, "recall": 0.0, "f1-score": 0.0, "support": 0}, "38": {"precision": 1.0, "recall": 0.8888888888888888, "f1-score": 0.9411764705882353, "support": 9}, "39": {"precision": 0.2857142857142857, "recall": 1.0, "f1-score": 0.4444444444444445, "support": 4}, "43": {"precision": 0.0, "recall": 0.0, "f1-score": 0.0, "support": 2}, "45": {"precision": 0.2857142857142857, "recall": 0.09523809523809523, "f1-score": 0.14285714285714285, "support": 21}, "47": {"precision": 0.0, "recall": 0.0, "f1-score": 0.0, "support": 5}, "53": {"precision": 0.6666666666666666, "recall": 0.8571428571428571, "f1-score": 0.75, "support": 7}, "56": {"precision": 0.13636363636363635, "recall": 0.25, "f1-score": 0.1764705882352941, "support": 12}, "60": {"precision": 0.0, "recall": 0.0, "f1-score": 0.0, "support": 3}, "61": {"precision": 0.14285714285714285, "recall": 0.2, "f1-score": 0.16666666666666666, "support": 5}, "62": {"precision": 0.2222222222222222, "recall": 0.25, "f1-score": 0.23529411764705882, "support": 8}, "63": {"precision": 0.0, "recall": 0.0, "f1-score": 0.0, "support": 3}, "65": {"precision": 0.6428571428571429, "recall": 0.2, "f1-score": 0.3050847457627119, "support": 45}, "68": {"precision": 0.0, "recall": 0.0, "f1-score": 0.0, "support": 2}, "70": {"precision": 0.043478260869565216, "recall": 1.0, "f1-score": 0.08333333333333333, "support": 1}, "72": {"precision": 0.5, "recall": 0.5, "f1-score": 0.5, "support": 2}, "75": {"precision": 1.0, "recall": 1.0, "f1-score": 1.0, "support": 3}, "78": {"precision": 0.5, "recall": 1.0, "f1-score": 0.6666666666666666, "support": 1}, "81": {"precision": 0.08333333333333333, "recall": 0.2, "f1-score": 0.11764705882352941, "support": 5}, "86": {"precision": 0.25, "recall": 1.0, "f1-score": 0.4, "support": 1}, "87": {"precision": 0.0, "recall": 0.0, "f1-score": 0.0, "support": 2}, "89": {"precision": 0.0, "recall": 0.0, "f1-score": 0.0, "support": 15}, "90": {"precision": 0.25, "recall": 1.0, "f1-score": 0.4, "support": 1}, "92": {"precision": 0.875, "recall": 0.4375, "f1-score": 0.5833333333333334, "support": 16}, "93": {"precision": 1.0, "recall": 0.7142857142857143, "f1-score": 0.8333333333333333, "support": 14}, "94": {"precision": 0.7142857142857143, "recall": 0.15625, "f1-score": 0.25641025641025644, "support": 32}, "95": {"precision": 0.25, "recall": 1.0, "f1-score": 0.4, "support": 1}, "96": {"precision": 0.9523809523809523, "recall": 1.0, "f1-score": 0.975609756097561, "support": 20}, "accuracy": 0.2995689655172414, "macro avg": {"precision": 0.2757902129998795, "recall": 0.3611631557384859, "f1-score": 0.2686641662414777, "support": 464}, "weighted avg": {"precision": 0.3947824973523062, "recall": 0.2995689655172414, "f1-score": 0.3005000031214358, "support": 464}}