{"0": {"precision": 1.0, "recall": 1.0, "f1-score": 1.0, "support": 19}, "1": {"precision": 0.625, "recall": 0.7894736842105263, "f1-score": 0.6976744186046512, "support": 19}, "2": {"precision": 1.0, "recall": 0.8666666666666667, "f1-score": 0.9285714285714286, "support": 15}, "3": {"precision": 1.0, "recall": 0.9444444444444444, "f1-score": 0.9714285714285714, "support": 54}, "4": {"precision": 0.0, "recall": 0.0, "f1-score": 0.0, "support": 31}, "5": {"precision": 0.8888888888888888, "recall": 0.8, "f1-score": 0.8421052631578948, "support": 20}, "6": {"precision": 1.0, "recall": 1.0, "f1-score": 1.0, "support": 14}, "7": {"precision": 0.3, "recall": 1.0, "f1-score": 0.4615384615384615, "support": 3}, "8": {"precision": 0.0, "recall": 0.0, "f1-score": 0.0, "support": 1}, "9": {"precision": 0.36363636363636365, "recall": 1.0, "f1-score": 0.5333333333333333, "support": 16}, "10": {"precision": 0.25, "recall": 0.45454545454545453, "f1-score": 0.3225806451612903, "support": 11}, "11": {"precision": 0.9375, "recall": 1.0, "f1-score": 0.967741935483871, "support": 15}, "12": {"precision": 1.0, "recall": 1.0, "f1-score": 1.0, "support": 18}, "13": {"precision": 1.0, "recall": 0.05263157894736842, "f1-score": 0.1, "support": 19}, "14": {"precision": 0.0, "recall": 0.0, "f1-score": 0.0, "support": 4}, "15": {"precision": 0.0, "recall": 0.0, "f1-score": 0.0, "support": 3}, "16": {"precision": 0.6, "recall": 1.0, "f1-score": 0.7499999999999999, "support": 3}, "17": {"precision": 0.5, "recall": 0.9285714285714286, "f1-score": 0.65, "support": 14}, "accuracy": 0.7240143369175627, "macro avg": {"precision": 0.5813902918069584, "recall": 0.6575740698547716, "f1-score": 0.5680541142933057, "support": 279}, "weighted avg": {"precision": 0.7203708229245864, "recall": 0.7240143369175627, "f1-score": 0.6764017861983568, "support": 279}}