{"0": {"precision": 0.3684210526315789, "recall": 0.7, "f1-score": 0.48275862068965514, "support": 10}, "1": {"precision": 0.05263157894736842, "recall": 0.2857142857142857, "f1-score": 0.08888888888888889, "support": 7}, "2": {"precision": 0.023809523809523808, "recall": 0.25, "f1-score": 0.04347826086956521, "support": 4}, "3": {"precision": 0.0, "recall": 0.0, "f1-score": 0.0, "support": 13}, "4": {"precision": 0.09090909090909091, "recall": 0.14285714285714285, "f1-score": 0.1111111111111111, "support": 7}, "5": {"precision": 0.08695652173913043, "recall": 0.3333333333333333, "f1-score": 0.13793103448275862, "support": 12}, "6": {"precision": 0.0, "recall": 0.0, "f1-score": 0.0, "support": 15}, "7": {"precision": 0.1, "recall": 0.25, "f1-score": 0.14285714285714288, "support": 4}, "8": {"precision": 0.0, "recall": 0.0, "f1-score": 0.0, "support": 2}, "9": {"precision": 0.0, "recall": 0.0, "f1-score": 0.0, "support": 12}, "10": {"precision": 0.0, "recall": 0.0, "f1-score": 0.0, "support": 14}, "11": {"precision": 0.0, "recall": 0.0, "f1-score": 0.0, "support": 9}, "12": {"precision": 0.0, "recall": 0.0, "f1-score": 0.0, "support": 9}, "13": {"precision": 0.0, "recall": 0.0, "f1-score": 0.0, "support": 10}, "14": {"precision": 0.0, "recall": 0.0, "f1-score": 0.0, "support": 9}, "15": {"precision": 0.0, "recall": 0.0, "f1-score": 0.0, "support": 10}, "16": {"precision": 0.2222222222222222, "recall": 0.6666666666666666, "f1-score": 0.3333333333333333, "support": 6}, "27": {"precision": 1.0, "recall": 0.875, "f1-score": 0.9333333333333333, "support": 8}, "28": {"precision": 0.6363636363636364, "recall": 0.5, "f1-score": 0.56, "support": 14}, "29": {"precision": 1.0, "recall": 0.7142857142857143, "f1-score": 0.8333333333333333, "support": 7}, "32": {"precision": 0.7407407407407407, "recall": 0.5555555555555556, "f1-score": 0.634920634920635, "support": 36}, "33": {"precision": 0.0, "recall": 0.0, "f1-score": 0.0, "support": 1}, "38": {"precision": 0.7142857142857143, "recall": 1.0, "f1-score": 0.8333333333333333, "support": 5}, "39": {"precision": 1.0, "recall": 0.5, "f1-score": 0.6666666666666666, "support": 4}, "43": {"precision": 1.0, "recall": 1.0, "f1-score": 1.0, "support": 5}, "45": {"precision": 0.6111111111111112, "recall": 0.88, "f1-score": 0.7213114754098361, "support": 25}, "47": {"precision": 1.0, "recall": 0.7142857142857143, "f1-score": 0.8333333333333333, "support": 7}, "52": {"precision": 0.0, "recall": 0.0, "f1-score": 0.0, "support": 1}, "53": {"precision": 1.0, "recall": 0.8888888888888888, "f1-score": 0.9411764705882353, "support": 9}, "56": {"precision": 0.0, "recall": 0.0, "f1-score": 0.0, "support": 12}, "60": {"precision": 0.5, "recall": 0.6666666666666666, "f1-score": 0.5714285714285715, "support": 3}, "61": {"precision": 0.0, "recall": 0.0, "f1-score": 0.0, "support": 2}, "62": {"precision": 0.2857142857142857, "recall": 0.3333333333333333, "f1-score": 0.30769230769230765, "support": 6}, "63": {"precision": 0.0, "recall": 0.0, "f1-score": 0.0, "support": 2}, "65": {"precision": 0.9473684210526315, "recall": 0.3829787234042553, "f1-score": 0.5454545454545454, "support": 47}, "68": {"precision": 0.0, "recall": 0.0, "f1-score": 0.0, "support": 0}, "70": {"precision": 0.125, "recall": 1.0, "f1-score": 0.2222222222222222, "support": 1}, "72": {"precision": 0.2, "recall": 1.0, "f1-score": 0.33333333333333337, "support": 1}, "75": {"precision": 1.0, "recall": 1.0, "f1-score": 1.0, "support": 3}, "78": {"precision": 0.5, "recall": 1.0, "f1-score": 0.6666666666666666, "support": 1}, "81": {"precision": 0.16666666666666666, "recall": 0.2, "f1-score": 0.1818181818181818, "support": 5}, "87": {"precision": 0.0, "recall": 0.0, "f1-score": 0.0, "support": 0}, "89": {"precision": 0.875, "recall": 0.5833333333333334, "f1-score": 0.7000000000000001, "support": 12}, "90": {"precision": 0.0, "recall": 0.0, "f1-score": 0.0, "support": 0}, "92": {"precision": 0.8461538461538461, "recall": 1.0, "f1-score": 0.9166666666666666, "support": 22}, "93": {"precision": 0.9, "recall": 1.0, "f1-score": 0.9473684210526316, "support": 9}, "94": {"precision": 0.8260869565217391, "recall": 0.4418604651162791, "f1-score": 0.5757575757575758, "support": 43}, "95": {"precision": 0.0, "recall": 0.0, "f1-score": 0.0, "support": 0}, "96": {"precision": 1.0, "recall": 1.0, "f1-score": 1.0, "support": 20}, "accuracy": 0.45689655172413796, "macro avg": {"precision": 0.36366206875243445, "recall": 0.405403261702881, "f1-score": 0.35237092786211965, "support": 464}, "weighted avg": {"precision": 0.5325906625272155, "recall": 0.45689655172413796, "f1-score": 0.46330594702969496, "support": 464}}