{"0": {"precision": 0.23529411764705882, "recall": 0.4444444444444444, "f1-score": 0.30769230769230765, "support": 9}, "1": {"precision": 0.0625, "recall": 0.1111111111111111, "f1-score": 0.08, "support": 9}, "2": {"precision": 0.0, "recall": 0.0, "f1-score": 0.0, "support": 4}, "3": {"precision": 0.10810810810810811, "recall": 0.3333333333333333, "f1-score": 0.163265306122449, "support": 12}, "4": {"precision": 0.25, "recall": 0.07142857142857142, "f1-score": 0.11111111111111112, "support": 14}, "5": {"precision": 0.0, "recall": 0.0, "f1-score": 0.0, "support": 9}, "6": {"precision": 0.0, "recall": 0.0, "f1-score": 0.0, "support": 12}, "7": {"precision": 0.18181818181818182, "recall": 0.6666666666666666, "f1-score": 0.28571428571428575, "support": 3}, "8": {"precision": 0.0, "recall": 0.0, "f1-score": 0.0, "support": 5}, "9": {"precision": 0.2, "recall": 0.0625, "f1-score": 0.09523809523809523, "support": 16}, "10": {"precision": 0.0, "recall": 0.0, "f1-score": 0.0, "support": 14}, "11": {"precision": 0.0625, "recall": 0.2, "f1-score": 0.09523809523809523, "support": 5}, "12": {"precision": 0.5, "recall": 0.09090909090909091, "f1-score": 0.15384615384615385, "support": 11}, "13": {"precision": 0.09090909090909091, "recall": 0.07692307692307693, "f1-score": 0.08333333333333334, "support": 13}, "14": {"precision": 0.3, "recall": 0.2727272727272727, "f1-score": 0.28571428571428564, "support": 11}, "15": {"precision": 0.125, "recall": 0.07692307692307693, "f1-score": 0.09523809523809525, "support": 13}, "16": {"precision": 0.09090909090909091, "recall": 0.3333333333333333, "f1-score": 0.14285714285714288, "support": 6}, "27": {"precision": 0.3076923076923077, "recall": 1.0, "f1-score": 0.47058823529411764, "support": 4}, "28": {"precision": 0.7368421052631579, "recall": 0.7368421052631579, "f1-score": 0.7368421052631579, "support": 19}, "29": {"precision": 0.6, "recall": 0.6, "f1-score": 0.6, "support": 5}, "32": {"precision": 1.0, "recall": 0.24444444444444444, "f1-score": 0.39285714285714285, "support": 45}, "37": {"precision": 0.0, "recall": 0.0, "f1-score": 0.0, "support": 1}, "38": {"precision": 0.8888888888888888, "recall": 1.0, "f1-score": 0.9411764705882353, "support": 8}, "39": {"precision": 1.0, "recall": 1.0, "f1-score": 1.0, "support": 2}, "43": {"precision": 0.25, "recall": 0.14285714285714285, "f1-score": 0.18181818181818182, "support": 7}, "45": {"precision": 0.3793103448275862, "recall": 0.6875, "f1-score": 0.4888888888888889, "support": 16}, "47": {"precision": 0.5, "recall": 0.6666666666666666, "f1-score": 0.5714285714285715, "support": 3}, "52": {"precision": 0.09090909090909091, "recall": 1.0, "f1-score": 0.16666666666666669, "support": 1}, "53": {"precision": 1.0, "recall": 0.2, "f1-score": 0.33333333333333337, "support": 5}, "56": {"precision": 0.28, "recall": 0.5384615384615384, "f1-score": 0.3684210526315789, "support": 13}, "60": {"precision": 0.0, "recall": 0.0, "f1-score": 0.0, "support": 1}, "61": {"precision": 0.0, "recall": 0.0, "f1-score": 0.0, "support": 2}, "62": {"precision": 1.0, "recall": 0.3, "f1-score": 0.4615384615384615, "support": 10}, "63": {"precision": 0.0, "recall": 0.0, "f1-score": 0.0, "support": 4}, "65": {"precision": 0.9473684210526315, "recall": 0.2727272727272727, "f1-score": 0.4235294117647058, "support": 66}, "68": {"precision": 0.0, "recall": 0.0, "f1-score": 0.0, "support": 1}, "70": {"precision": 0.0, "recall": 0.0, "f1-score": 0.0, "support": 1}, "72": {"precision": 0.043478260869565216, "recall": 1.0, "f1-score": 0.08333333333333333, "support": 1}, "75": {"precision": 1.0, "recall": 1.0, "f1-score": 1.0, "support": 1}, "78": {"precision": 1.0, "recall": 1.0, "f1-score": 1.0, "support": 3}, "80": {"precision": 0.5, "recall": 1.0, "f1-score": 0.6666666666666666, "support": 1}, "81": {"precision": 0.2222222222222222, "recall": 0.4, "f1-score": 0.2857142857142857, "support": 5}, "86": {"precision": 0.0, "recall": 0.0, "f1-score": 0.0, "support": 0}, "87": {"precision": 0.0, "recall": 0.0, "f1-score": 0.0, "support": 1}, "89": {"precision": 0.45, "recall": 0.6923076923076923, "f1-score": 0.5454545454545455, "support": 13}, "90": {"precision": 0.0, "recall": 0.0, "f1-score": 0.0, "support": 0}, "92": {"precision": 0.75, "recall": 0.9, "f1-score": 0.8181818181818182, "support": 10}, "93": {"precision": 0.9, "recall": 1.0, "f1-score": 0.9473684210526316, "support": 9}, "94": {"precision": 0.5714285714285714, "recall": 0.17391304347826086, "f1-score": 0.26666666666666666, "support": 23}, "95": {"precision": 0.3333333333333333, "recall": 1.0, "f1-score": 0.5, "support": 1}, "96": {"precision": 1.0, "recall": 1.0, "f1-score": 1.0, "support": 16}, "accuracy": 0.35344827586206895, "macro avg": {"precision": 0.3521276889388017, "recall": 0.3979611741961991, "f1-score": 0.31666122492643817, "support": 464}, "weighted avg": {"precision": 0.5241088840873356, "recall": 0.35344827586206895, "f1-score": 0.359001079948984, "support": 464}}