{"0": {"precision": 1.0, "recall": 1.0, "f1-score": 1.0, "support": 16}, "1": {"precision": 0.8235294117647058, "recall": 0.6363636363636364, "f1-score": 0.717948717948718, "support": 22}, "2": {"precision": 1.0, "recall": 1.0, "f1-score": 1.0, "support": 16}, "3": {"precision": 1.0, "recall": 0.9736842105263158, "f1-score": 0.9866666666666666, "support": 38}, "4": {"precision": 0.9, "recall": 0.9473684210526315, "f1-score": 0.9230769230769231, "support": 38}, "5": {"precision": 1.0, "recall": 0.7407407407407407, "f1-score": 0.851063829787234, "support": 27}, "6": {"precision": 1.0, "recall": 1.0, "f1-score": 1.0, "support": 16}, "7": {"precision": 0.0, "recall": 0.0, "f1-score": 0.0, "support": 2}, "8": {"precision": 1.0, "recall": 1.0, "f1-score": 1.0, "support": 4}, "9": {"precision": 0.5909090909090909, "recall": 0.8125, "f1-score": 0.6842105263157896, "support": 16}, "10": {"precision": 0.8461538461538461, "recall": 0.6875, "f1-score": 0.7586206896551724, "support": 16}, "11": {"precision": 1.0, "recall": 1.0, "f1-score": 1.0, "support": 18}, "12": {"precision": 0.6428571428571429, "recall": 1.0, "f1-score": 0.782608695652174, "support": 9}, "13": {"precision": 0.9411764705882353, "recall": 0.9411764705882353, "f1-score": 0.9411764705882353, "support": 17}, "14": {"precision": 0.0, "recall": 0.0, "f1-score": 0.0, "support": 3}, "15": {"precision": 0.5, "recall": 0.5, "f1-score": 0.5, "support": 2}, "16": {"precision": 0.6666666666666666, "recall": 1.0, "f1-score": 0.8, "support": 4}, "17": {"precision": 0.9375, "recall": 1.0, "f1-score": 0.967741935483871, "support": 15}, "accuracy": 0.8817204301075269, "macro avg": {"precision": 0.769377368274427, "recall": 0.7910740821817533, "f1-score": 0.7729508030652659, "support": 279}, "weighted avg": {"precision": 0.8954320251047007, "recall": 0.8817204301075269, "f1-score": 0.882396983362174, "support": 279}}