{"0": {"precision": 0.8333333333333334, "recall": 0.9375, "f1-score": 0.8823529411764706, "support": 16}, "1": {"precision": 0.8333333333333334, "recall": 0.45454545454545453, "f1-score": 0.5882352941176471, "support": 22}, "2": {"precision": 1.0, "recall": 0.9375, "f1-score": 0.967741935483871, "support": 16}, "3": {"precision": 1.0, "recall": 0.868421052631579, "f1-score": 0.9295774647887324, "support": 38}, "4": {"precision": 0.9333333333333333, "recall": 0.7368421052631579, "f1-score": 0.8235294117647058, "support": 38}, "5": {"precision": 0.8888888888888888, "recall": 0.5925925925925926, "f1-score": 0.711111111111111, "support": 27}, "6": {"precision": 1.0, "recall": 1.0, "f1-score": 1.0, "support": 16}, "7": {"precision": 0.0, "recall": 0.0, "f1-score": 0.0, "support": 2}, "8": {"precision": 1.0, "recall": 1.0, "f1-score": 1.0, "support": 4}, "9": {"precision": 0.25, "recall": 0.0625, "f1-score": 0.1, "support": 16}, "10": {"precision": 0.5, "recall": 1.0, "f1-score": 0.6666666666666666, "support": 16}, "11": {"precision": 0.9473684210526315, "recall": 1.0, "f1-score": 0.972972972972973, "support": 18}, "12": {"precision": 1.0, "recall": 1.0, "f1-score": 1.0, "support": 9}, "13": {"precision": 1.0, "recall": 0.7647058823529411, "f1-score": 0.8666666666666666, "support": 17}, "14": {"precision": 0.75, "recall": 1.0, "f1-score": 0.8571428571428571, "support": 3}, "15": {"precision": 0.07692307692307693, "recall": 1.0, "f1-score": 0.14285714285714288, "support": 2}, "16": {"precision": 0.5, "recall": 1.0, "f1-score": 0.6666666666666666, "support": 4}, "17": {"precision": 0.8823529411764706, "recall": 1.0, "f1-score": 0.9375, "support": 15}, "accuracy": 0.7813620071684588, "macro avg": {"precision": 0.7441962960022815, "recall": 0.7974781715214292, "f1-score": 0.7285011739675283, "support": 279}, "weighted avg": {"precision": 0.8524197318414836, "recall": 0.7813620071684588, "f1-score": 0.7937655155681268, "support": 279}}