{"0": {"precision": 1.0, "recall": 1.0, "f1-score": 1.0, "support": 16}, "1": {"precision": 0.3157894736842105, "recall": 0.8181818181818182, "f1-score": 0.4556962025316456, "support": 22}, "2": {"precision": 1.0, "recall": 1.0, "f1-score": 1.0, "support": 16}, "3": {"precision": 1.0, "recall": 0.9736842105263158, "f1-score": 0.9866666666666666, "support": 38}, "4": {"precision": 0.0, "recall": 0.0, "f1-score": 0.0, "support": 38}, "5": {"precision": 1.0, "recall": 0.7407407407407407, "f1-score": 0.851063829787234, "support": 27}, "6": {"precision": 1.0, "recall": 1.0, "f1-score": 1.0, "support": 16}, "7": {"precision": 0.18181818181818182, "recall": 1.0, "f1-score": 0.3076923076923077, "support": 2}, "8": {"precision": 0.0, "recall": 0.0, "f1-score": 0.0, "support": 4}, "9": {"precision": 0.43333333333333335, "recall": 0.8125, "f1-score": 0.5652173913043479, "support": 16}, "10": {"precision": 0.3, "recall": 0.375, "f1-score": 0.33333333333333326, "support": 16}, "11": {"precision": 1.0, "recall": 1.0, "f1-score": 1.0, "support": 18}, "12": {"precision": 0.47368421052631576, "recall": 1.0, "f1-score": 0.6428571428571429, "support": 9}, "13": {"precision": 0.0, "recall": 0.0, "f1-score": 0.0, "support": 17}, "14": {"precision": 0.0, "recall": 0.0, "f1-score": 0.0, "support": 3}, "15": {"precision": 0.0, "recall": 0.0, "f1-score": 0.0, "support": 2}, "16": {"precision": 1.0, "recall": 1.0, "f1-score": 1.0, "support": 4}, "17": {"precision": 1.0, "recall": 1.0, "f1-score": 1.0, "support": 15}, "accuracy": 0.6810035842293907, "macro avg": {"precision": 0.5391458444090023, "recall": 0.6511170427471598, "f1-score": 0.5634737152318154, "support": 279}, "weighted avg": {"precision": 0.6211738208342623, "recall": 0.6810035842293907, "f1-score": 0.631811052647264, "support": 279}}