{"0": {"precision": 0.5333333333333333, "recall": 0.8, "f1-score": 0.64, "support": 10}, "1": {"precision": 0.05714285714285714, "recall": 0.2857142857142857, "f1-score": 0.09523809523809522, "support": 7}, "2": {"precision": 0.02, "recall": 0.25, "f1-score": 0.037037037037037035, "support": 4}, "3": {"precision": 0.0, "recall": 0.0, "f1-score": 0.0, "support": 13}, "4": {"precision": 0.0, "recall": 0.0, "f1-score": 0.0, "support": 7}, "5": {"precision": 0.05555555555555555, "recall": 0.16666666666666666, "f1-score": 0.08333333333333333, "support": 12}, "6": {"precision": 0.0, "recall": 0.0, "f1-score": 0.0, "support": 15}, "7": {"precision": 0.0, "recall": 0.0, "f1-score": 0.0, "support": 4}, "8": {"precision": 0.0, "recall": 0.0, "f1-score": 0.0, "support": 2}, "9": {"precision": 0.0, "recall": 0.0, "f1-score": 0.0, "support": 12}, "10": {"precision": 0.0, "recall": 0.0, "f1-score": 0.0, "support": 14}, "11": {"precision": 0.0, "recall": 0.0, "f1-score": 0.0, "support": 9}, "12": {"precision": 1.0, "recall": 0.1111111111111111, "f1-score": 0.19999999999999998, "support": 9}, "13": {"precision": 0.0, "recall": 0.0, "f1-score": 0.0, "support": 10}, "14": {"precision": 0.0, "recall": 0.0, "f1-score": 0.0, "support": 9}, "15": {"precision": 0.0, "recall": 0.0, "f1-score": 0.0, "support": 10}, "16": {"precision": 0.25, "recall": 0.8333333333333334, "f1-score": 0.3846153846153846, "support": 6}, "27": {"precision": 1.0, "recall": 1.0, "f1-score": 1.0, "support": 8}, "28": {"precision": 0.7, "recall": 0.5, "f1-score": 0.5833333333333334, "support": 14}, "29": {"precision": 1.0, "recall": 0.5714285714285714, "f1-score": 0.7272727272727273, "support": 7}, "32": {"precision": 1.0, "recall": 0.4444444444444444, "f1-score": 0.6153846153846153, "support": 36}, "33": {"precision": 0.0, "recall": 0.0, "f1-score": 0.0, "support": 1}, "38": {"precision": 0.8333333333333334, "recall": 1.0, "f1-score": 0.9090909090909091, "support": 5}, "39": {"precision": 1.0, "recall": 1.0, "f1-score": 1.0, "support": 4}, "43": {"precision": 0.625, "recall": 1.0, "f1-score": 0.7692307692307693, "support": 5}, "45": {"precision": 0.5135135135135135, "recall": 0.76, "f1-score": 0.6129032258064517, "support": 25}, "47": {"precision": 1.0, "recall": 0.7142857142857143, "f1-score": 0.8333333333333333, "support": 7}, "52": {"precision": 0.2, "recall": 1.0, "f1-score": 0.33333333333333337, "support": 1}, "53": {"precision": 1.0, "recall": 0.8888888888888888, "f1-score": 0.9411764705882353, "support": 9}, "56": {"precision": 0.0, "recall": 0.0, "f1-score": 0.0, "support": 12}, "60": {"precision": 0.16666666666666666, "recall": 0.3333333333333333, "f1-score": 0.2222222222222222, "support": 3}, "61": {"precision": 0.0, "recall": 0.0, "f1-score": 0.0, "support": 2}, "62": {"precision": 1.0, "recall": 0.16666666666666666, "f1-score": 0.2857142857142857, "support": 6}, "63": {"precision": 0.0, "recall": 0.0, "f1-score": 0.0, "support": 2}, "65": {"precision": 1.0, "recall": 0.3404255319148936, "f1-score": 0.5079365079365079, "support": 47}, "68": {"precision": 0.0, "recall": 0.0, "f1-score": 0.0, "support": 0}, "70": {"precision": 0.07692307692307693, "recall": 1.0, "f1-score": 0.14285714285714288, "support": 1}, "72": {"precision": 0.3333333333333333, "recall": 1.0, "f1-score": 0.5, "support": 1}, "75": {"precision": 1.0, "recall": 1.0, "f1-score": 1.0, "support": 3}, "78": {"precision": 1.0, "recall": 1.0, "f1-score": 1.0, "support": 1}, "81": {"precision": 1.0, "recall": 0.2, "f1-score": 0.33333333333333337, "support": 5}, "87": {"precision": 0.0, "recall": 0.0, "f1-score": 0.0, "support": 0}, "89": {"precision": 0.7777777777777778, "recall": 0.5833333333333334, "f1-score": 0.6666666666666666, "support": 12}, "90": {"precision": 0.0, "recall": 0.0, "f1-score": 0.0, "support": 0}, "92": {"precision": 0.8461538461538461, "recall": 1.0, "f1-score": 0.9166666666666666, "support": 22}, "93": {"precision": 0.6428571428571429, "recall": 1.0, "f1-score": 0.782608695652174, "support": 9}, "94": {"precision": 0.9130434782608695, "recall": 0.4883720930232558, "f1-score": 0.6363636363636364, "support": 43}, "96": {"precision": 0.9090909090909091, "recall": 1.0, "f1-score": 0.9523809523809523, "support": 20}, "accuracy": 0.4418103448275862, "macro avg": {"precision": 0.42611926716546283, "recall": 0.42579174946134374, "f1-score": 0.36900068077898224, "support": 464}, "weighted avg": {"precision": 0.5866312088280792, "recall": 0.4418103448275862, "f1-score": 0.457479020204619, "support": 464}}