{"0": {"precision": 0.5384615384615384, "recall": 0.4375, "f1-score": 0.4827586206896552, "support": 16}, "1": {"precision": 0.06315789473684211, "recall": 0.4, "f1-score": 0.1090909090909091, "support": 15}, "2": {"precision": 0.058823529411764705, "recall": 0.3333333333333333, "f1-score": 0.1, "support": 3}, "3": {"precision": 0.0, "recall": 0.0, "f1-score": 0.0, "support": 17}, "4": {"precision": 0.21739130434782608, "recall": 0.625, "f1-score": 0.3225806451612903, "support": 8}, "5": {"precision": 0.0, "recall": 0.0, "f1-score": 0.0, "support": 14}, "6": {"precision": 0.0, "recall": 0.0, "f1-score": 0.0, "support": 10}, "7": {"precision": 0.0, "recall": 0.0, "f1-score": 0.0, "support": 2}, "8": {"precision": 0.0, "recall": 0.0, "f1-score": 0.0, "support": 6}, "9": {"precision": 0.0, "recall": 0.0, "f1-score": 0.0, "support": 12}, "10": {"precision": 0.0, "recall": 0.0, "f1-score": 0.0, "support": 12}, "11": {"precision": 0.0, "recall": 0.0, "f1-score": 0.0, "support": 8}, "12": {"precision": 0.0, "recall": 0.0, "f1-score": 0.0, "support": 6}, "13": {"precision": 0.0, "recall": 0.0, "f1-score": 0.0, "support": 14}, "14": {"precision": 0.0, "recall": 0.0, "f1-score": 0.0, "support": 7}, "15": {"precision": 0.0, "recall": 0.0, "f1-score": 0.0, "support": 10}, "16": {"precision": 0.6666666666666666, "recall": 0.6666666666666666, "f1-score": 0.6666666666666666, "support": 3}, "27": {"precision": 0.6923076923076923, "recall": 1.0, "f1-score": 0.8181818181818181, "support": 9}, "28": {"precision": 0.4, "recall": 0.15384615384615385, "f1-score": 0.2222222222222222, "support": 13}, "29": {"precision": 0.5, "recall": 0.6, "f1-score": 0.5454545454545454, "support": 5}, "32": {"precision": 0.75, "recall": 0.35294117647058826, "f1-score": 0.48, "support": 34}, "37": {"precision": 0.0, "recall": 0.0, "f1-score": 0.0, "support": 0}, "38": {"precision": 1.0, "recall": 0.8888888888888888, "f1-score": 0.9411764705882353, "support": 9}, "39": {"precision": 0.4444444444444444, "recall": 1.0, "f1-score": 0.6153846153846153, "support": 4}, "43": {"precision": 0.3333333333333333, "recall": 0.5, "f1-score": 0.4, "support": 2}, "45": {"precision": 0.1, "recall": 0.047619047619047616, "f1-score": 0.06451612903225806, "support": 21}, "47": {"precision": 0.14285714285714285, "recall": 0.4, "f1-score": 0.21052631578947364, "support": 5}, "52": {"precision": 0.0, "recall": 0.0, "f1-score": 0.0, "support": 0}, "53": {"precision": 1.0, "recall": 0.8571428571428571, "f1-score": 0.923076923076923, "support": 7}, "56": {"precision": 0.3333333333333333, "recall": 0.08333333333333333, "f1-score": 0.13333333333333333, "support": 12}, "60": {"precision": 0.0, "recall": 0.0, "f1-score": 0.0, "support": 3}, "61": {"precision": 0.0, "recall": 0.0, "f1-score": 0.0, "support": 5}, "62": {"precision": 0.5, "recall": 0.625, "f1-score": 0.5555555555555556, "support": 8}, "63": {"precision": 0.5, "recall": 1.0, "f1-score": 0.6666666666666666, "support": 3}, "65": {"precision": 0.6470588235294118, "recall": 0.24444444444444444, "f1-score": 0.3548387096774193, "support": 45}, "68": {"precision": 0.0, "recall": 0.0, "f1-score": 0.0, "support": 2}, "70": {"precision": 0.0, "recall": 0.0, "f1-score": 0.0, "support": 1}, "72": {"precision": 0.3333333333333333, "recall": 0.5, "f1-score": 0.4, "support": 2}, "75": {"precision": 1.0, "recall": 1.0, "f1-score": 1.0, "support": 3}, "78": {"precision": 0.0, "recall": 0.0, "f1-score": 0.0, "support": 1}, "80": {"precision": 0.0, "recall": 0.0, "f1-score": 0.0, "support": 0}, "81": {"precision": 1.0, "recall": 0.2, "f1-score": 0.33333333333333337, "support": 5}, "86": {"precision": 0.5, "recall": 1.0, "f1-score": 0.6666666666666666, "support": 1}, "87": {"precision": 0.5, "recall": 0.5, "f1-score": 0.5, "support": 2}, "89": {"precision": 0.5789473684210527, "recall": 0.7333333333333333, "f1-score": 0.6470588235294117, "support": 15}, "90": {"precision": 1.0, "recall": 1.0, "f1-score": 1.0, "support": 1}, "92": {"precision": 0.6666666666666666, "recall": 1.0, "f1-score": 0.8, "support": 16}, "93": {"precision": 1.0, "recall": 0.9285714285714286, "f1-score": 0.962962962962963, "support": 14}, "94": {"precision": 0.9166666666666666, "recall": 0.34375, "f1-score": 0.5, "support": 32}, "95": {"precision": 0.0, "recall": 0.0, "f1-score": 0.0, "support": 1}, "96": {"precision": 0.5135135135135135, "recall": 0.95, "f1-score": 0.6666666666666667, "support": 20}, "accuracy": 0.3599137931034483, "macro avg": {"precision": 0.3313130049417888, "recall": 0.3602229541892172, "f1-score": 0.31546507058295353, "support": 464}, "weighted avg": {"precision": 0.4243677757996353, "recall": 0.3599137931034483, "f1-score": 0.34829374361314636, "support": 464}}