{"0": {"precision": 0.4444444444444444, "recall": 0.42105263157894735, "f1-score": 0.43243243243243246, "support": 19}, "1": {"precision": 0.3448275862068966, "recall": 0.8333333333333334, "f1-score": 0.4878048780487806, "support": 12}, "2": {"precision": 1.0, "recall": 0.2777777777777778, "f1-score": 0.4347826086956522, "support": 18}, "3": {"precision": 0.75, "recall": 0.7142857142857143, "f1-score": 0.7317073170731706, "support": 42}, "4": {"precision": 0.9166666666666666, "recall": 0.4074074074074074, "f1-score": 0.5641025641025641, "support": 27}, "5": {"precision": 0.625, "recall": 0.19230769230769232, "f1-score": 0.29411764705882354, "support": 26}, "6": {"precision": 0.8947368421052632, "recall": 1.0, "f1-score": 0.9444444444444444, "support": 17}, "7": {"precision": 0.2, "recall": 1.0, "f1-score": 0.33333333333333337, "support": 2}, "8": {"precision": 0.0, "recall": 0.0, "f1-score": 0.0, "support": 1}, "9": {"precision": 0.4583333333333333, "recall": 0.7857142857142857, "f1-score": 0.5789473684210527, "support": 14}, "10": {"precision": 0.0, "recall": 0.0, "f1-score": 0.0, "support": 21}, "11": {"precision": 0.6666666666666666, "recall": 1.0, "f1-score": 0.8, "support": 24}, "12": {"precision": 0.9473684210526315, "recall": 1.0, "f1-score": 0.972972972972973, "support": 18}, "13": {"precision": 0.4782608695652174, "recall": 0.6875, "f1-score": 0.5641025641025642, "support": 16}, "14": {"precision": 0.0, "recall": 0.0, "f1-score": 0.0, "support": 5}, "15": {"precision": 0.0, "recall": 0.0, "f1-score": 0.0, "support": 2}, "16": {"precision": 0.16666666666666666, "recall": 1.0, "f1-score": 0.2857142857142857, "support": 3}, "17": {"precision": 1.0, "recall": 0.75, "f1-score": 0.8571428571428571, "support": 12}, "accuracy": 0.5878136200716846, "macro avg": {"precision": 0.4940539720393215, "recall": 0.5594099356891754, "f1-score": 0.4600891818634963, "support": 279}, "weighted avg": {"precision": 0.6391196199045669, "recall": 0.5878136200716846, "f1-score": 0.5634946026624508, "support": 279}}