{"0": {"precision": 1.0, "recall": 1.0, "f1-score": 1.0, "support": 19}, "1": {"precision": 0.5, "recall": 0.7894736842105263, "f1-score": 0.6122448979591837, "support": 19}, "2": {"precision": 1.0, "recall": 0.8666666666666667, "f1-score": 0.9285714285714286, "support": 15}, "3": {"precision": 1.0, "recall": 0.9444444444444444, "f1-score": 0.9714285714285714, "support": 54}, "4": {"precision": 0.95, "recall": 0.6129032258064516, "f1-score": 0.7450980392156863, "support": 31}, "5": {"precision": 1.0, "recall": 0.8, "f1-score": 0.888888888888889, "support": 20}, "6": {"precision": 0.875, "recall": 1.0, "f1-score": 0.9333333333333333, "support": 14}, "7": {"precision": 0.2727272727272727, "recall": 1.0, "f1-score": 0.42857142857142855, "support": 3}, "8": {"precision": 0.0, "recall": 0.0, "f1-score": 0.0, "support": 1}, "9": {"precision": 0.48148148148148145, "recall": 0.8125, "f1-score": 0.6046511627906976, "support": 16}, "10": {"precision": 0.24, "recall": 0.5454545454545454, "f1-score": 0.3333333333333333, "support": 11}, "11": {"precision": 1.0, "recall": 1.0, "f1-score": 1.0, "support": 15}, "12": {"precision": 1.0, "recall": 1.0, "f1-score": 1.0, "support": 18}, "13": {"precision": 1.0, "recall": 0.05263157894736842, "f1-score": 0.1, "support": 19}, "14": {"precision": 0.0, "recall": 0.0, "f1-score": 0.0, "support": 4}, "15": {"precision": 0.0, "recall": 0.0, "f1-score": 0.0, "support": 3}, "16": {"precision": 1.0, "recall": 1.0, "f1-score": 1.0, "support": 3}, "17": {"precision": 1.0, "recall": 1.0, "f1-score": 1.0, "support": 14}, "accuracy": 0.7885304659498208, "macro avg": {"precision": 0.6844004863449308, "recall": 0.6902263414183335, "f1-score": 0.6414511713384751, "support": 279}, "weighted avg": {"precision": 0.857927905096364, "recall": 0.7885304659498208, "f1-score": 0.779525629262013, "support": 279}}