{"0": {"precision": 0.7142857142857143, "recall": 0.5, "f1-score": 0.588235294117647, "support": 10}, "1": {"precision": 0.1, "recall": 0.14285714285714285, "f1-score": 0.11764705882352941, "support": 7}, "2": {"precision": 0.058823529411764705, "recall": 0.25, "f1-score": 0.09523809523809523, "support": 4}, "3": {"precision": 0.08333333333333333, "recall": 0.23076923076923078, "f1-score": 0.12244897959183675, "support": 13}, "4": {"precision": 0.0, "recall": 0.0, "f1-score": 0.0, "support": 7}, "5": {"precision": 0.0, "recall": 0.0, "f1-score": 0.0, "support": 12}, "6": {"precision": 0.1111111111111111, "recall": 0.06666666666666667, "f1-score": 0.08333333333333334, "support": 15}, "7": {"precision": 0.0, "recall": 0.0, "f1-score": 0.0, "support": 4}, "8": {"precision": 0.0, "recall": 0.0, "f1-score": 0.0, "support": 2}, "9": {"precision": 0.125, "recall": 0.08333333333333333, "f1-score": 0.1, "support": 12}, "10": {"precision": 0.0, "recall": 0.0, "f1-score": 0.0, "support": 14}, "11": {"precision": 0.0, "recall": 0.0, "f1-score": 0.0, "support": 9}, "12": {"precision": 0.0, "recall": 0.0, "f1-score": 0.0, "support": 9}, "13": {"precision": 0.4, "recall": 0.2, "f1-score": 0.26666666666666666, "support": 10}, "14": {"precision": 0.0, "recall": 0.0, "f1-score": 0.0, "support": 9}, "15": {"precision": 0.05405405405405406, "recall": 0.2, "f1-score": 0.0851063829787234, "support": 10}, "16": {"precision": 0.1, "recall": 0.16666666666666666, "f1-score": 0.125, "support": 6}, "27": {"precision": 0.5, "recall": 1.0, "f1-score": 0.6666666666666666, "support": 8}, "28": {"precision": 0.6666666666666666, "recall": 0.8571428571428571, "f1-score": 0.75, "support": 14}, "29": {"precision": 0.0, "recall": 0.0, "f1-score": 0.0, "support": 7}, "32": {"precision": 0.7142857142857143, "recall": 0.2777777777777778, "f1-score": 0.4, "support": 36}, "33": {"precision": 1.0, "recall": 1.0, "f1-score": 1.0, "support": 1}, "37": {"precision": 0.0, "recall": 0.0, "f1-score": 0.0, "support": 0}, "38": {"precision": 1.0, "recall": 1.0, "f1-score": 1.0, "support": 5}, "39": {"precision": 1.0, "recall": 1.0, "f1-score": 1.0, "support": 4}, "43": {"precision": 0.6666666666666666, "recall": 0.8, "f1-score": 0.7272727272727272, "support": 5}, "45": {"precision": 0.5365853658536586, "recall": 0.88, "f1-score": 0.6666666666666667, "support": 25}, "47": {"precision": 0.5833333333333334, "recall": 1.0, "f1-score": 0.7368421052631579, "support": 7}, "52": {"precision": 0.0, "recall": 0.0, "f1-score": 0.0, "support": 1}, "53": {"precision": 1.0, "recall": 0.8888888888888888, "f1-score": 0.9411764705882353, "support": 9}, "56": {"precision": 0.5, "recall": 0.08333333333333333, "f1-score": 0.14285714285714285, "support": 12}, "60": {"precision": 0.5, "recall": 1.0, "f1-score": 0.6666666666666666, "support": 3}, "61": {"precision": 0.0, "recall": 0.0, "f1-score": 0.0, "support": 2}, "62": {"precision": 0.5, "recall": 0.16666666666666666, "f1-score": 0.25, "support": 6}, "63": {"precision": 0.0, "recall": 0.0, "f1-score": 0.0, "support": 2}, "65": {"precision": 1.0, "recall": 0.425531914893617, "f1-score": 0.5970149253731344, "support": 47}, "68": {"precision": 0.0, "recall": 0.0, "f1-score": 0.0, "support": 0}, "70": {"precision": 0.07692307692307693, "recall": 1.0, "f1-score": 0.14285714285714288, "support": 1}, "72": {"precision": 0.5, "recall": 1.0, "f1-score": 0.6666666666666666, "support": 1}, "75": {"precision": 1.0, "recall": 1.0, "f1-score": 1.0, "support": 3}, "78": {"precision": 0.0, "recall": 0.0, "f1-score": 0.0, "support": 1}, "80": {"precision": 0.0, "recall": 0.0, "f1-score": 0.0, "support": 0}, "81": {"precision": 0.4444444444444444, "recall": 0.8, "f1-score": 0.5714285714285714, "support": 5}, "86": {"precision": 0.0, "recall": 0.0, "f1-score": 0.0, "support": 0}, "89": {"precision": 0.8181818181818182, "recall": 0.75, "f1-score": 0.7826086956521738, "support": 12}, "90": {"precision": 0.0, "recall": 0.0, "f1-score": 0.0, "support": 0}, "92": {"precision": 1.0, "recall": 1.0, "f1-score": 1.0, "support": 22}, "93": {"precision": 0.8181818181818182, "recall": 1.0, "f1-score": 0.9, "support": 9}, "94": {"precision": 0.6428571428571429, "recall": 0.20930232558139536, "f1-score": 0.31578947368421056, "support": 43}, "96": {"precision": 0.8695652173913043, "recall": 1.0, "f1-score": 0.9302325581395349, "support": 20}, "accuracy": 0.4331896551724138, "macro avg": {"precision": 0.3616859801396325, "recall": 0.3995787360915515, "f1-score": 0.3487684458106506, "support": 464}, "weighted avg": {"precision": 0.5255662427442211, "recall": 0.4331896551724138, "f1-score": 0.4335707011337688, "support": 464}}