{"0": {"precision": 0.6, "recall": 0.6666666666666666, "f1-score": 0.631578947368421, "support": 9}, "1": {"precision": 0.02564102564102564, "recall": 0.2222222222222222, "f1-score": 0.04597701149425287, "support": 9}, "2": {"precision": 0.0, "recall": 0.0, "f1-score": 0.0, "support": 4}, "3": {"precision": 0.0, "recall": 0.0, "f1-score": 0.0, "support": 12}, "4": {"precision": 0.24242424242424243, "recall": 0.5714285714285714, "f1-score": 0.3404255319148936, "support": 14}, "5": {"precision": 0.0, "recall": 0.0, "f1-score": 0.0, "support": 9}, "6": {"precision": 0.0, "recall": 0.0, "f1-score": 0.0, "support": 12}, "7": {"precision": 0.0, "recall": 0.0, "f1-score": 0.0, "support": 3}, "8": {"precision": 0.0, "recall": 0.0, "f1-score": 0.0, "support": 5}, "9": {"precision": 0.0, "recall": 0.0, "f1-score": 0.0, "support": 16}, "10": {"precision": 0.0, "recall": 0.0, "f1-score": 0.0, "support": 14}, "11": {"precision": 0.0, "recall": 0.0, "f1-score": 0.0, "support": 5}, "12": {"precision": 0.5, "recall": 0.09090909090909091, "f1-score": 0.15384615384615385, "support": 11}, "13": {"precision": 0.0, "recall": 0.0, "f1-score": 0.0, "support": 13}, "14": {"precision": 0.0, "recall": 0.0, "f1-score": 0.0, "support": 11}, "15": {"precision": 0.0, "recall": 0.0, "f1-score": 0.0, "support": 13}, "16": {"precision": 0.36363636363636365, "recall": 0.6666666666666666, "f1-score": 0.4705882352941177, "support": 6}, "27": {"precision": 0.36363636363636365, "recall": 1.0, "f1-score": 0.5333333333333333, "support": 4}, "28": {"precision": 0.8823529411764706, "recall": 0.7894736842105263, "f1-score": 0.8333333333333333, "support": 19}, "29": {"precision": 0.7142857142857143, "recall": 1.0, "f1-score": 0.8333333333333333, "support": 5}, "32": {"precision": 0.9565217391304348, "recall": 0.4888888888888889, "f1-score": 0.6470588235294117, "support": 45}, "37": {"precision": 0.0, "recall": 0.0, "f1-score": 0.0, "support": 1}, "38": {"precision": 0.8, "recall": 1.0, "f1-score": 0.888888888888889, "support": 8}, "39": {"precision": 0.0, "recall": 0.0, "f1-score": 0.0, "support": 2}, "43": {"precision": 0.5454545454545454, "recall": 0.8571428571428571, "f1-score": 0.6666666666666665, "support": 7}, "45": {"precision": 0.3448275862068966, "recall": 0.625, "f1-score": 0.4444444444444445, "support": 16}, "47": {"precision": 1.0, "recall": 1.0, "f1-score": 1.0, "support": 3}, "52": {"precision": 0.14285714285714285, "recall": 1.0, "f1-score": 0.25, "support": 1}, "53": {"precision": 1.0, "recall": 1.0, "f1-score": 1.0, "support": 5}, "56": {"precision": 0.0, "recall": 0.0, "f1-score": 0.0, "support": 13}, "60": {"precision": 0.0, "recall": 0.0, "f1-score": 0.0, "support": 1}, "61": {"precision": 0.0, "recall": 0.0, "f1-score": 0.0, "support": 2}, "62": {"precision": 0.8571428571428571, "recall": 0.6, "f1-score": 0.7058823529411764, "support": 10}, "63": {"precision": 0.6666666666666666, "recall": 1.0, "f1-score": 0.8, "support": 4}, "65": {"precision": 0.9714285714285714, "recall": 0.5151515151515151, "f1-score": 0.6732673267326732, "support": 66}, "68": {"precision": 0.125, "recall": 1.0, "f1-score": 0.2222222222222222, "support": 1}, "70": {"precision": 0.2, "recall": 1.0, "f1-score": 0.33333333333333337, "support": 1}, "72": {"precision": 0.3333333333333333, "recall": 1.0, "f1-score": 0.5, "support": 1}, "75": {"precision": 0.3333333333333333, "recall": 1.0, "f1-score": 0.5, "support": 1}, "78": {"precision": 1.0, "recall": 1.0, "f1-score": 1.0, "support": 3}, "80": {"precision": 0.0, "recall": 0.0, "f1-score": 0.0, "support": 1}, "81": {"precision": 0.2857142857142857, "recall": 0.4, "f1-score": 0.3333333333333333, "support": 5}, "87": {"precision": 0.0, "recall": 0.0, "f1-score": 0.0, "support": 1}, "89": {"precision": 0.6, "recall": 0.6923076923076923, "f1-score": 0.6428571428571429, "support": 13}, "90": {"precision": 0.0, "recall": 0.0, "f1-score": 0.0, "support": 0}, "92": {"precision": 0.7142857142857143, "recall": 1.0, "f1-score": 0.8333333333333333, "support": 10}, "93": {"precision": 0.9, "recall": 1.0, "f1-score": 0.9473684210526316, "support": 9}, "94": {"precision": 1.0, "recall": 0.21739130434782608, "f1-score": 0.3571428571428571, "support": 23}, "95": {"precision": 1.0, "recall": 1.0, "f1-score": 1.0, "support": 1}, "96": {"precision": 1.0, "recall": 0.9375, "f1-score": 0.967741935483871, "support": 16}, "accuracy": 0.4353448275862069, "macro avg": {"precision": 0.36937084852707924, "recall": 0.4668149831988505, "f1-score": 0.37111913923759654, "support": 464}, "weighted avg": {"precision": 0.5371431929020449, "recall": 0.4353448275862069, "f1-score": 0.44095108930960925, "support": 464}}