{"0": {"precision": 1.0, "recall": 0.9565217391304348, "f1-score": 0.9777777777777777, "support": 23}, "1": {"precision": 0.5384615384615384, "recall": 0.6363636363636364, "f1-score": 0.5833333333333334, "support": 11}, "2": {"precision": 1.0, "recall": 0.8, "f1-score": 0.888888888888889, "support": 10}, "3": {"precision": 0.9333333333333333, "recall": 0.9545454545454546, "f1-score": 0.9438202247191012, "support": 44}, "4": {"precision": 0.90625, "recall": 0.8787878787878788, "f1-score": 0.8923076923076922, "support": 33}, "5": {"precision": 1.0, "recall": 0.8148148148148148, "f1-score": 0.8979591836734693, "support": 27}, "6": {"precision": 1.0, "recall": 1.0, "f1-score": 1.0, "support": 21}, "7": {"precision": 0.4, "recall": 0.6666666666666666, "f1-score": 0.5, "support": 3}, "8": {"precision": 0.6666666666666666, "recall": 1.0, "f1-score": 0.8, "support": 4}, "9": {"precision": 0.34615384615384615, "recall": 0.6923076923076923, "f1-score": 0.46153846153846156, "support": 13}, "10": {"precision": 0.5714285714285714, "recall": 0.2, "f1-score": 0.29629629629629634, "support": 20}, "11": {"precision": 0.9130434782608695, "recall": 1.0, "f1-score": 0.9545454545454545, "support": 21}, "12": {"precision": 0.9333333333333333, "recall": 1.0, "f1-score": 0.9655172413793104, "support": 14}, "13": {"precision": 0.9166666666666666, "recall": 0.7333333333333333, "f1-score": 0.8148148148148148, "support": 15}, "14": {"precision": 0.0, "recall": 0.0, "f1-score": 0.0, "support": 2}, "15": {"precision": 0.0, "recall": 0.0, "f1-score": 0.0, "support": 2}, "16": {"precision": 0.3333333333333333, "recall": 1.0, "f1-score": 0.5, "support": 1}, "17": {"precision": 0.8333333333333334, "recall": 1.0, "f1-score": 0.9090909090909091, "support": 15}, "accuracy": 0.8315412186379928, "macro avg": {"precision": 0.6828891167206385, "recall": 0.740741178663884, "f1-score": 0.6881050154647504, "support": 279}, "weighted avg": {"precision": 0.8477245330769173, "recall": 0.8315412186379928, "f1-score": 0.8263827736440827, "support": 279}}