{"0": {"precision": 1.0, "recall": 1.0, "f1-score": 1.0, "support": 19}, "1": {"precision": 0.7142857142857143, "recall": 0.5263157894736842, "f1-score": 0.6060606060606061, "support": 19}, "2": {"precision": 1.0, "recall": 0.8666666666666667, "f1-score": 0.9285714285714286, "support": 15}, "3": {"precision": 1.0, "recall": 0.9444444444444444, "f1-score": 0.9714285714285714, "support": 54}, "4": {"precision": 0.7073170731707317, "recall": 0.9354838709677419, "f1-score": 0.8055555555555556, "support": 31}, "5": {"precision": 1.0, "recall": 0.8, "f1-score": 0.888888888888889, "support": 20}, "6": {"precision": 0.875, "recall": 1.0, "f1-score": 0.9333333333333333, "support": 14}, "7": {"precision": 0.3333333333333333, "recall": 1.0, "f1-score": 0.5, "support": 3}, "8": {"precision": 1.0, "recall": 1.0, "f1-score": 1.0, "support": 1}, "9": {"precision": 0.4, "recall": 0.25, "f1-score": 0.3076923076923077, "support": 16}, "10": {"precision": 0.4375, "recall": 0.6363636363636364, "f1-score": 0.5185185185185185, "support": 11}, "11": {"precision": 1.0, "recall": 1.0, "f1-score": 1.0, "support": 15}, "12": {"precision": 1.0, "recall": 1.0, "f1-score": 1.0, "support": 18}, "13": {"precision": 0.8181818181818182, "recall": 0.9473684210526315, "f1-score": 0.8780487804878049, "support": 19}, "14": {"precision": 0.0, "recall": 0.0, "f1-score": 0.0, "support": 4}, "15": {"precision": 1.0, "recall": 0.3333333333333333, "f1-score": 0.5, "support": 3}, "16": {"precision": 1.0, "recall": 1.0, "f1-score": 1.0, "support": 3}, "17": {"precision": 1.0, "recall": 1.0, "f1-score": 1.0, "support": 14}, "accuracy": 0.8458781362007168, "macro avg": {"precision": 0.7936454410539776, "recall": 0.7911097867945632, "f1-score": 0.7687832216965008, "support": 279}, "weighted avg": {"precision": 0.8512767469002718, "recall": 0.8458781362007168, "f1-score": 0.8388073115540552, "support": 279}}