{"0": {"precision": 0.8, "recall": 0.8, "f1-score": 0.8000000000000002, "support": 10}, "1": {"precision": 0.0380952380952381, "recall": 0.5, "f1-score": 0.07079646017699116, "support": 8}, "2": {"precision": 0.21428571428571427, "recall": 0.5, "f1-score": 0.3, "support": 6}, "3": {"precision": 0.0, "recall": 0.0, "f1-score": 0.0, "support": 8}, "4": {"precision": 0.0, "recall": 0.0, "f1-score": 0.0, "support": 9}, "5": {"precision": 0.0, "recall": 0.0, "f1-score": 0.0, "support": 12}, "6": {"precision": 0.0, "recall": 0.0, "f1-score": 0.0, "support": 7}, "7": {"precision": 0.0, "recall": 0.0, "f1-score": 0.0, "support": 2}, "8": {"precision": 0.0, "recall": 0.0, "f1-score": 0.0, "support": 3}, "9": {"precision": 0.0, "recall": 0.0, "f1-score": 0.0, "support": 13}, "10": {"precision": 0.0, "recall": 0.0, "f1-score": 0.0, "support": 13}, "11": {"precision": 0.0, "recall": 0.0, "f1-score": 0.0, "support": 10}, "12": {"precision": 0.16666666666666666, "recall": 0.09090909090909091, "f1-score": 0.11764705882352942, "support": 11}, "13": {"precision": 0.0, "recall": 0.0, "f1-score": 0.0, "support": 14}, "14": {"precision": 0.0, "recall": 0.0, "f1-score": 0.0, "support": 13}, "15": {"precision": 0.0, "recall": 0.0, "f1-score": 0.0, "support": 15}, "16": {"precision": 0.25, "recall": 0.2, "f1-score": 0.22222222222222224, "support": 5}, "27": {"precision": 0.42857142857142855, "recall": 1.0, "f1-score": 0.6, "support": 3}, "28": {"precision": 0.6666666666666666, "recall": 0.7142857142857143, "f1-score": 0.689655172413793, "support": 14}, "29": {"precision": 0.2727272727272727, "recall": 0.75, "f1-score": 0.39999999999999997, "support": 4}, "32": {"precision": 1.0, "recall": 0.2, "f1-score": 0.33333333333333337, "support": 40}, "38": {"precision": 0.6666666666666666, "recall": 0.8571428571428571, "f1-score": 0.75, "support": 7}, "39": {"precision": 1.0, "recall": 1.0, "f1-score": 1.0, "support": 1}, "43": {"precision": 0.3333333333333333, "recall": 0.25, "f1-score": 0.28571428571428575, "support": 4}, "45": {"precision": 0.3103448275862069, "recall": 0.5294117647058824, "f1-score": 0.391304347826087, "support": 17}, "47": {"precision": 1.0, "recall": 1.0, "f1-score": 1.0, "support": 4}, "52": {"precision": 0.14285714285714285, "recall": 1.0, "f1-score": 0.25, "support": 1}, "53": {"precision": 1.0, "recall": 0.8571428571428571, "f1-score": 0.923076923076923, "support": 7}, "56": {"precision": 0.0, "recall": 0.0, "f1-score": 0.0, "support": 10}, "60": {"precision": 0.0, "recall": 0.0, "f1-score": 0.0, "support": 1}, "61": {"precision": 1.0, "recall": 0.5, "f1-score": 0.6666666666666666, "support": 2}, "62": {"precision": 0.625, "recall": 1.0, "f1-score": 0.7692307692307693, "support": 5}, "63": {"precision": 0.4, "recall": 0.8, "f1-score": 0.5333333333333333, "support": 5}, "65": {"precision": 0.6666666666666666, "recall": 0.26229508196721313, "f1-score": 0.37647058823529417, "support": 61}, "68": {"precision": 0.0, "recall": 0.0, "f1-score": 0.0, "support": 0}, "70": {"precision": 0.1, "recall": 0.6666666666666666, "f1-score": 0.1739130434782609, "support": 3}, "72": {"precision": 0.0, "recall": 0.0, "f1-score": 0.0, "support": 0}, "75": {"precision": 0.4, "recall": 1.0, "f1-score": 0.5714285714285715, "support": 2}, "78": {"precision": 0.3333333333333333, "recall": 0.5, "f1-score": 0.4, "support": 2}, "81": {"precision": 0.2, "recall": 0.4, "f1-score": 0.26666666666666666, "support": 5}, "86": {"precision": 0.0, "recall": 0.0, "f1-score": 0.0, "support": 2}, "87": {"precision": 0.0, "recall": 0.0, "f1-score": 0.0, "support": 1}, "89": {"precision": 0.7391304347826086, "recall": 0.9444444444444444, "f1-score": 0.8292682926829269, "support": 18}, "90": {"precision": 0.0, "recall": 0.0, "f1-score": 0.0, "support": 1}, "92": {"precision": 0.6071428571428571, "recall": 1.0, "f1-score": 0.7555555555555554, "support": 17}, "93": {"precision": 0.9166666666666666, "recall": 1.0, "f1-score": 0.9565217391304348, "support": 11}, "94": {"precision": 0.8888888888888888, "recall": 0.23529411764705882, "f1-score": 0.3720930232558139, "support": 34}, "95": {"precision": 1.0, "recall": 1.0, "f1-score": 1.0, "support": 1}, "96": {"precision": 0.9047619047619048, "recall": 0.8636363636363636, "f1-score": 0.8837209302325582, "support": 22}, "accuracy": 0.3771551724137931, "macro avg": {"precision": 0.3484041981571278, "recall": 0.4167597746642479, "f1-score": 0.3405840608874289, "support": 464}, "weighted avg": {"precision": 0.48102782895852414, "recall": 0.3771551724137931, "f1-score": 0.36618858003937343, "support": 464}}