{"0": {"precision": 0.6666666666666666, "recall": 0.4, "f1-score": 0.5, "support": 20}, "1": {"precision": 0.30434782608695654, "recall": 0.4666666666666667, "f1-score": 0.3684210526315789, "support": 15}, "2": {"precision": 0.9166666666666666, "recall": 1.0, "f1-score": 0.9565217391304348, "support": 11}, "3": {"precision": 0.7619047619047619, "recall": 0.5818181818181818, "f1-score": 0.6597938144329897, "support": 55}, "4": {"precision": 0.0, "recall": 0.0, "f1-score": 0.0, "support": 31}, "5": {"precision": 0.6829268292682927, "recall": 1.0, "f1-score": 0.8115942028985507, "support": 28}, "6": {"precision": 0.8571428571428571, "recall": 1.0, "f1-score": 0.923076923076923, "support": 18}, "7": {"precision": 0.2727272727272727, "recall": 1.0, "f1-score": 0.42857142857142855, "support": 3}, "8": {"precision": 0.0, "recall": 0.0, "f1-score": 0.0, "support": 1}, "9": {"precision": 0.6428571428571429, "recall": 0.8181818181818182, "f1-score": 0.7200000000000001, "support": 22}, "10": {"precision": 0.0, "recall": 0.0, "f1-score": 0.0, "support": 9}, "11": {"precision": 0.9375, "recall": 1.0, "f1-score": 0.967741935483871, "support": 15}, "12": {"precision": 1.0, "recall": 1.0, "f1-score": 1.0, "support": 13}, "13": {"precision": 0.75, "recall": 0.8333333333333334, "f1-score": 0.7894736842105262, "support": 18}, "14": {"precision": 0.0, "recall": 0.0, "f1-score": 0.0, "support": 2}, "15": {"precision": 0.0, "recall": 0.0, "f1-score": 0.0, "support": 1}, "16": {"precision": 1.0, "recall": 1.0, "f1-score": 1.0, "support": 2}, "17": {"precision": 0.3783783783783784, "recall": 0.9333333333333333, "f1-score": 0.5384615384615385, "support": 15}, "accuracy": 0.6594982078853047, "macro avg": {"precision": 0.5095065778721665, "recall": 0.612962962962963, "f1-score": 0.5368697954943245, "support": 279}, "weighted avg": {"precision": 0.6008472517832658, "recall": 0.6594982078853047, "f1-score": 0.6114911459532323, "support": 279}}