{"0": {"precision": 0.8333333333333334, "recall": 1.0, "f1-score": 0.9090909090909091, "support": 10}, "1": {"precision": 0.16666666666666666, "recall": 0.375, "f1-score": 0.23076923076923078, "support": 8}, "2": {"precision": 0.1, "recall": 0.16666666666666666, "f1-score": 0.125, "support": 6}, "3": {"precision": 0.125, "recall": 0.125, "f1-score": 0.125, "support": 8}, "4": {"precision": 0.18181818181818182, "recall": 0.2222222222222222, "f1-score": 0.19999999999999998, "support": 9}, "5": {"precision": 0.3333333333333333, "recall": 0.3333333333333333, "f1-score": 0.3333333333333333, "support": 12}, "6": {"precision": 0.07142857142857142, "recall": 0.14285714285714285, "f1-score": 0.09523809523809523, "support": 7}, "7": {"precision": 0.0, "recall": 0.0, "f1-score": 0.0, "support": 2}, "8": {"precision": 0.2, "recall": 0.3333333333333333, "f1-score": 0.25, "support": 3}, "9": {"precision": 0.125, "recall": 0.07692307692307693, "f1-score": 0.09523809523809525, "support": 13}, "10": {"precision": 0.2, "recall": 0.15384615384615385, "f1-score": 0.17391304347826086, "support": 13}, "11": {"precision": 0.0, "recall": 0.0, "f1-score": 0.0, "support": 10}, "12": {"precision": 0.0, "recall": 0.0, "f1-score": 0.0, "support": 11}, "13": {"precision": 0.16666666666666666, "recall": 0.14285714285714285, "f1-score": 0.15384615384615383, "support": 14}, "14": {"precision": 0.09090909090909091, "recall": 0.07692307692307693, "f1-score": 0.08333333333333334, "support": 13}, "15": {"precision": 0.125, "recall": 0.06666666666666667, "f1-score": 0.08695652173913045, "support": 15}, "16": {"precision": 0.25, "recall": 0.2, "f1-score": 0.22222222222222224, "support": 5}, "27": {"precision": 0.375, "recall": 1.0, "f1-score": 0.5454545454545454, "support": 3}, "28": {"precision": 0.631578947368421, "recall": 0.8571428571428571, "f1-score": 0.7272727272727273, "support": 14}, "29": {"precision": 0.6666666666666666, "recall": 1.0, "f1-score": 0.8, "support": 4}, "32": {"precision": 0.9444444444444444, "recall": 0.425, "f1-score": 0.5862068965517241, "support": 40}, "38": {"precision": 1.0, "recall": 0.8571428571428571, "f1-score": 0.923076923076923, "support": 7}, "39": {"precision": 1.0, "recall": 1.0, "f1-score": 1.0, "support": 1}, "43": {"precision": 0.25, "recall": 0.25, "f1-score": 0.25, "support": 4}, "45": {"precision": 0.3783783783783784, "recall": 0.8235294117647058, "f1-score": 0.5185185185185186, "support": 17}, "47": {"precision": 0.6666666666666666, "recall": 1.0, "f1-score": 0.8, "support": 4}, "52": {"precision": 0.25, "recall": 1.0, "f1-score": 0.4, "support": 1}, "53": {"precision": 1.0, "recall": 0.8571428571428571, "f1-score": 0.923076923076923, "support": 7}, "56": {"precision": 0.26666666666666666, "recall": 0.4, "f1-score": 0.32, "support": 10}, "60": {"precision": 0.0, "recall": 0.0, "f1-score": 0.0, "support": 1}, "61": {"precision": 0.1111111111111111, "recall": 0.5, "f1-score": 0.1818181818181818, "support": 2}, "62": {"precision": 1.0, "recall": 0.8, "f1-score": 0.888888888888889, "support": 5}, "63": {"precision": 0.8333333333333334, "recall": 1.0, "f1-score": 0.9090909090909091, "support": 5}, "65": {"precision": 0.625, "recall": 0.2459016393442623, "f1-score": 0.3529411764705882, "support": 61}, "68": {"precision": 0.0, "recall": 0.0, "f1-score": 0.0, "support": 0}, "70": {"precision": 0.15789473684210525, "recall": 1.0, "f1-score": 0.2727272727272727, "support": 3}, "72": {"precision": 0.0, "recall": 0.0, "f1-score": 0.0, "support": 0}, "75": {"precision": 0.6666666666666666, "recall": 1.0, "f1-score": 0.8, "support": 2}, "78": {"precision": 1.0, "recall": 1.0, "f1-score": 1.0, "support": 2}, "81": {"precision": 0.6666666666666666, "recall": 0.4, "f1-score": 0.5, "support": 5}, "86": {"precision": 0.0, "recall": 0.0, "f1-score": 0.0, "support": 2}, "87": {"precision": 1.0, "recall": 1.0, "f1-score": 1.0, "support": 1}, "89": {"precision": 0.7727272727272727, "recall": 0.9444444444444444, "f1-score": 0.85, "support": 18}, "90": {"precision": 0.5, "recall": 1.0, "f1-score": 0.6666666666666666, "support": 1}, "92": {"precision": 0.7727272727272727, "recall": 1.0, "f1-score": 0.8717948717948718, "support": 17}, "93": {"precision": 1.0, "recall": 1.0, "f1-score": 1.0, "support": 11}, "94": {"precision": 0.7857142857142857, "recall": 0.3235294117647059, "f1-score": 0.45833333333333326, "support": 34}, "95": {"precision": 1.0, "recall": 1.0, "f1-score": 1.0, "support": 1}, "96": {"precision": 0.9047619047619048, "recall": 0.8636363636363636, "f1-score": 0.8837209302325582, "support": 22}, "accuracy": 0.46551724137931033, "macro avg": {"precision": 0.4529624666305655, "recall": 0.5298591562859565, "f1-score": 0.45945978986251834, "support": 464}, "weighted avg": {"precision": 0.536884136254599, "recall": 0.46551724137931033, "f1-score": 0.46265772515434156, "support": 464}}