{"0": {"precision": 0.9090909090909091, "recall": 1.0, "f1-score": 0.9523809523809523, "support": 10}, "1": {"precision": 0.21428571428571427, "recall": 0.375, "f1-score": 0.2727272727272727, "support": 8}, "2": {"precision": 0.0, "recall": 0.0, "f1-score": 0.0, "support": 6}, "3": {"precision": 0.125, "recall": 0.125, "f1-score": 0.125, "support": 8}, "4": {"precision": 0.06666666666666667, "recall": 0.1111111111111111, "f1-score": 0.08333333333333334, "support": 9}, "5": {"precision": 0.1, "recall": 0.08333333333333333, "f1-score": 0.0909090909090909, "support": 12}, "6": {"precision": 0.0, "recall": 0.0, "f1-score": 0.0, "support": 7}, "7": {"precision": 0.0, "recall": 0.0, "f1-score": 0.0, "support": 2}, "8": {"precision": 0.0, "recall": 0.0, "f1-score": 0.0, "support": 3}, "9": {"precision": 0.15384615384615385, "recall": 0.15384615384615385, "f1-score": 0.15384615384615385, "support": 13}, "10": {"precision": 0.3, "recall": 0.23076923076923078, "f1-score": 0.2608695652173913, "support": 13}, "11": {"precision": 0.07692307692307693, "recall": 0.1, "f1-score": 0.08695652173913043, "support": 10}, "12": {"precision": 0.25, "recall": 0.09090909090909091, "f1-score": 0.13333333333333333, "support": 11}, "13": {"precision": 0.25, "recall": 0.14285714285714285, "f1-score": 0.18181818181818182, "support": 14}, "14": {"precision": 0.3333333333333333, "recall": 0.23076923076923078, "f1-score": 0.27272727272727276, "support": 13}, "15": {"precision": 0.11764705882352941, "recall": 0.13333333333333333, "f1-score": 0.125, "support": 15}, "16": {"precision": 0.25, "recall": 0.2, "f1-score": 0.22222222222222224, "support": 5}, "27": {"precision": 0.42857142857142855, "recall": 1.0, "f1-score": 0.6, "support": 3}, "28": {"precision": 0.631578947368421, "recall": 0.8571428571428571, "f1-score": 0.7272727272727273, "support": 14}, "29": {"precision": 0.8, "recall": 1.0, "f1-score": 0.888888888888889, "support": 4}, "32": {"precision": 1.0, "recall": 0.4, "f1-score": 0.5714285714285715, "support": 40}, "38": {"precision": 1.0, "recall": 0.8571428571428571, "f1-score": 0.923076923076923, "support": 7}, "39": {"precision": 1.0, "recall": 1.0, "f1-score": 1.0, "support": 1}, "43": {"precision": 1.0, "recall": 0.25, "f1-score": 0.4, "support": 4}, "45": {"precision": 0.3870967741935484, "recall": 0.7058823529411765, "f1-score": 0.5, "support": 17}, "47": {"precision": 0.6666666666666666, "recall": 1.0, "f1-score": 0.8, "support": 4}, "52": {"precision": 0.3333333333333333, "recall": 1.0, "f1-score": 0.5, "support": 1}, "53": {"precision": 1.0, "recall": 0.8571428571428571, "f1-score": 0.923076923076923, "support": 7}, "56": {"precision": 0.4, "recall": 0.2, "f1-score": 0.26666666666666666, "support": 10}, "60": {"precision": 0.0, "recall": 0.0, "f1-score": 0.0, "support": 1}, "61": {"precision": 0.1111111111111111, "recall": 0.5, "f1-score": 0.1818181818181818, "support": 2}, "62": {"precision": 0.6666666666666666, "recall": 0.8, "f1-score": 0.7272727272727272, "support": 5}, "63": {"precision": 0.8333333333333334, "recall": 1.0, "f1-score": 0.9090909090909091, "support": 5}, "65": {"precision": 0.7894736842105263, "recall": 0.2459016393442623, "f1-score": 0.375, "support": 61}, "68": {"precision": 0.0, "recall": 0.0, "f1-score": 0.0, "support": 0}, "70": {"precision": 0.1111111111111111, "recall": 0.6666666666666666, "f1-score": 0.1904761904761905, "support": 3}, "72": {"precision": 0.0, "recall": 0.0, "f1-score": 0.0, "support": 0}, "75": {"precision": 0.6666666666666666, "recall": 1.0, "f1-score": 0.8, "support": 2}, "78": {"precision": 0.3333333333333333, "recall": 1.0, "f1-score": 0.5, "support": 2}, "81": {"precision": 0.3333333333333333, "recall": 0.4, "f1-score": 0.3636363636363636, "support": 5}, "86": {"precision": 0.0, "recall": 0.0, "f1-score": 0.0, "support": 2}, "87": {"precision": 1.0, "recall": 1.0, "f1-score": 1.0, "support": 1}, "89": {"precision": 0.75, "recall": 1.0, "f1-score": 0.8571428571428571, "support": 18}, "90": {"precision": 1.0, "recall": 1.0, "f1-score": 1.0, "support": 1}, "92": {"precision": 0.6071428571428571, "recall": 1.0, "f1-score": 0.7555555555555554, "support": 17}, "93": {"precision": 0.8461538461538461, "recall": 1.0, "f1-score": 0.9166666666666666, "support": 11}, "94": {"precision": 0.8421052631578947, "recall": 0.47058823529411764, "f1-score": 0.6037735849056604, "support": 34}, "95": {"precision": 1.0, "recall": 1.0, "f1-score": 1.0, "support": 1}, "96": {"precision": 1.0, "recall": 0.7727272727272727, "f1-score": 0.8717948717948718, "support": 22}, "accuracy": 0.46120689655172414, "macro avg": {"precision": 0.46294839325149917, "recall": 0.5093902727618509, "f1-score": 0.45130127569438816, "support": 464}, "weighted avg": {"precision": 0.5741847980298016, "recall": 0.46120689655172414, "f1-score": 0.4689861134103341, "support": 464}}