{"0": {"precision": 1.0, "recall": 1.0, "f1-score": 1.0, "support": 19}, "1": {"precision": 0.5789473684210527, "recall": 0.9166666666666666, "f1-score": 0.7096774193548387, "support": 12}, "2": {"precision": 1.0, "recall": 1.0, "f1-score": 1.0, "support": 18}, "3": {"precision": 0.9761904761904762, "recall": 0.9761904761904762, "f1-score": 0.9761904761904762, "support": 42}, "4": {"precision": 0.9629629629629629, "recall": 0.9629629629629629, "f1-score": 0.9629629629629629, "support": 27}, "5": {"precision": 1.0, "recall": 0.8461538461538461, "f1-score": 0.9166666666666666, "support": 26}, "6": {"precision": 1.0, "recall": 1.0, "f1-score": 1.0, "support": 17}, "7": {"precision": 0.5, "recall": 1.0, "f1-score": 0.6666666666666666, "support": 2}, "8": {"precision": 0.0, "recall": 0.0, "f1-score": 0.0, "support": 1}, "9": {"precision": 0.0, "recall": 0.0, "f1-score": 0.0, "support": 14}, "10": {"precision": 0.625, "recall": 0.9523809523809523, "f1-score": 0.7547169811320755, "support": 21}, "11": {"precision": 1.0, "recall": 1.0, "f1-score": 1.0, "support": 24}, "12": {"precision": 0.9473684210526315, "recall": 1.0, "f1-score": 0.972972972972973, "support": 18}, "13": {"precision": 1.0, "recall": 0.8125, "f1-score": 0.896551724137931, "support": 16}, "14": {"precision": 1.0, "recall": 0.8, "f1-score": 0.888888888888889, "support": 5}, "15": {"precision": 1.0, "recall": 0.5, "f1-score": 0.6666666666666666, "support": 2}, "16": {"precision": 1.0, "recall": 1.0, "f1-score": 1.0, "support": 3}, "17": {"precision": 0.9230769230769231, "recall": 1.0, "f1-score": 0.9600000000000001, "support": 12}, "accuracy": 0.899641577060932, "macro avg": {"precision": 0.8063081195391137, "recall": 0.8203808280197169, "f1-score": 0.7984423014244526, "support": 279}, "weighted avg": {"precision": 0.8824441687344913, "recall": 0.899641577060932, "f1-score": 0.8841862766315287, "support": 279}}