{"0": {"precision": 0.47058823529411764, "recall": 0.4, "f1-score": 0.4324324324324324, "support": 20}, "1": {"precision": 0.25, "recall": 0.4666666666666667, "f1-score": 0.32558139534883723, "support": 15}, "2": {"precision": 1.0, "recall": 0.8181818181818182, "f1-score": 0.9, "support": 11}, "3": {"precision": 0.49230769230769234, "recall": 0.5818181818181818, "f1-score": 0.5333333333333333, "support": 55}, "4": {"precision": 0.0, "recall": 0.0, "f1-score": 0.0, "support": 31}, "5": {"precision": 0.38461538461538464, "recall": 0.17857142857142858, "f1-score": 0.24390243902439027, "support": 28}, "6": {"precision": 0.9473684210526315, "recall": 1.0, "f1-score": 0.972972972972973, "support": 18}, "7": {"precision": 0.42857142857142855, "recall": 1.0, "f1-score": 0.6, "support": 3}, "8": {"precision": 0.0, "recall": 0.0, "f1-score": 0.0, "support": 1}, "9": {"precision": 0.0, "recall": 0.0, "f1-score": 0.0, "support": 22}, "10": {"precision": 0.15789473684210525, "recall": 1.0, "f1-score": 0.2727272727272727, "support": 9}, "11": {"precision": 0.8823529411764706, "recall": 1.0, "f1-score": 0.9375, "support": 15}, "12": {"precision": 1.0, "recall": 1.0, "f1-score": 1.0, "support": 13}, "13": {"precision": 0.0, "recall": 0.0, "f1-score": 0.0, "support": 18}, "14": {"precision": 0.0, "recall": 0.0, "f1-score": 0.0, "support": 2}, "15": {"precision": 0.0, "recall": 0.0, "f1-score": 0.0, "support": 1}, "16": {"precision": 0.6666666666666666, "recall": 1.0, "f1-score": 0.8, "support": 2}, "17": {"precision": 0.16129032258064516, "recall": 0.3333333333333333, "f1-score": 0.21739130434782605, "support": 15}, "accuracy": 0.45161290322580644, "macro avg": {"precision": 0.3800919905059524, "recall": 0.4876984126984128, "f1-score": 0.40199117501039244, "support": 279}, "weighted avg": {"precision": 0.40055662845149415, "recall": 0.45161290322580644, "f1-score": 0.40604444350599933, "support": 279}}