{"0": {"precision": 1.0, "recall": 1.0, "f1-score": 1.0, "support": 16}, "1": {"precision": 0.6666666666666666, "recall": 0.6363636363636364, "f1-score": 0.6511627906976744, "support": 22}, "2": {"precision": 1.0, "recall": 1.0, "f1-score": 1.0, "support": 16}, "3": {"precision": 1.0, "recall": 0.9736842105263158, "f1-score": 0.9866666666666666, "support": 38}, "4": {"precision": 0.9, "recall": 0.9473684210526315, "f1-score": 0.9230769230769231, "support": 38}, "5": {"precision": 1.0, "recall": 0.7407407407407407, "f1-score": 0.851063829787234, "support": 27}, "6": {"precision": 1.0, "recall": 1.0, "f1-score": 1.0, "support": 16}, "7": {"precision": 0.5, "recall": 0.5, "f1-score": 0.5, "support": 2}, "8": {"precision": 1.0, "recall": 0.75, "f1-score": 0.8571428571428571, "support": 4}, "9": {"precision": 0.5, "recall": 0.4375, "f1-score": 0.4666666666666667, "support": 16}, "10": {"precision": 0.6, "recall": 0.75, "f1-score": 0.6666666666666665, "support": 16}, "11": {"precision": 1.0, "recall": 1.0, "f1-score": 1.0, "support": 18}, "12": {"precision": 0.5625, "recall": 1.0, "f1-score": 0.72, "support": 9}, "13": {"precision": 1.0, "recall": 0.9411764705882353, "f1-score": 0.9696969696969697, "support": 17}, "14": {"precision": 0.75, "recall": 1.0, "f1-score": 0.8571428571428571, "support": 3}, "15": {"precision": 0.0, "recall": 0.0, "f1-score": 0.0, "support": 2}, "16": {"precision": 1.0, "recall": 1.0, "f1-score": 1.0, "support": 4}, "17": {"precision": 0.9375, "recall": 1.0, "f1-score": 0.967741935483871, "support": 15}, "accuracy": 0.8709677419354839, "macro avg": {"precision": 0.800925925925926, "recall": 0.8153796377373088, "f1-score": 0.8009460090571326, "support": 279}, "weighted avg": {"precision": 0.8775686977299879, "recall": 0.8709677419354839, "f1-score": 0.8691357421516144, "support": 279}}