{"0": {"precision": 0.875, "recall": 0.7, "f1-score": 0.7777777777777777, "support": 10}, "1": {"precision": 0.2, "recall": 0.14285714285714285, "f1-score": 0.16666666666666666, "support": 7}, "2": {"precision": 0.08333333333333333, "recall": 0.25, "f1-score": 0.125, "support": 4}, "3": {"precision": 0.0, "recall": 0.0, "f1-score": 0.0, "support": 13}, "4": {"precision": 0.0, "recall": 0.0, "f1-score": 0.0, "support": 7}, "5": {"precision": 0.2, "recall": 0.08333333333333333, "f1-score": 0.11764705882352941, "support": 12}, "6": {"precision": 0.17391304347826086, "recall": 0.26666666666666666, "f1-score": 0.2105263157894737, "support": 15}, "7": {"precision": 0.0, "recall": 0.0, "f1-score": 0.0, "support": 4}, "8": {"precision": 0.0, "recall": 0.0, "f1-score": 0.0, "support": 2}, "9": {"precision": 0.1875, "recall": 0.25, "f1-score": 0.21428571428571427, "support": 12}, "10": {"precision": 0.3, "recall": 0.21428571428571427, "f1-score": 0.25, "support": 14}, "11": {"precision": 0.07692307692307693, "recall": 0.1111111111111111, "f1-score": 0.09090909090909093, "support": 9}, "12": {"precision": 0.2, "recall": 0.1111111111111111, "f1-score": 0.14285714285714285, "support": 9}, "13": {"precision": 0.4, "recall": 0.2, "f1-score": 0.26666666666666666, "support": 10}, "14": {"precision": 0.14285714285714285, "recall": 0.1111111111111111, "f1-score": 0.125, "support": 9}, "15": {"precision": 0.23076923076923078, "recall": 0.3, "f1-score": 0.2608695652173913, "support": 10}, "16": {"precision": 0.3, "recall": 1.0, "f1-score": 0.4615384615384615, "support": 6}, "27": {"precision": 1.0, "recall": 1.0, "f1-score": 1.0, "support": 8}, "28": {"precision": 0.8, "recall": 0.8571428571428571, "f1-score": 0.8275862068965518, "support": 14}, "29": {"precision": 0.45454545454545453, "recall": 0.7142857142857143, "f1-score": 0.5555555555555556, "support": 7}, "32": {"precision": 0.7941176470588235, "recall": 0.75, "f1-score": 0.7714285714285715, "support": 36}, "33": {"precision": 1.0, "recall": 1.0, "f1-score": 1.0, "support": 1}, "38": {"precision": 1.0, "recall": 1.0, "f1-score": 1.0, "support": 5}, "39": {"precision": 1.0, "recall": 1.0, "f1-score": 1.0, "support": 4}, "43": {"precision": 0.36363636363636365, "recall": 0.8, "f1-score": 0.5000000000000001, "support": 5}, "45": {"precision": 0.7142857142857143, "recall": 0.6, "f1-score": 0.6521739130434783, "support": 25}, "47": {"precision": 1.0, "recall": 0.8571428571428571, "f1-score": 0.923076923076923, "support": 7}, "52": {"precision": 1.0, "recall": 1.0, "f1-score": 1.0, "support": 1}, "53": {"precision": 1.0, "recall": 0.8888888888888888, "f1-score": 0.9411764705882353, "support": 9}, "56": {"precision": 0.6, "recall": 0.5, "f1-score": 0.5454545454545454, "support": 12}, "60": {"precision": 1.0, "recall": 1.0, "f1-score": 1.0, "support": 3}, "61": {"precision": 0.0, "recall": 0.0, "f1-score": 0.0, "support": 2}, "62": {"precision": 1.0, "recall": 0.5, "f1-score": 0.6666666666666666, "support": 6}, "63": {"precision": 0.0, "recall": 0.0, "f1-score": 0.0, "support": 2}, "65": {"precision": 0.8529411764705882, "recall": 0.6170212765957447, "f1-score": 0.7160493827160493, "support": 47}, "70": {"precision": 0.09090909090909091, "recall": 1.0, "f1-score": 0.16666666666666669, "support": 1}, "72": {"precision": 0.125, "recall": 1.0, "f1-score": 0.2222222222222222, "support": 1}, "75": {"precision": 1.0, "recall": 1.0, "f1-score": 1.0, "support": 3}, "78": {"precision": 0.5, "recall": 1.0, "f1-score": 0.6666666666666666, "support": 1}, "81": {"precision": 0.6666666666666666, "recall": 0.8, "f1-score": 0.7272727272727272, "support": 5}, "87": {"precision": 0.0, "recall": 0.0, "f1-score": 0.0, "support": 0}, "89": {"precision": 0.9, "recall": 0.75, "f1-score": 0.8181818181818182, "support": 12}, "90": {"precision": 0.0, "recall": 0.0, "f1-score": 0.0, "support": 0}, "92": {"precision": 0.9090909090909091, "recall": 0.9090909090909091, "f1-score": 0.9090909090909091, "support": 22}, "93": {"precision": 1.0, "recall": 1.0, "f1-score": 1.0, "support": 9}, "94": {"precision": 0.9375, "recall": 0.3488372093023256, "f1-score": 0.5084745762711865, "support": 43}, "96": {"precision": 0.95, "recall": 0.95, "f1-score": 0.9500000000000001, "support": 20}, "accuracy": 0.5452586206896551, "macro avg": {"precision": 0.5112550819154182, "recall": 0.54431672133884, "f1-score": 0.49526570813469545, "support": 464}, "weighted avg": {"precision": 0.6334549550449183, "recall": 0.5452586206896551, "f1-score": 0.5644747927871218, "support": 464}}