{"0": {"precision": 1.0, "recall": 0.2, "f1-score": 0.33333333333333337, "support": 10}, "1": {"precision": 0.09090909090909091, "recall": 0.375, "f1-score": 0.14634146341463414, "support": 8}, "2": {"precision": 0.15384615384615385, "recall": 0.3333333333333333, "f1-score": 0.21052631578947367, "support": 6}, "3": {"precision": 0.06666666666666667, "recall": 0.125, "f1-score": 0.08695652173913045, "support": 8}, "4": {"precision": 0.0, "recall": 0.0, "f1-score": 0.0, "support": 9}, "5": {"precision": 0.2, "recall": 0.08333333333333333, "f1-score": 0.11764705882352941, "support": 12}, "6": {"precision": 0.0, "recall": 0.0, "f1-score": 0.0, "support": 7}, "7": {"precision": 0.0, "recall": 0.0, "f1-score": 0.0, "support": 2}, "8": {"precision": 0.0, "recall": 0.0, "f1-score": 0.0, "support": 3}, "9": {"precision": 0.13333333333333333, "recall": 0.15384615384615385, "f1-score": 0.14285714285714288, "support": 13}, "10": {"precision": 0.0, "recall": 0.0, "f1-score": 0.0, "support": 13}, "11": {"precision": 0.0, "recall": 0.0, "f1-score": 0.0, "support": 10}, "12": {"precision": 0.06896551724137931, "recall": 0.18181818181818182, "f1-score": 0.1, "support": 11}, "13": {"precision": 0.15, "recall": 0.21428571428571427, "f1-score": 0.1764705882352941, "support": 14}, "14": {"precision": 0.08333333333333333, "recall": 0.07692307692307693, "f1-score": 0.08, "support": 13}, "15": {"precision": 0.16666666666666666, "recall": 0.06666666666666667, "f1-score": 0.09523809523809522, "support": 15}, "16": {"precision": 0.04, "recall": 0.2, "f1-score": 0.06666666666666667, "support": 5}, "27": {"precision": 0.25, "recall": 1.0, "f1-score": 0.4, "support": 3}, "28": {"precision": 0.7777777777777778, "recall": 0.5, "f1-score": 0.6086956521739131, "support": 14}, "29": {"precision": 0.2, "recall": 0.5, "f1-score": 0.28571428571428575, "support": 4}, "32": {"precision": 0.7142857142857143, "recall": 0.25, "f1-score": 0.37037037037037035, "support": 40}, "38": {"precision": 0.75, "recall": 0.8571428571428571, "f1-score": 0.7999999999999999, "support": 7}, "39": {"precision": 1.0, "recall": 1.0, "f1-score": 1.0, "support": 1}, "43": {"precision": 0.0, "recall": 0.0, "f1-score": 0.0, "support": 4}, "45": {"precision": 0.30952380952380953, "recall": 0.7647058823529411, "f1-score": 0.4406779661016949, "support": 17}, "47": {"precision": 1.0, "recall": 0.75, "f1-score": 0.8571428571428571, "support": 4}, "52": {"precision": 0.16666666666666666, "recall": 1.0, "f1-score": 0.2857142857142857, "support": 1}, "53": {"precision": 0.75, "recall": 0.8571428571428571, "f1-score": 0.7999999999999999, "support": 7}, "56": {"precision": 0.2857142857142857, "recall": 0.2, "f1-score": 0.23529411764705882, "support": 10}, "60": {"precision": 0.0, "recall": 0.0, "f1-score": 0.0, "support": 1}, "61": {"precision": 0.14285714285714285, "recall": 0.5, "f1-score": 0.22222222222222224, "support": 2}, "62": {"precision": 0.375, "recall": 0.6, "f1-score": 0.4615384615384615, "support": 5}, "63": {"precision": 0.0, "recall": 0.0, "f1-score": 0.0, "support": 5}, "65": {"precision": 1.0, "recall": 0.22950819672131148, "f1-score": 0.37333333333333335, "support": 61}, "68": {"precision": 0.0, "recall": 0.0, "f1-score": 0.0, "support": 0}, "70": {"precision": 0.1111111111111111, "recall": 0.6666666666666666, "f1-score": 0.1904761904761905, "support": 3}, "72": {"precision": 0.0, "recall": 0.0, "f1-score": 0.0, "support": 0}, "75": {"precision": 0.5, "recall": 1.0, "f1-score": 0.6666666666666666, "support": 2}, "78": {"precision": 1.0, "recall": 1.0, "f1-score": 1.0, "support": 2}, "81": {"precision": 0.5, "recall": 0.2, "f1-score": 0.28571428571428575, "support": 5}, "86": {"precision": 0.0, "recall": 0.0, "f1-score": 0.0, "support": 2}, "87": {"precision": 0.0, "recall": 0.0, "f1-score": 0.0, "support": 1}, "89": {"precision": 0.0, "recall": 0.0, "f1-score": 0.0, "support": 18}, "90": {"precision": 0.0, "recall": 0.0, "f1-score": 0.0, "support": 1}, "92": {"precision": 0.6, "recall": 0.7058823529411765, "f1-score": 0.6486486486486486, "support": 17}, "93": {"precision": 0.8888888888888888, "recall": 0.7272727272727273, "f1-score": 0.7999999999999999, "support": 11}, "94": {"precision": 0.5, "recall": 0.058823529411764705, "f1-score": 0.10526315789473684, "support": 34}, "95": {"precision": 0.5, "recall": 1.0, "f1-score": 0.6666666666666666, "support": 1}, "96": {"precision": 1.0, "recall": 0.8181818181818182, "f1-score": 0.9, "support": 22}, "accuracy": 0.2995689655172414, "macro avg": {"precision": 0.31582747262902083, "recall": 0.3509292520008281, "f1-score": 0.2849015582474077, "support": 464}, "weighted avg": {"precision": 0.4660060937130646, "recall": 0.2995689655172414, "f1-score": 0.3066247490367121, "support": 464}}