{"0": {"precision": 1.0, "recall": 0.9565217391304348, "f1-score": 0.9777777777777777, "support": 23}, "1": {"precision": 1.0, "recall": 0.7272727272727273, "f1-score": 0.8421052631578948, "support": 11}, "2": {"precision": 1.0, "recall": 0.7, "f1-score": 0.8235294117647058, "support": 10}, "3": {"precision": 0.851063829787234, "recall": 0.9090909090909091, "f1-score": 0.8791208791208791, "support": 44}, "4": {"precision": 0.9428571428571428, "recall": 1.0, "f1-score": 0.9705882352941176, "support": 33}, "5": {"precision": 1.0, "recall": 0.8518518518518519, "f1-score": 0.92, "support": 27}, "6": {"precision": 1.0, "recall": 1.0, "f1-score": 1.0, "support": 21}, "7": {"precision": 0.2, "recall": 0.3333333333333333, "f1-score": 0.25, "support": 3}, "8": {"precision": 0.5, "recall": 1.0, "f1-score": 0.6666666666666666, "support": 4}, "9": {"precision": 0.36363636363636365, "recall": 0.6153846153846154, "f1-score": 0.4571428571428572, "support": 13}, "10": {"precision": 0.6153846153846154, "recall": 0.4, "f1-score": 0.4848484848484849, "support": 20}, "11": {"precision": 0.9130434782608695, "recall": 1.0, "f1-score": 0.9545454545454545, "support": 21}, "12": {"precision": 0.9333333333333333, "recall": 1.0, "f1-score": 0.9655172413793104, "support": 14}, "13": {"precision": 1.0, "recall": 0.8, "f1-score": 0.888888888888889, "support": 15}, "14": {"precision": 0.0, "recall": 0.0, "f1-score": 0.0, "support": 2}, "15": {"precision": 0.0, "recall": 0.0, "f1-score": 0.0, "support": 2}, "16": {"precision": 1.0, "recall": 1.0, "f1-score": 1.0, "support": 1}, "17": {"precision": 1.0, "recall": 1.0, "f1-score": 1.0, "support": 15}, "accuracy": 0.8530465949820788, "macro avg": {"precision": 0.73996215351442, "recall": 0.7385252875591041, "f1-score": 0.7267072866992799, "support": 279}, "weighted avg": {"precision": 0.8725327561649964, "recall": 0.8530465949820788, "f1-score": 0.8548049968168068, "support": 279}}