{"0": {"precision": 0.6923076923076923, "recall": 0.5625, "f1-score": 0.6206896551724138, "support": 16}, "1": {"precision": 0.6363636363636364, "recall": 0.4666666666666667, "f1-score": 0.5384615384615385, "support": 15}, "2": {"precision": 0.0, "recall": 0.0, "f1-score": 0.0, "support": 3}, "3": {"precision": 0.3684210526315789, "recall": 0.4117647058823529, "f1-score": 0.3888888888888889, "support": 17}, "4": {"precision": 0.25, "recall": 0.125, "f1-score": 0.16666666666666666, "support": 8}, "5": {"precision": 0.25, "recall": 0.35714285714285715, "f1-score": 0.2941176470588235, "support": 14}, "6": {"precision": 0.07142857142857142, "recall": 0.1, "f1-score": 0.08333333333333333, "support": 10}, "7": {"precision": 0.0, "recall": 0.0, "f1-score": 0.0, "support": 2}, "8": {"precision": 0.5, "recall": 0.16666666666666666, "f1-score": 0.25, "support": 6}, "9": {"precision": 0.4166666666666667, "recall": 0.4166666666666667, "f1-score": 0.4166666666666667, "support": 12}, "10": {"precision": 0.36363636363636365, "recall": 0.3333333333333333, "f1-score": 0.34782608695652173, "support": 12}, "11": {"precision": 0.0, "recall": 0.0, "f1-score": 0.0, "support": 8}, "12": {"precision": 1.0, "recall": 0.16666666666666666, "f1-score": 0.2857142857142857, "support": 6}, "13": {"precision": 0.3076923076923077, "recall": 0.2857142857142857, "f1-score": 0.29629629629629634, "support": 14}, "14": {"precision": 0.1111111111111111, "recall": 0.14285714285714285, "f1-score": 0.125, "support": 7}, "15": {"precision": 0.23529411764705882, "recall": 0.4, "f1-score": 0.29629629629629634, "support": 10}, "16": {"precision": 0.10526315789473684, "recall": 0.6666666666666666, "f1-score": 0.18181818181818182, "support": 3}, "27": {"precision": 0.8181818181818182, "recall": 1.0, "f1-score": 0.9, "support": 9}, "28": {"precision": 0.6666666666666666, "recall": 0.7692307692307693, "f1-score": 0.7142857142857142, "support": 13}, "29": {"precision": 1.0, "recall": 0.8, "f1-score": 0.888888888888889, "support": 5}, "32": {"precision": 0.4782608695652174, "recall": 0.3235294117647059, "f1-score": 0.3859649122807018, "support": 34}, "38": {"precision": 0.8888888888888888, "recall": 0.8888888888888888, "f1-score": 0.8888888888888888, "support": 9}, "39": {"precision": 1.0, "recall": 1.0, "f1-score": 1.0, "support": 4}, "43": {"precision": 0.4, "recall": 1.0, "f1-score": 0.5714285714285715, "support": 2}, "45": {"precision": 0.68, "recall": 0.8095238095238095, "f1-score": 0.7391304347826089, "support": 21}, "47": {"precision": 0.8333333333333334, "recall": 1.0, "f1-score": 0.9090909090909091, "support": 5}, "53": {"precision": 1.0, "recall": 0.8571428571428571, "f1-score": 0.923076923076923, "support": 7}, "56": {"precision": 0.625, "recall": 0.4166666666666667, "f1-score": 0.5, "support": 12}, "60": {"precision": 1.0, "recall": 0.3333333333333333, "f1-score": 0.5, "support": 3}, "61": {"precision": 0.42857142857142855, "recall": 0.6, "f1-score": 0.5, "support": 5}, "62": {"precision": 1.0, "recall": 0.625, "f1-score": 0.7692307692307693, "support": 8}, "63": {"precision": 0.375, "recall": 1.0, "f1-score": 0.5454545454545454, "support": 3}, "65": {"precision": 0.95, "recall": 0.4222222222222222, "f1-score": 0.5846153846153845, "support": 45}, "68": {"precision": 0.125, "recall": 0.5, "f1-score": 0.2, "support": 2}, "70": {"precision": 0.14285714285714285, "recall": 1.0, "f1-score": 0.25, "support": 1}, "72": {"precision": 0.5, "recall": 0.5, "f1-score": 0.5, "support": 2}, "75": {"precision": 1.0, "recall": 1.0, "f1-score": 1.0, "support": 3}, "78": {"precision": 1.0, "recall": 1.0, "f1-score": 1.0, "support": 1}, "80": {"precision": 0.0, "recall": 0.0, "f1-score": 0.0, "support": 0}, "81": {"precision": 0.3333333333333333, "recall": 0.6, "f1-score": 0.42857142857142855, "support": 5}, "86": {"precision": 1.0, "recall": 1.0, "f1-score": 1.0, "support": 1}, "87": {"precision": 0.5, "recall": 0.5, "f1-score": 0.5, "support": 2}, "89": {"precision": 0.0, "recall": 0.0, "f1-score": 0.0, "support": 15}, "90": {"precision": 0.5, "recall": 1.0, "f1-score": 0.6666666666666666, "support": 1}, "92": {"precision": 0.8, "recall": 1.0, "f1-score": 0.888888888888889, "support": 16}, "93": {"precision": 0.9333333333333333, "recall": 1.0, "f1-score": 0.9655172413793104, "support": 14}, "94": {"precision": 0.8571428571428571, "recall": 0.5625, "f1-score": 0.6792452830188678, "support": 32}, "95": {"precision": 0.0, "recall": 0.0, "f1-score": 0.0, "support": 1}, "96": {"precision": 0.95, "recall": 0.95, "f1-score": 0.9500000000000001, "support": 20}, "accuracy": 0.5258620689655172, "macro avg": {"precision": 0.5325255989643621, "recall": 0.5522384411640114, "f1-score": 0.5028718570179385, "support": 464}, "weighted avg": {"precision": 0.6058795617251456, "recall": 0.5258620689655172, "f1-score": 0.5376733629400052, "support": 464}}