{"0": {"precision": 1.0, "recall": 0.8125, "f1-score": 0.896551724137931, "support": 16}, "1": {"precision": 0.3333333333333333, "recall": 0.8181818181818182, "f1-score": 0.4736842105263157, "support": 22}, "2": {"precision": 1.0, "recall": 1.0, "f1-score": 1.0, "support": 16}, "3": {"precision": 1.0, "recall": 0.8947368421052632, "f1-score": 0.9444444444444444, "support": 38}, "4": {"precision": 0.0, "recall": 0.0, "f1-score": 0.0, "support": 38}, "5": {"precision": 0.9523809523809523, "recall": 0.7407407407407407, "f1-score": 0.8333333333333334, "support": 27}, "6": {"precision": 1.0, "recall": 1.0, "f1-score": 1.0, "support": 16}, "7": {"precision": 0.125, "recall": 0.5, "f1-score": 0.2, "support": 2}, "8": {"precision": 0.3333333333333333, "recall": 0.25, "f1-score": 0.28571428571428575, "support": 4}, "9": {"precision": 0.24242424242424243, "recall": 1.0, "f1-score": 0.3902439024390244, "support": 16}, "10": {"precision": 1.0, "recall": 0.0625, "f1-score": 0.11764705882352941, "support": 16}, "11": {"precision": 1.0, "recall": 1.0, "f1-score": 1.0, "support": 18}, "12": {"precision": 1.0, "recall": 1.0, "f1-score": 1.0, "support": 9}, "13": {"precision": 0.0, "recall": 0.0, "f1-score": 0.0, "support": 17}, "14": {"precision": 0.0, "recall": 0.0, "f1-score": 0.0, "support": 3}, "15": {"precision": 0.0, "recall": 0.0, "f1-score": 0.0, "support": 2}, "16": {"precision": 1.0, "recall": 1.0, "f1-score": 1.0, "support": 4}, "17": {"precision": 1.0, "recall": 1.0, "f1-score": 1.0, "support": 15}, "accuracy": 0.6523297491039427, "macro avg": {"precision": 0.6103595478595479, "recall": 0.615481077834879, "f1-score": 0.5634232755232702, "support": 279}, "weighted avg": {"precision": 0.668493692687241, "recall": 0.6523297491039427, "f1-score": 0.6122719771675007, "support": 279}}