{"0": {"precision": 0.5555555555555556, "recall": 1.0, "f1-score": 0.7142857142857143, "support": 10}, "1": {"precision": 0.2857142857142857, "recall": 0.2857142857142857, "f1-score": 0.2857142857142857, "support": 7}, "2": {"precision": 0.03571428571428571, "recall": 0.75, "f1-score": 0.06818181818181818, "support": 4}, "3": {"precision": 0.0, "recall": 0.0, "f1-score": 0.0, "support": 13}, "4": {"precision": 0.42857142857142855, "recall": 0.42857142857142855, "f1-score": 0.42857142857142855, "support": 7}, "5": {"precision": 0.027777777777777776, "recall": 0.08333333333333333, "f1-score": 0.041666666666666664, "support": 12}, "6": {"precision": 1.0, "recall": 0.06666666666666667, "f1-score": 0.125, "support": 15}, "7": {"precision": 0.0, "recall": 0.0, "f1-score": 0.0, "support": 4}, "8": {"precision": 0.0, "recall": 0.0, "f1-score": 0.0, "support": 2}, "9": {"precision": 0.0, "recall": 0.0, "f1-score": 0.0, "support": 12}, "10": {"precision": 0.0, "recall": 0.0, "f1-score": 0.0, "support": 14}, "11": {"precision": 0.0, "recall": 0.0, "f1-score": 0.0, "support": 9}, "12": {"precision": 0.5, "recall": 0.2222222222222222, "f1-score": 0.30769230769230765, "support": 9}, "13": {"precision": 0.0, "recall": 0.0, "f1-score": 0.0, "support": 10}, "14": {"precision": 0.0, "recall": 0.0, "f1-score": 0.0, "support": 9}, "15": {"precision": 0.0, "recall": 0.0, "f1-score": 0.0, "support": 10}, "16": {"precision": 1.0, "recall": 0.5, "f1-score": 0.6666666666666666, "support": 6}, "27": {"precision": 0.8, "recall": 1.0, "f1-score": 0.888888888888889, "support": 8}, "28": {"precision": 1.0, "recall": 0.35714285714285715, "f1-score": 0.5263157894736842, "support": 14}, "29": {"precision": 1.0, "recall": 0.14285714285714285, "f1-score": 0.25, "support": 7}, "32": {"precision": 0.6923076923076923, "recall": 0.25, "f1-score": 0.3673469387755102, "support": 36}, "33": {"precision": 0.0, "recall": 0.0, "f1-score": 0.0, "support": 1}, "37": {"precision": 0.0, "recall": 0.0, "f1-score": 0.0, "support": 0}, "38": {"precision": 0.625, "recall": 1.0, "f1-score": 0.7692307692307693, "support": 5}, "39": {"precision": 1.0, "recall": 1.0, "f1-score": 1.0, "support": 4}, "43": {"precision": 0.16666666666666666, "recall": 0.8, "f1-score": 0.27586206896551724, "support": 5}, "45": {"precision": 0.5161290322580645, "recall": 0.64, "f1-score": 0.5714285714285714, "support": 25}, "47": {"precision": 0.8333333333333334, "recall": 0.7142857142857143, "f1-score": 0.7692307692307692, "support": 7}, "52": {"precision": 0.0, "recall": 0.0, "f1-score": 0.0, "support": 1}, "53": {"precision": 1.0, "recall": 0.8888888888888888, "f1-score": 0.9411764705882353, "support": 9}, "56": {"precision": 0.0, "recall": 0.0, "f1-score": 0.0, "support": 12}, "60": {"precision": 0.5, "recall": 0.3333333333333333, "f1-score": 0.4, "support": 3}, "61": {"precision": 0.0, "recall": 0.0, "f1-score": 0.0, "support": 2}, "62": {"precision": 0.4, "recall": 0.3333333333333333, "f1-score": 0.3636363636363636, "support": 6}, "63": {"precision": 0.0, "recall": 0.0, "f1-score": 0.0, "support": 2}, "65": {"precision": 0.9, "recall": 0.19148936170212766, "f1-score": 0.3157894736842105, "support": 47}, "68": {"precision": 0.0, "recall": 0.0, "f1-score": 0.0, "support": 0}, "70": {"precision": 0.06666666666666667, "recall": 1.0, "f1-score": 0.125, "support": 1}, "72": {"precision": 0.07692307692307693, "recall": 1.0, "f1-score": 0.14285714285714288, "support": 1}, "75": {"precision": 0.3333333333333333, "recall": 1.0, "f1-score": 0.5, "support": 3}, "78": {"precision": 1.0, "recall": 1.0, "f1-score": 1.0, "support": 1}, "81": {"precision": 0.3333333333333333, "recall": 0.2, "f1-score": 0.25, "support": 5}, "87": {"precision": 0.0, "recall": 0.0, "f1-score": 0.0, "support": 0}, "89": {"precision": 0.875, "recall": 0.5833333333333334, "f1-score": 0.7000000000000001, "support": 12}, "92": {"precision": 0.5714285714285714, "recall": 0.7272727272727273, "f1-score": 0.64, "support": 22}, "93": {"precision": 1.0, "recall": 0.8888888888888888, "f1-score": 0.9411764705882353, "support": 9}, "94": {"precision": 0.7222222222222222, "recall": 0.3023255813953488, "f1-score": 0.4262295081967213, "support": 43}, "95": {"precision": 0.0, "recall": 0.0, "f1-score": 0.0, "support": 0}, "96": {"precision": 1.0, "recall": 0.9, "f1-score": 0.9473684210526316, "support": 20}, "accuracy": 0.36853448275862066, "macro avg": {"precision": 0.3927689237103325, "recall": 0.3793807979375843, "f1-score": 0.32141462315053343, "support": 464}, "weighted avg": {"precision": 0.5553598188904779, "recall": 0.36853448275862066, "f1-score": 0.3854478994347423, "support": 464}}