{"0": {"precision": 1.0, "recall": 0.42857142857142855, "f1-score": 0.6, "support": 14}, "1": {"precision": 0.0, "recall": 0.0, "f1-score": 0.0, "support": 8}, "2": {"precision": 0.045454545454545456, "recall": 0.3333333333333333, "f1-score": 0.08, "support": 3}, "3": {"precision": 0.21052631578947367, "recall": 0.26666666666666666, "f1-score": 0.23529411764705882, "support": 15}, "4": {"precision": 0.2727272727272727, "recall": 0.3, "f1-score": 0.28571428571428564, "support": 10}, "5": {"precision": 0.047619047619047616, "recall": 0.08333333333333333, "f1-score": 0.060606060606060615, "support": 12}, "6": {"precision": 0.0, "recall": 0.0, "f1-score": 0.0, "support": 15}, "7": {"precision": 0.0, "recall": 0.0, "f1-score": 0.0, "support": 3}, "8": {"precision": 0.0, "recall": 0.0, "f1-score": 0.0, "support": 0}, "9": {"precision": 0.18181818181818182, "recall": 0.14285714285714285, "f1-score": 0.16, "support": 14}, "10": {"precision": 0.09090909090909091, "recall": 0.14285714285714285, "f1-score": 0.1111111111111111, "support": 7}, "11": {"precision": 0.15384615384615385, "recall": 0.15384615384615385, "f1-score": 0.15384615384615385, "support": 13}, "12": {"precision": 0.4, "recall": 0.14285714285714285, "f1-score": 0.21052631578947364, "support": 14}, "13": {"precision": 0.0, "recall": 0.0, "f1-score": 0.0, "support": 8}, "14": {"precision": 0.0, "recall": 0.0, "f1-score": 0.0, "support": 10}, "15": {"precision": 0.21428571428571427, "recall": 0.21428571428571427, "f1-score": 0.21428571428571427, "support": 14}, "16": {"precision": 0.10344827586206896, "recall": 1.0, "f1-score": 0.1875, "support": 3}, "27": {"precision": 0.6, "recall": 1.0, "f1-score": 0.7499999999999999, "support": 3}, "28": {"precision": 0.75, "recall": 0.7058823529411765, "f1-score": 0.7272727272727272, "support": 17}, "29": {"precision": 1.0, "recall": 1.0, "f1-score": 1.0, "support": 3}, "32": {"precision": 0.8181818181818182, "recall": 0.47368421052631576, "f1-score": 0.6, "support": 38}, "38": {"precision": 0.625, "recall": 1.0, "f1-score": 0.7692307692307693, "support": 5}, "39": {"precision": 1.0, "recall": 1.0, "f1-score": 1.0, "support": 2}, "43": {"precision": 0.5714285714285714, "recall": 1.0, "f1-score": 0.7272727272727273, "support": 4}, "45": {"precision": 0.19047619047619047, "recall": 0.23529411764705882, "f1-score": 0.21052631578947367, "support": 17}, "47": {"precision": 0.25, "recall": 0.5, "f1-score": 0.3333333333333333, "support": 2}, "52": {"precision": 0.0, "recall": 0.0, "f1-score": 0.0, "support": 1}, "53": {"precision": 1.0, "recall": 1.0, "f1-score": 1.0, "support": 7}, "56": {"precision": 0.08333333333333333, "recall": 0.1, "f1-score": 0.0909090909090909, "support": 10}, "60": {"precision": 0.0, "recall": 0.0, "f1-score": 0.0, "support": 4}, "61": {"precision": 0.5, "recall": 0.6666666666666666, "f1-score": 0.5714285714285715, "support": 3}, "62": {"precision": 0.6666666666666666, "recall": 0.2, "f1-score": 0.30769230769230765, "support": 10}, "63": {"precision": 0.4, "recall": 1.0, "f1-score": 0.5714285714285715, "support": 2}, "65": {"precision": 0.92, "recall": 0.4423076923076923, "f1-score": 0.5974025974025974, "support": 52}, "68": {"precision": 0.0, "recall": 0.0, "f1-score": 0.0, "support": 1}, "70": {"precision": 0.0, "recall": 0.0, "f1-score": 0.0, "support": 1}, "72": {"precision": 0.0, "recall": 0.0, "f1-score": 0.0, "support": 0}, "75": {"precision": 0.25, "recall": 1.0, "f1-score": 0.4, "support": 1}, "78": {"precision": 1.0, "recall": 1.0, "f1-score": 1.0, "support": 5}, "80": {"precision": 1.0, "recall": 1.0, "f1-score": 1.0, "support": 1}, "81": {"precision": 0.0, "recall": 0.0, "f1-score": 0.0, "support": 7}, "86": {"precision": 0.0, "recall": 0.0, "f1-score": 0.0, "support": 0}, "89": {"precision": 0.6086956521739131, "recall": 0.7368421052631579, "f1-score": 0.6666666666666666, "support": 19}, "90": {"precision": 0.5, "recall": 1.0, "f1-score": 0.6666666666666666, "support": 1}, "92": {"precision": 0.7142857142857143, "recall": 0.7142857142857143, "f1-score": 0.7142857142857143, "support": 14}, "93": {"precision": 0.8461538461538461, "recall": 1.0, "f1-score": 0.9166666666666666, "support": 22}, "94": {"precision": 0.5, "recall": 0.08333333333333333, "f1-score": 0.14285714285714285, "support": 24}, "96": {"precision": 1.0, "recall": 0.84, "f1-score": 0.9130434782608696, "support": 25}, "accuracy": 0.41810344827586204, "macro avg": {"precision": 0.3857261748127417, "recall": 0.4355605052412328, "f1-score": 0.3744909813784116, "support": 464}, "weighted avg": {"precision": 0.5238048347041359, "recall": 0.41810344827586204, "f1-score": 0.43482482542048656, "support": 464}}