{"0": {"precision": 1.0, "recall": 0.42105263157894735, "f1-score": 0.5925925925925926, "support": 19}, "1": {"precision": 0.2972972972972973, "recall": 0.9166666666666666, "f1-score": 0.4489795918367347, "support": 12}, "2": {"precision": 1.0, "recall": 1.0, "f1-score": 1.0, "support": 18}, "3": {"precision": 0.8, "recall": 0.9523809523809523, "f1-score": 0.8695652173913043, "support": 42}, "4": {"precision": 0.9090909090909091, "recall": 0.37037037037037035, "f1-score": 0.5263157894736842, "support": 27}, "5": {"precision": 0.7857142857142857, "recall": 0.8461538461538461, "f1-score": 0.8148148148148148, "support": 26}, "6": {"precision": 1.0, "recall": 0.9411764705882353, "f1-score": 0.9696969696969697, "support": 17}, "7": {"precision": 0.16666666666666666, "recall": 0.5, "f1-score": 0.25, "support": 2}, "8": {"precision": 0.0, "recall": 0.0, "f1-score": 0.0, "support": 1}, "9": {"precision": 0.4782608695652174, "recall": 0.7857142857142857, "f1-score": 0.5945945945945946, "support": 14}, "10": {"precision": 0.5, "recall": 0.5714285714285714, "f1-score": 0.5333333333333333, "support": 21}, "11": {"precision": 1.0, "recall": 1.0, "f1-score": 1.0, "support": 24}, "12": {"precision": 0.9411764705882353, "recall": 0.8888888888888888, "f1-score": 0.9142857142857143, "support": 18}, "13": {"precision": 0.0, "recall": 0.0, "f1-score": 0.0, "support": 16}, "14": {"precision": 0.0, "recall": 0.0, "f1-score": 0.0, "support": 5}, "15": {"precision": 0.0, "recall": 0.0, "f1-score": 0.0, "support": 2}, "16": {"precision": 0.42857142857142855, "recall": 1.0, "f1-score": 0.6, "support": 3}, "17": {"precision": 0.9, "recall": 0.75, "f1-score": 0.8181818181818182, "support": 12}, "accuracy": 0.7204301075268817, "macro avg": {"precision": 0.5670432181941133, "recall": 0.6079907046539313, "f1-score": 0.5517978020111978, "support": 279}, "weighted avg": {"precision": 0.7408511462549907, "recall": 0.7204301075268817, "f1-score": 0.6994586468717098, "support": 279}}