{"0": {"precision": 1.0, "recall": 1.0, "f1-score": 1.0, "support": 19}, "1": {"precision": 0.8181818181818182, "recall": 0.47368421052631576, "f1-score": 0.6, "support": 19}, "2": {"precision": 1.0, "recall": 0.4666666666666667, "f1-score": 0.6363636363636364, "support": 15}, "3": {"precision": 1.0, "recall": 0.6111111111111112, "f1-score": 0.7586206896551725, "support": 54}, "4": {"precision": 0.6538461538461539, "recall": 0.5483870967741935, "f1-score": 0.5964912280701755, "support": 31}, "5": {"precision": 0.9411764705882353, "recall": 0.8, "f1-score": 0.8648648648648648, "support": 20}, "6": {"precision": 0.8235294117647058, "recall": 1.0, "f1-score": 0.9032258064516129, "support": 14}, "7": {"precision": 0.6666666666666666, "recall": 0.6666666666666666, "f1-score": 0.6666666666666666, "support": 3}, "8": {"precision": 0.5, "recall": 1.0, "f1-score": 0.6666666666666666, "support": 1}, "9": {"precision": 0.34375, "recall": 0.6875, "f1-score": 0.4583333333333333, "support": 16}, "10": {"precision": 0.3333333333333333, "recall": 0.09090909090909091, "f1-score": 0.14285714285714288, "support": 11}, "11": {"precision": 0.6, "recall": 1.0, "f1-score": 0.7499999999999999, "support": 15}, "12": {"precision": 1.0, "recall": 1.0, "f1-score": 1.0, "support": 18}, "13": {"precision": 1.0, "recall": 0.7368421052631579, "f1-score": 0.8484848484848484, "support": 19}, "14": {"precision": 1.0, "recall": 1.0, "f1-score": 1.0, "support": 4}, "15": {"precision": 0.04, "recall": 0.3333333333333333, "f1-score": 0.07142857142857142, "support": 3}, "16": {"precision": 0.6, "recall": 1.0, "f1-score": 0.7499999999999999, "support": 3}, "17": {"precision": 0.7777777777777778, "recall": 1.0, "f1-score": 0.8750000000000001, "support": 14}, "accuracy": 0.7132616487455197, "macro avg": {"precision": 0.7276812017865939, "recall": 0.745283348958363, "f1-score": 0.699389080824594, "support": 279}, "weighted avg": {"precision": 0.8195096130706504, "recall": 0.7132616487455197, "f1-score": 0.7347727055611312, "support": 279}}