{"0": {"precision": 1.0, "recall": 1.0, "f1-score": 1.0, "support": 16}, "1": {"precision": 0.37037037037037035, "recall": 0.9090909090909091, "f1-score": 0.5263157894736842, "support": 22}, "2": {"precision": 1.0, "recall": 1.0, "f1-score": 1.0, "support": 16}, "3": {"precision": 1.0, "recall": 0.9210526315789473, "f1-score": 0.958904109589041, "support": 38}, "4": {"precision": 0.75, "recall": 0.07894736842105263, "f1-score": 0.14285714285714285, "support": 38}, "5": {"precision": 0.9090909090909091, "recall": 0.7407407407407407, "f1-score": 0.8163265306122449, "support": 27}, "6": {"precision": 0.9375, "recall": 0.9375, "f1-score": 0.9375, "support": 16}, "7": {"precision": 0.18181818181818182, "recall": 1.0, "f1-score": 0.3076923076923077, "support": 2}, "8": {"precision": 0.0, "recall": 0.0, "f1-score": 0.0, "support": 4}, "9": {"precision": 0.23636363636363636, "recall": 0.8125, "f1-score": 0.36619718309859156, "support": 16}, "10": {"precision": 1.0, "recall": 0.0625, "f1-score": 0.11764705882352941, "support": 16}, "11": {"precision": 1.0, "recall": 1.0, "f1-score": 1.0, "support": 18}, "12": {"precision": 1.0, "recall": 1.0, "f1-score": 1.0, "support": 9}, "13": {"precision": 0.5, "recall": 0.058823529411764705, "f1-score": 0.10526315789473684, "support": 17}, "14": {"precision": 0.0, "recall": 0.0, "f1-score": 0.0, "support": 3}, "15": {"precision": 0.0, "recall": 0.0, "f1-score": 0.0, "support": 2}, "16": {"precision": 1.0, "recall": 1.0, "f1-score": 1.0, "support": 4}, "17": {"precision": 0.9375, "recall": 1.0, "f1-score": 0.967741935483871, "support": 15}, "accuracy": 0.6738351254480287, "macro avg": {"precision": 0.6568135054246166, "recall": 0.6400641766246342, "f1-score": 0.5692469564180639, "support": 279}, "weighted avg": {"precision": 0.78817762451275, "recall": 0.6738351254480287, "f1-score": 0.6385275501452107, "support": 279}}