{"0": {"precision": 1.0, "recall": 1.0, "f1-score": 1.0, "support": 19}, "1": {"precision": 0.5882352941176471, "recall": 0.8333333333333334, "f1-score": 0.6896551724137931, "support": 12}, "2": {"precision": 1.0, "recall": 1.0, "f1-score": 1.0, "support": 18}, "3": {"precision": 1.0, "recall": 1.0, "f1-score": 1.0, "support": 42}, "4": {"precision": 0.9285714285714286, "recall": 0.9629629629629629, "f1-score": 0.9454545454545454, "support": 27}, "5": {"precision": 1.0, "recall": 0.8461538461538461, "f1-score": 0.9166666666666666, "support": 26}, "6": {"precision": 1.0, "recall": 1.0, "f1-score": 1.0, "support": 17}, "7": {"precision": 0.2, "recall": 0.5, "f1-score": 0.28571428571428575, "support": 2}, "8": {"precision": 0.0, "recall": 0.0, "f1-score": 0.0, "support": 1}, "9": {"precision": 0.46153846153846156, "recall": 0.42857142857142855, "f1-score": 0.4444444444444445, "support": 14}, "10": {"precision": 0.7, "recall": 0.6666666666666666, "f1-score": 0.6829268292682926, "support": 21}, "11": {"precision": 1.0, "recall": 1.0, "f1-score": 1.0, "support": 24}, "12": {"precision": 0.9473684210526315, "recall": 1.0, "f1-score": 0.972972972972973, "support": 18}, "13": {"precision": 1.0, "recall": 0.875, "f1-score": 0.9333333333333333, "support": 16}, "14": {"precision": 1.0, "recall": 0.4, "f1-score": 0.5714285714285715, "support": 5}, "15": {"precision": 0.3333333333333333, "recall": 0.5, "f1-score": 0.4, "support": 2}, "16": {"precision": 1.0, "recall": 1.0, "f1-score": 1.0, "support": 3}, "17": {"precision": 0.9230769230769231, "recall": 1.0, "f1-score": 0.9600000000000001, "support": 12}, "accuracy": 0.8924731182795699, "macro avg": {"precision": 0.782340214538357, "recall": 0.7784826798715687, "f1-score": 0.766810934538717, "support": 279}, "weighted avg": {"precision": 0.9049749529925301, "recall": 0.8924731182795699, "f1-score": 0.8938909392180868, "support": 279}}