{"0": {"precision": 1.0, "recall": 1.0, "f1-score": 1.0, "support": 19}, "1": {"precision": 0.4375, "recall": 0.3684210526315789, "f1-score": 0.39999999999999997, "support": 19}, "2": {"precision": 1.0, "recall": 0.8666666666666667, "f1-score": 0.9285714285714286, "support": 15}, "3": {"precision": 1.0, "recall": 1.0, "f1-score": 1.0, "support": 54}, "4": {"precision": 0.7368421052631579, "recall": 0.45161290322580644, "f1-score": 0.56, "support": 31}, "5": {"precision": 1.0, "recall": 0.8, "f1-score": 0.888888888888889, "support": 20}, "6": {"precision": 1.0, "recall": 1.0, "f1-score": 1.0, "support": 14}, "7": {"precision": 0.0, "recall": 0.0, "f1-score": 0.0, "support": 3}, "8": {"precision": 0.25, "recall": 1.0, "f1-score": 0.4, "support": 1}, "9": {"precision": 0.35, "recall": 0.4375, "f1-score": 0.38888888888888884, "support": 16}, "10": {"precision": 0.2222222222222222, "recall": 0.18181818181818182, "f1-score": 0.19999999999999998, "support": 11}, "11": {"precision": 1.0, "recall": 1.0, "f1-score": 1.0, "support": 15}, "12": {"precision": 1.0, "recall": 1.0, "f1-score": 1.0, "support": 18}, "13": {"precision": 0.9333333333333333, "recall": 0.7368421052631579, "f1-score": 0.8235294117647058, "support": 19}, "14": {"precision": 0.5, "recall": 0.5, "f1-score": 0.5, "support": 4}, "15": {"precision": 0.0, "recall": 0.0, "f1-score": 0.0, "support": 3}, "16": {"precision": 1.0, "recall": 1.0, "f1-score": 1.0, "support": 3}, "17": {"precision": 0.875, "recall": 1.0, "f1-score": 0.9333333333333333, "support": 14}, "accuracy": 0.7634408602150538, "macro avg": {"precision": 0.6836054256010397, "recall": 0.6857144949780773, "f1-score": 0.667956219524847, "support": 279}, "weighted avg": {"precision": 0.8223382904693035, "recall": 0.7634408602150538, "f1-score": 0.7856713151210305, "support": 279}}