{"0": {"precision": 1.0, "recall": 0.9, "f1-score": 0.9473684210526316, "support": 20}, "1": {"precision": 1.0, "recall": 0.3333333333333333, "f1-score": 0.5, "support": 15}, "2": {"precision": 1.0, "recall": 1.0, "f1-score": 1.0, "support": 11}, "3": {"precision": 1.0, "recall": 0.9090909090909091, "f1-score": 0.9523809523809523, "support": 55}, "4": {"precision": 0.7948717948717948, "recall": 1.0, "f1-score": 0.8857142857142858, "support": 31}, "5": {"precision": 0.96, "recall": 0.8571428571428571, "f1-score": 0.9056603773584904, "support": 28}, "6": {"precision": 1.0, "recall": 1.0, "f1-score": 1.0, "support": 18}, "7": {"precision": 0.0, "recall": 0.0, "f1-score": 0.0, "support": 3}, "8": {"precision": 0.5, "recall": 1.0, "f1-score": 0.6666666666666666, "support": 1}, "9": {"precision": 0.47058823529411764, "recall": 0.36363636363636365, "f1-score": 0.41025641025641024, "support": 22}, "10": {"precision": 0.2962962962962963, "recall": 0.8888888888888888, "f1-score": 0.4444444444444444, "support": 9}, "11": {"precision": 1.0, "recall": 1.0, "f1-score": 1.0, "support": 15}, "12": {"precision": 1.0, "recall": 1.0, "f1-score": 1.0, "support": 13}, "13": {"precision": 1.0, "recall": 0.9444444444444444, "f1-score": 0.9714285714285714, "support": 18}, "14": {"precision": 0.5, "recall": 0.5, "f1-score": 0.5, "support": 2}, "15": {"precision": 0.0, "recall": 0.0, "f1-score": 0.0, "support": 1}, "16": {"precision": 0.6666666666666666, "recall": 1.0, "f1-score": 0.8, "support": 2}, "17": {"precision": 1.0, "recall": 1.0, "f1-score": 1.0, "support": 15}, "accuracy": 0.8494623655913979, "macro avg": {"precision": 0.7326901662849374, "recall": 0.760918710918711, "f1-score": 0.7213288960723586, "support": 279}, "weighted avg": {"precision": 0.8866450423566173, "recall": 0.8494623655913979, "f1-score": 0.8509748251011023, "support": 279}}