{"0": {"precision": 0.8, "recall": 0.5714285714285714, "f1-score": 0.6666666666666666, "support": 14}, "1": {"precision": 0.2222222222222222, "recall": 0.5, "f1-score": 0.30769230769230765, "support": 8}, "2": {"precision": 0.1111111111111111, "recall": 0.6666666666666666, "f1-score": 0.1904761904761905, "support": 3}, "3": {"precision": 0.3181818181818182, "recall": 0.4666666666666667, "f1-score": 0.3783783783783784, "support": 15}, "4": {"precision": 0.2222222222222222, "recall": 0.2, "f1-score": 0.2105263157894737, "support": 10}, "5": {"precision": 0.125, "recall": 0.08333333333333333, "f1-score": 0.1, "support": 12}, "6": {"precision": 0.0, "recall": 0.0, "f1-score": 0.0, "support": 15}, "7": {"precision": 0.0, "recall": 0.0, "f1-score": 0.0, "support": 3}, "8": {"precision": 0.0, "recall": 0.0, "f1-score": 0.0, "support": 0}, "9": {"precision": 0.25, "recall": 0.2857142857142857, "f1-score": 0.26666666666666666, "support": 14}, "10": {"precision": 0.05263157894736842, "recall": 0.14285714285714285, "f1-score": 0.07692307692307693, "support": 7}, "11": {"precision": 0.2222222222222222, "recall": 0.15384615384615385, "f1-score": 0.18181818181818185, "support": 13}, "12": {"precision": 0.4, "recall": 0.14285714285714285, "f1-score": 0.21052631578947364, "support": 14}, "13": {"precision": 0.4, "recall": 0.25, "f1-score": 0.3076923076923077, "support": 8}, "14": {"precision": 0.25, "recall": 0.2, "f1-score": 0.22222222222222224, "support": 10}, "15": {"precision": 0.0, "recall": 0.0, "f1-score": 0.0, "support": 14}, "16": {"precision": 0.1, "recall": 0.3333333333333333, "f1-score": 0.15384615384615383, "support": 3}, "27": {"precision": 0.6, "recall": 1.0, "f1-score": 0.7499999999999999, "support": 3}, "28": {"precision": 0.7692307692307693, "recall": 0.5882352941176471, "f1-score": 0.6666666666666667, "support": 17}, "29": {"precision": 0.42857142857142855, "recall": 1.0, "f1-score": 0.6, "support": 3}, "32": {"precision": 1.0, "recall": 0.5526315789473685, "f1-score": 0.711864406779661, "support": 38}, "38": {"precision": 0.8333333333333334, "recall": 1.0, "f1-score": 0.9090909090909091, "support": 5}, "39": {"precision": 0.6666666666666666, "recall": 1.0, "f1-score": 0.8, "support": 2}, "43": {"precision": 1.0, "recall": 1.0, "f1-score": 1.0, "support": 4}, "45": {"precision": 0.1724137931034483, "recall": 0.29411764705882354, "f1-score": 0.2173913043478261, "support": 17}, "47": {"precision": 0.6666666666666666, "recall": 1.0, "f1-score": 0.8, "support": 2}, "52": {"precision": 0.0, "recall": 0.0, "f1-score": 0.0, "support": 1}, "53": {"precision": 1.0, "recall": 1.0, "f1-score": 1.0, "support": 7}, "56": {"precision": 0.5, "recall": 0.1, "f1-score": 0.16666666666666669, "support": 10}, "60": {"precision": 0.3333333333333333, "recall": 0.5, "f1-score": 0.4, "support": 4}, "61": {"precision": 1.0, "recall": 0.6666666666666666, "f1-score": 0.8, "support": 3}, "62": {"precision": 0.5833333333333334, "recall": 0.7, "f1-score": 0.6363636363636365, "support": 10}, "63": {"precision": 0.4, "recall": 1.0, "f1-score": 0.5714285714285715, "support": 2}, "65": {"precision": 0.9166666666666666, "recall": 0.4230769230769231, "f1-score": 0.5789473684210527, "support": 52}, "68": {"precision": 0.5, "recall": 1.0, "f1-score": 0.6666666666666666, "support": 1}, "70": {"precision": 0.0, "recall": 0.0, "f1-score": 0.0, "support": 1}, "72": {"precision": 0.0, "recall": 0.0, "f1-score": 0.0, "support": 0}, "75": {"precision": 1.0, "recall": 1.0, "f1-score": 1.0, "support": 1}, "78": {"precision": 0.5555555555555556, "recall": 1.0, "f1-score": 0.7142857142857143, "support": 5}, "80": {"precision": 1.0, "recall": 1.0, "f1-score": 1.0, "support": 1}, "81": {"precision": 0.2631578947368421, "recall": 0.7142857142857143, "f1-score": 0.3846153846153846, "support": 7}, "87": {"precision": 0.0, "recall": 0.0, "f1-score": 0.0, "support": 0}, "89": {"precision": 0.7083333333333334, "recall": 0.8947368421052632, "f1-score": 0.7906976744186046, "support": 19}, "90": {"precision": 0.5, "recall": 1.0, "f1-score": 0.6666666666666666, "support": 1}, "92": {"precision": 0.5625, "recall": 0.6428571428571429, "f1-score": 0.6000000000000001, "support": 14}, "93": {"precision": 0.9565217391304348, "recall": 1.0, "f1-score": 0.9777777777777777, "support": 22}, "94": {"precision": 0.75, "recall": 0.25, "f1-score": 0.375, "support": 24}, "95": {"precision": 0.0, "recall": 0.0, "f1-score": 0.0, "support": 0}, "96": {"precision": 1.0, "recall": 0.92, "f1-score": 0.9583333333333334, "support": 25}, "accuracy": 0.4892241379310345, "macro avg": {"precision": 0.45183419772589345, "recall": 0.5151696144044663, "f1-score": 0.44930403125490276, "support": 464}, "weighted avg": {"precision": 0.5856043183077205, "recall": 0.4892241379310345, "f1-score": 0.499394005815742, "support": 464}}