{"0": {"precision": 0.75, "recall": 0.42857142857142855, "f1-score": 0.5454545454545454, "support": 14}, "1": {"precision": 0.10810810810810811, "recall": 0.5, "f1-score": 0.17777777777777778, "support": 8}, "2": {"precision": 0.0, "recall": 0.0, "f1-score": 0.0, "support": 3}, "3": {"precision": 0.125, "recall": 0.6, "f1-score": 0.20689655172413793, "support": 15}, "4": {"precision": 0.14285714285714285, "recall": 0.4, "f1-score": 0.21052631578947364, "support": 10}, "5": {"precision": 0.0, "recall": 0.0, "f1-score": 0.0, "support": 12}, "6": {"precision": 0.0, "recall": 0.0, "f1-score": 0.0, "support": 15}, "7": {"precision": 0.07142857142857142, "recall": 0.6666666666666666, "f1-score": 0.12903225806451613, "support": 3}, "9": {"precision": 0.0, "recall": 0.0, "f1-score": 0.0, "support": 14}, "10": {"precision": 0.0, "recall": 0.0, "f1-score": 0.0, "support": 7}, "11": {"precision": 0.0, "recall": 0.0, "f1-score": 0.0, "support": 13}, "12": {"precision": 0.2, "recall": 0.07142857142857142, "f1-score": 0.10526315789473682, "support": 14}, "13": {"precision": 0.0, "recall": 0.0, "f1-score": 0.0, "support": 8}, "14": {"precision": 0.0, "recall": 0.0, "f1-score": 0.0, "support": 10}, "15": {"precision": 0.0, "recall": 0.0, "f1-score": 0.0, "support": 14}, "16": {"precision": 0.041666666666666664, "recall": 0.3333333333333333, "f1-score": 0.07407407407407407, "support": 3}, "27": {"precision": 0.6, "recall": 1.0, "f1-score": 0.7499999999999999, "support": 3}, "28": {"precision": 0.7333333333333333, "recall": 0.6470588235294118, "f1-score": 0.6875, "support": 17}, "29": {"precision": 0.42857142857142855, "recall": 1.0, "f1-score": 0.6, "support": 3}, "32": {"precision": 1.0, "recall": 0.2894736842105263, "f1-score": 0.4489795918367347, "support": 38}, "38": {"precision": 1.0, "recall": 1.0, "f1-score": 1.0, "support": 5}, "39": {"precision": 1.0, "recall": 1.0, "f1-score": 1.0, "support": 2}, "43": {"precision": 0.4444444444444444, "recall": 1.0, "f1-score": 0.6153846153846153, "support": 4}, "45": {"precision": 0.10526315789473684, "recall": 0.11764705882352941, "f1-score": 0.1111111111111111, "support": 17}, "47": {"precision": 0.25, "recall": 0.5, "f1-score": 0.3333333333333333, "support": 2}, "52": {"precision": 0.0, "recall": 0.0, "f1-score": 0.0, "support": 1}, "53": {"precision": 1.0, "recall": 1.0, "f1-score": 1.0, "support": 7}, "56": {"precision": 0.0, "recall": 0.0, "f1-score": 0.0, "support": 10}, "60": {"precision": 0.0, "recall": 0.0, "f1-score": 0.0, "support": 4}, "61": {"precision": 1.0, "recall": 0.6666666666666666, "f1-score": 0.8, "support": 3}, "62": {"precision": 1.0, "recall": 0.3, "f1-score": 0.4615384615384615, "support": 10}, "63": {"precision": 0.16666666666666666, "recall": 0.5, "f1-score": 0.25, "support": 2}, "65": {"precision": 0.7692307692307693, "recall": 0.19230769230769232, "f1-score": 0.3076923076923077, "support": 52}, "68": {"precision": 0.0, "recall": 0.0, "f1-score": 0.0, "support": 1}, "70": {"precision": 0.0, "recall": 0.0, "f1-score": 0.0, "support": 1}, "72": {"precision": 0.0, "recall": 0.0, "f1-score": 0.0, "support": 0}, "75": {"precision": 0.5, "recall": 1.0, "f1-score": 0.6666666666666666, "support": 1}, "78": {"precision": 1.0, "recall": 1.0, "f1-score": 1.0, "support": 5}, "80": {"precision": 0.0, "recall": 0.0, "f1-score": 0.0, "support": 1}, "81": {"precision": 0.0, "recall": 0.0, "f1-score": 0.0, "support": 7}, "87": {"precision": 0.0, "recall": 0.0, "f1-score": 0.0, "support": 0}, "89": {"precision": 0.5833333333333334, "recall": 0.7368421052631579, "f1-score": 0.6511627906976745, "support": 19}, "90": {"precision": 0.2, "recall": 1.0, "f1-score": 0.33333333333333337, "support": 1}, "92": {"precision": 0.6, "recall": 0.6428571428571429, "f1-score": 0.6206896551724138, "support": 14}, "93": {"precision": 0.88, "recall": 1.0, "f1-score": 0.9361702127659575, "support": 22}, "94": {"precision": 0.4, "recall": 0.08333333333333333, "f1-score": 0.13793103448275862, "support": 24}, "95": {"precision": 0.0, "recall": 0.0, "f1-score": 0.0, "support": 0}, "96": {"precision": 0.9047619047619048, "recall": 0.76, "f1-score": 0.8260869565217391, "support": 25}, "accuracy": 0.35560344827586204, "macro avg": {"precision": 0.3334305318186897, "recall": 0.38408721889565545, "f1-score": 0.312220932319091, "support": 464}, "weighted avg": {"precision": 0.4731100618702706, "recall": 0.35560344827586204, "f1-score": 0.3519429207730812, "support": 464}}