{"0": {"precision": 1.0, "recall": 0.95, "f1-score": 0.9743589743589743, "support": 20}, "1": {"precision": 1.0, "recall": 0.4666666666666667, "f1-score": 0.6363636363636364, "support": 15}, "2": {"precision": 1.0, "recall": 1.0, "f1-score": 1.0, "support": 11}, "3": {"precision": 1.0, "recall": 0.9090909090909091, "f1-score": 0.9523809523809523, "support": 55}, "4": {"precision": 0.8620689655172413, "recall": 0.8064516129032258, "f1-score": 0.8333333333333334, "support": 31}, "5": {"precision": 1.0, "recall": 0.5714285714285714, "f1-score": 0.7272727272727273, "support": 28}, "6": {"precision": 1.0, "recall": 1.0, "f1-score": 1.0, "support": 18}, "7": {"precision": 0.0, "recall": 0.0, "f1-score": 0.0, "support": 3}, "8": {"precision": 1.0, "recall": 1.0, "f1-score": 1.0, "support": 1}, "9": {"precision": 0.4, "recall": 0.09090909090909091, "f1-score": 0.14814814814814814, "support": 22}, "10": {"precision": 0.3, "recall": 1.0, "f1-score": 0.4615384615384615, "support": 9}, "11": {"precision": 0.6521739130434783, "recall": 1.0, "f1-score": 0.7894736842105263, "support": 15}, "12": {"precision": 1.0, "recall": 1.0, "f1-score": 1.0, "support": 13}, "13": {"precision": 0.9444444444444444, "recall": 0.9444444444444444, "f1-score": 0.9444444444444444, "support": 18}, "14": {"precision": 0.4, "recall": 1.0, "f1-score": 0.5714285714285715, "support": 2}, "15": {"precision": 0.14285714285714285, "recall": 1.0, "f1-score": 0.25, "support": 1}, "16": {"precision": 0.18181818181818182, "recall": 1.0, "f1-score": 0.3076923076923077, "support": 2}, "17": {"precision": 0.9375, "recall": 1.0, "f1-score": 0.967741935483871, "support": 15}, "accuracy": 0.7992831541218638, "macro avg": {"precision": 0.7122701470933603, "recall": 0.8188328497468282, "f1-score": 0.698009843147553, "support": 279}, "weighted avg": {"precision": 0.8651460219827246, "recall": 0.7992831541218638, "f1-score": 0.8006814966929006, "support": 279}}