{"0": {"precision": 0.75, "recall": 0.9, "f1-score": 0.8181818181818182, "support": 10}, "1": {"precision": 0.16666666666666666, "recall": 0.14285714285714285, "f1-score": 0.15384615384615383, "support": 7}, "2": {"precision": 0.13333333333333333, "recall": 0.5, "f1-score": 0.2105263157894737, "support": 4}, "3": {"precision": 0.0, "recall": 0.0, "f1-score": 0.0, "support": 13}, "4": {"precision": 0.0, "recall": 0.0, "f1-score": 0.0, "support": 7}, "5": {"precision": 0.3333333333333333, "recall": 0.08333333333333333, "f1-score": 0.13333333333333333, "support": 12}, "6": {"precision": 0.3076923076923077, "recall": 0.26666666666666666, "f1-score": 0.28571428571428575, "support": 15}, "7": {"precision": 0.0, "recall": 0.0, "f1-score": 0.0, "support": 4}, "8": {"precision": 0.0, "recall": 0.0, "f1-score": 0.0, "support": 2}, "9": {"precision": 0.3181818181818182, "recall": 0.5833333333333334, "f1-score": 0.4117647058823529, "support": 12}, "10": {"precision": 0.42857142857142855, "recall": 0.21428571428571427, "f1-score": 0.2857142857142857, "support": 14}, "11": {"precision": 0.1111111111111111, "recall": 0.1111111111111111, "f1-score": 0.1111111111111111, "support": 9}, "12": {"precision": 0.5714285714285714, "recall": 0.4444444444444444, "f1-score": 0.5, "support": 9}, "13": {"precision": 0.5, "recall": 0.3, "f1-score": 0.37499999999999994, "support": 10}, "14": {"precision": 0.16666666666666666, "recall": 0.1111111111111111, "f1-score": 0.13333333333333333, "support": 9}, "15": {"precision": 0.2, "recall": 0.2, "f1-score": 0.20000000000000004, "support": 10}, "16": {"precision": 0.21428571428571427, "recall": 1.0, "f1-score": 0.35294117647058826, "support": 6}, "27": {"precision": 1.0, "recall": 1.0, "f1-score": 1.0, "support": 8}, "28": {"precision": 0.8, "recall": 0.8571428571428571, "f1-score": 0.8275862068965518, "support": 14}, "29": {"precision": 0.7777777777777778, "recall": 1.0, "f1-score": 0.8750000000000001, "support": 7}, "32": {"precision": 0.8333333333333334, "recall": 0.6944444444444444, "f1-score": 0.7575757575757577, "support": 36}, "33": {"precision": 1.0, "recall": 1.0, "f1-score": 1.0, "support": 1}, "38": {"precision": 0.8333333333333334, "recall": 1.0, "f1-score": 0.9090909090909091, "support": 5}, "39": {"precision": 1.0, "recall": 1.0, "f1-score": 1.0, "support": 4}, "43": {"precision": 1.0, "recall": 1.0, "f1-score": 1.0, "support": 5}, "45": {"precision": 0.7647058823529411, "recall": 0.52, "f1-score": 0.6190476190476191, "support": 25}, "47": {"precision": 0.7777777777777778, "recall": 1.0, "f1-score": 0.8750000000000001, "support": 7}, "52": {"precision": 0.5, "recall": 1.0, "f1-score": 0.6666666666666666, "support": 1}, "53": {"precision": 1.0, "recall": 0.8888888888888888, "f1-score": 0.9411764705882353, "support": 9}, "56": {"precision": 0.5833333333333334, "recall": 0.5833333333333334, "f1-score": 0.5833333333333334, "support": 12}, "60": {"precision": 1.0, "recall": 1.0, "f1-score": 1.0, "support": 3}, "61": {"precision": 0.0, "recall": 0.0, "f1-score": 0.0, "support": 2}, "62": {"precision": 1.0, "recall": 0.5, "f1-score": 0.6666666666666666, "support": 6}, "63": {"precision": 1.0, "recall": 0.5, "f1-score": 0.6666666666666666, "support": 2}, "65": {"precision": 0.7948717948717948, "recall": 0.6595744680851063, "f1-score": 0.7209302325581396, "support": 47}, "70": {"precision": 0.125, "recall": 1.0, "f1-score": 0.2222222222222222, "support": 1}, "72": {"precision": 0.2, "recall": 1.0, "f1-score": 0.33333333333333337, "support": 1}, "75": {"precision": 1.0, "recall": 1.0, "f1-score": 1.0, "support": 3}, "78": {"precision": 1.0, "recall": 1.0, "f1-score": 1.0, "support": 1}, "81": {"precision": 1.0, "recall": 0.6, "f1-score": 0.7499999999999999, "support": 5}, "87": {"precision": 0.0, "recall": 0.0, "f1-score": 0.0, "support": 0}, "89": {"precision": 0.9, "recall": 0.75, "f1-score": 0.8181818181818182, "support": 12}, "90": {"precision": 0.0, "recall": 0.0, "f1-score": 0.0, "support": 0}, "92": {"precision": 0.9565217391304348, "recall": 1.0, "f1-score": 0.9777777777777777, "support": 22}, "93": {"precision": 1.0, "recall": 1.0, "f1-score": 1.0, "support": 9}, "94": {"precision": 1.0, "recall": 0.32558139534883723, "f1-score": 0.49122807017543857, "support": 43}, "96": {"precision": 0.8695652173913043, "recall": 1.0, "f1-score": 0.9302325581395349, "support": 20}, "accuracy": 0.5775862068965517, "macro avg": {"precision": 0.5727125774589995, "recall": 0.5901299626465175, "f1-score": 0.5447485708148384, "support": 464}, "weighted avg": {"precision": 0.6731769341469547, "recall": 0.5775862068965517, "f1-score": 0.5934107313764201, "support": 464}}