{"0": {"precision": 0.3333333333333333, "recall": 0.125, "f1-score": 0.18181818181818182, "support": 16}, "1": {"precision": 0.07339449541284404, "recall": 0.5333333333333333, "f1-score": 0.12903225806451615, "support": 15}, "2": {"precision": 0.0, "recall": 0.0, "f1-score": 0.0, "support": 3}, "3": {"precision": 0.09523809523809523, "recall": 0.11764705882352941, "f1-score": 0.10526315789473684, "support": 17}, "4": {"precision": 0.0, "recall": 0.0, "f1-score": 0.0, "support": 8}, "5": {"precision": 0.0, "recall": 0.0, "f1-score": 0.0, "support": 14}, "6": {"precision": 0.0, "recall": 0.0, "f1-score": 0.0, "support": 10}, "7": {"precision": 0.07692307692307693, "recall": 0.5, "f1-score": 0.13333333333333336, "support": 2}, "8": {"precision": 0.0, "recall": 0.0, "f1-score": 0.0, "support": 6}, "9": {"precision": 0.0, "recall": 0.0, "f1-score": 0.0, "support": 12}, "10": {"precision": 0.0, "recall": 0.0, "f1-score": 0.0, "support": 12}, "11": {"precision": 0.0, "recall": 0.0, "f1-score": 0.0, "support": 8}, "12": {"precision": 0.0, "recall": 0.0, "f1-score": 0.0, "support": 6}, "13": {"precision": 0.0, "recall": 0.0, "f1-score": 0.0, "support": 14}, "14": {"precision": 0.0, "recall": 0.0, "f1-score": 0.0, "support": 7}, "15": {"precision": 0.0, "recall": 0.0, "f1-score": 0.0, "support": 10}, "16": {"precision": 0.09523809523809523, "recall": 0.6666666666666666, "f1-score": 0.16666666666666666, "support": 3}, "27": {"precision": 0.6923076923076923, "recall": 1.0, "f1-score": 0.8181818181818181, "support": 9}, "28": {"precision": 0.2, "recall": 0.15384615384615385, "f1-score": 0.17391304347826086, "support": 13}, "29": {"precision": 0.75, "recall": 0.6, "f1-score": 0.6666666666666665, "support": 5}, "32": {"precision": 0.5, "recall": 0.29411764705882354, "f1-score": 0.37037037037037035, "support": 34}, "37": {"precision": 0.0, "recall": 0.0, "f1-score": 0.0, "support": 0}, "38": {"precision": 1.0, "recall": 0.8888888888888888, "f1-score": 0.9411764705882353, "support": 9}, "39": {"precision": 1.0, "recall": 1.0, "f1-score": 1.0, "support": 4}, "43": {"precision": 0.3333333333333333, "recall": 0.5, "f1-score": 0.4, "support": 2}, "45": {"precision": 0.631578947368421, "recall": 0.5714285714285714, "f1-score": 0.6, "support": 21}, "47": {"precision": 1.0, "recall": 0.4, "f1-score": 0.5714285714285715, "support": 5}, "53": {"precision": 1.0, "recall": 0.8571428571428571, "f1-score": 0.923076923076923, "support": 7}, "56": {"precision": 0.5, "recall": 0.08333333333333333, "f1-score": 0.14285714285714285, "support": 12}, "60": {"precision": 1.0, "recall": 0.3333333333333333, "f1-score": 0.5, "support": 3}, "61": {"precision": 0.375, "recall": 0.6, "f1-score": 0.4615384615384615, "support": 5}, "62": {"precision": 0.625, "recall": 0.625, "f1-score": 0.625, "support": 8}, "63": {"precision": 0.75, "recall": 1.0, "f1-score": 0.8571428571428571, "support": 3}, "65": {"precision": 0.7741935483870968, "recall": 0.5333333333333333, "f1-score": 0.631578947368421, "support": 45}, "68": {"precision": 0.6666666666666666, "recall": 1.0, "f1-score": 0.8, "support": 2}, "70": {"precision": 0.09090909090909091, "recall": 1.0, "f1-score": 0.16666666666666669, "support": 1}, "72": {"precision": 0.0, "recall": 0.0, "f1-score": 0.0, "support": 2}, "75": {"precision": 0.75, "recall": 1.0, "f1-score": 0.8571428571428571, "support": 3}, "78": {"precision": 0.0, "recall": 0.0, "f1-score": 0.0, "support": 1}, "81": {"precision": 0.5714285714285714, "recall": 0.8, "f1-score": 0.6666666666666666, "support": 5}, "86": {"precision": 0.0, "recall": 0.0, "f1-score": 0.0, "support": 1}, "87": {"precision": 0.5, "recall": 0.5, "f1-score": 0.5, "support": 2}, "89": {"precision": 0.25, "recall": 0.06666666666666667, "f1-score": 0.10526315789473685, "support": 15}, "90": {"precision": 0.5, "recall": 1.0, "f1-score": 0.6666666666666666, "support": 1}, "92": {"precision": 0.9411764705882353, "recall": 1.0, "f1-score": 0.9696969696969697, "support": 16}, "93": {"precision": 0.9333333333333333, "recall": 1.0, "f1-score": 0.9655172413793104, "support": 14}, "94": {"precision": 1.0, "recall": 0.4375, "f1-score": 0.6086956521739131, "support": 32}, "95": {"precision": 0.0, "recall": 0.0, "f1-score": 0.0, "support": 1}, "96": {"precision": 0.6451612903225806, "recall": 1.0, "f1-score": 0.7843137254901961, "support": 20}, "accuracy": 0.40086206896551724, "macro avg": {"precision": 0.3806982865467442, "recall": 0.41198444579296917, "f1-score": 0.3569321321276152, "support": 464}, "weighted avg": {"precision": 0.46288203357034796, "recall": 0.40086206896551724, "f1-score": 0.39820872121772366, "support": 464}}