{"0": {"precision": 1.0, "recall": 1.0, "f1-score": 1.0, "support": 23}, "1": {"precision": 0.75, "recall": 0.8181818181818182, "f1-score": 0.7826086956521738, "support": 11}, "2": {"precision": 1.0, "recall": 1.0, "f1-score": 1.0, "support": 10}, "3": {"precision": 1.0, "recall": 1.0, "f1-score": 1.0, "support": 44}, "4": {"precision": 0.967741935483871, "recall": 0.9090909090909091, "f1-score": 0.9374999999999999, "support": 33}, "5": {"precision": 1.0, "recall": 0.8148148148148148, "f1-score": 0.8979591836734693, "support": 27}, "6": {"precision": 1.0, "recall": 1.0, "f1-score": 1.0, "support": 21}, "7": {"precision": 0.0, "recall": 0.0, "f1-score": 0.0, "support": 3}, "8": {"precision": 1.0, "recall": 1.0, "f1-score": 1.0, "support": 4}, "9": {"precision": 0.3333333333333333, "recall": 0.5384615384615384, "f1-score": 0.41176470588235287, "support": 13}, "10": {"precision": 0.5384615384615384, "recall": 0.35, "f1-score": 0.4242424242424242, "support": 20}, "11": {"precision": 1.0, "recall": 1.0, "f1-score": 1.0, "support": 21}, "12": {"precision": 0.875, "recall": 1.0, "f1-score": 0.9333333333333333, "support": 14}, "13": {"precision": 0.875, "recall": 0.9333333333333333, "f1-score": 0.9032258064516129, "support": 15}, "14": {"precision": 0.5, "recall": 0.5, "f1-score": 0.5, "support": 2}, "15": {"precision": 0.25, "recall": 0.5, "f1-score": 0.3333333333333333, "support": 2}, "16": {"precision": 0.3333333333333333, "recall": 1.0, "f1-score": 0.5, "support": 1}, "17": {"precision": 1.0, "recall": 1.0, "f1-score": 1.0, "support": 15}, "accuracy": 0.8745519713261649, "macro avg": {"precision": 0.745715007811782, "recall": 0.7979934674379119, "f1-score": 0.7568870823649276, "support": 279}, "weighted avg": {"precision": 0.8870838039672587, "recall": 0.8745519713261649, "f1-score": 0.8760236691856064, "support": 279}}