{"0": {"precision": 1.0, "recall": 1.0, "f1-score": 1.0, "support": 19}, "1": {"precision": 0.3333333333333333, "recall": 0.9166666666666666, "f1-score": 0.4888888888888888, "support": 12}, "2": {"precision": 1.0, "recall": 1.0, "f1-score": 1.0, "support": 18}, "3": {"precision": 1.0, "recall": 0.9523809523809523, "f1-score": 0.975609756097561, "support": 42}, "4": {"precision": 0.9166666666666666, "recall": 0.4074074074074074, "f1-score": 0.5641025641025641, "support": 27}, "5": {"precision": 0.9565217391304348, "recall": 0.8461538461538461, "f1-score": 0.8979591836734695, "support": 26}, "6": {"precision": 1.0, "recall": 1.0, "f1-score": 1.0, "support": 17}, "7": {"precision": 0.16666666666666666, "recall": 1.0, "f1-score": 0.2857142857142857, "support": 2}, "8": {"precision": 0.0, "recall": 0.0, "f1-score": 0.0, "support": 1}, "9": {"precision": 0.22727272727272727, "recall": 0.7142857142857143, "f1-score": 0.3448275862068965, "support": 14}, "10": {"precision": 0.6666666666666666, "recall": 0.09523809523809523, "f1-score": 0.16666666666666666, "support": 21}, "11": {"precision": 1.0, "recall": 1.0, "f1-score": 1.0, "support": 24}, "12": {"precision": 0.9473684210526315, "recall": 1.0, "f1-score": 0.972972972972973, "support": 18}, "13": {"precision": 0.0, "recall": 0.0, "f1-score": 0.0, "support": 16}, "14": {"precision": 0.0, "recall": 0.0, "f1-score": 0.0, "support": 5}, "15": {"precision": 0.0, "recall": 0.0, "f1-score": 0.0, "support": 2}, "16": {"precision": 0.5, "recall": 1.0, "f1-score": 0.6666666666666666, "support": 3}, "17": {"precision": 1.0, "recall": 0.75, "f1-score": 0.8571428571428571, "support": 12}, "accuracy": 0.7383512544802867, "macro avg": {"precision": 0.5952497900438404, "recall": 0.6490073712295934, "f1-score": 0.567808412674046, "support": 279}, "weighted avg": {"precision": 0.7945783093601799, "recall": 0.7383512544802867, "f1-score": 0.7244380896293784, "support": 279}}