{"0": {"precision": 0.8, "recall": 0.8888888888888888, "f1-score": 0.8421052631578948, "support": 9}, "1": {"precision": 0.14285714285714285, "recall": 0.3333333333333333, "f1-score": 0.2, "support": 9}, "2": {"precision": 0.0, "recall": 0.0, "f1-score": 0.0, "support": 4}, "3": {"precision": 0.2727272727272727, "recall": 0.25, "f1-score": 0.2608695652173913, "support": 12}, "4": {"precision": 0.25, "recall": 0.14285714285714285, "f1-score": 0.18181818181818182, "support": 14}, "5": {"precision": 0.1, "recall": 0.1111111111111111, "f1-score": 0.10526315789473685, "support": 9}, "6": {"precision": 0.0, "recall": 0.0, "f1-score": 0.0, "support": 12}, "7": {"precision": 0.15384615384615385, "recall": 0.6666666666666666, "f1-score": 0.25, "support": 3}, "8": {"precision": 0.2857142857142857, "recall": 0.4, "f1-score": 0.3333333333333333, "support": 5}, "9": {"precision": 0.2857142857142857, "recall": 0.125, "f1-score": 0.17391304347826086, "support": 16}, "10": {"precision": 0.2777777777777778, "recall": 0.35714285714285715, "f1-score": 0.31250000000000006, "support": 14}, "11": {"precision": 0.1111111111111111, "recall": 0.2, "f1-score": 0.14285714285714285, "support": 5}, "12": {"precision": 0.0, "recall": 0.0, "f1-score": 0.0, "support": 11}, "13": {"precision": 0.2, "recall": 0.3076923076923077, "f1-score": 0.24242424242424246, "support": 13}, "14": {"precision": 0.2, "recall": 0.2727272727272727, "f1-score": 0.23076923076923075, "support": 11}, "15": {"precision": 0.125, "recall": 0.15384615384615385, "f1-score": 0.13793103448275862, "support": 13}, "16": {"precision": 0.2777777777777778, "recall": 0.8333333333333334, "f1-score": 0.4166666666666667, "support": 6}, "27": {"precision": 0.5, "recall": 1.0, "f1-score": 0.6666666666666666, "support": 4}, "28": {"precision": 0.75, "recall": 0.7894736842105263, "f1-score": 0.7692307692307692, "support": 19}, "29": {"precision": 0.6666666666666666, "recall": 0.8, "f1-score": 0.7272727272727272, "support": 5}, "32": {"precision": 0.9, "recall": 0.6, "f1-score": 0.7200000000000001, "support": 45}, "37": {"precision": 0.0, "recall": 0.0, "f1-score": 0.0, "support": 1}, "38": {"precision": 0.8, "recall": 1.0, "f1-score": 0.888888888888889, "support": 8}, "39": {"precision": 1.0, "recall": 0.5, "f1-score": 0.6666666666666666, "support": 2}, "43": {"precision": 1.0, "recall": 0.7142857142857143, "f1-score": 0.8333333333333333, "support": 7}, "45": {"precision": 0.391304347826087, "recall": 0.5625, "f1-score": 0.46153846153846156, "support": 16}, "47": {"precision": 0.75, "recall": 1.0, "f1-score": 0.8571428571428571, "support": 3}, "52": {"precision": 0.16666666666666666, "recall": 1.0, "f1-score": 0.2857142857142857, "support": 1}, "53": {"precision": 1.0, "recall": 1.0, "f1-score": 1.0, "support": 5}, "56": {"precision": 0.8888888888888888, "recall": 0.6153846153846154, "f1-score": 0.7272727272727274, "support": 13}, "60": {"precision": 0.0, "recall": 0.0, "f1-score": 0.0, "support": 1}, "61": {"precision": 0.0, "recall": 0.0, "f1-score": 0.0, "support": 2}, "62": {"precision": 0.8571428571428571, "recall": 0.6, "f1-score": 0.7058823529411764, "support": 10}, "63": {"precision": 0.5714285714285714, "recall": 1.0, "f1-score": 0.7272727272727273, "support": 4}, "65": {"precision": 0.9428571428571428, "recall": 0.5, "f1-score": 0.6534653465346535, "support": 66}, "68": {"precision": 0.3333333333333333, "recall": 1.0, "f1-score": 0.5, "support": 1}, "70": {"precision": 0.0, "recall": 0.0, "f1-score": 0.0, "support": 1}, "72": {"precision": 0.5, "recall": 1.0, "f1-score": 0.6666666666666666, "support": 1}, "75": {"precision": 0.3333333333333333, "recall": 1.0, "f1-score": 0.5, "support": 1}, "78": {"precision": 1.0, "recall": 1.0, "f1-score": 1.0, "support": 3}, "80": {"precision": 1.0, "recall": 1.0, "f1-score": 1.0, "support": 1}, "81": {"precision": 1.0, "recall": 0.6, "f1-score": 0.7499999999999999, "support": 5}, "87": {"precision": 0.0, "recall": 0.0, "f1-score": 0.0, "support": 1}, "89": {"precision": 0.8181818181818182, "recall": 0.6923076923076923, "f1-score": 0.7500000000000001, "support": 13}, "92": {"precision": 0.9090909090909091, "recall": 1.0, "f1-score": 0.9523809523809523, "support": 10}, "93": {"precision": 0.6428571428571429, "recall": 1.0, "f1-score": 0.782608695652174, "support": 9}, "94": {"precision": 0.8333333333333334, "recall": 0.21739130434782608, "f1-score": 0.3448275862068966, "support": 23}, "95": {"precision": 0.3333333333333333, "recall": 1.0, "f1-score": 0.5, "support": 1}, "96": {"precision": 0.7894736842105263, "recall": 0.9375, "f1-score": 0.8571428571428572, "support": 16}, "accuracy": 0.5064655172413793, "macro avg": {"precision": 0.4726615885036004, "recall": 0.5545192260843967, "f1-score": 0.47192704960459847, "support": 464}, "weighted avg": {"precision": 0.5964859119926735, "recall": 0.5064655172413793, "f1-score": 0.5162548376790309, "support": 464}}