{"0": {"precision": 0.0, "recall": 0.0, "f1-score": 0.0, "support": 10}, "1": {"precision": 0.0, "recall": 0.0, "f1-score": 0.0, "support": 7}, "2": {"precision": 0.0, "recall": 0.0, "f1-score": 0.0, "support": 4}, "3": {"precision": 0.0, "recall": 0.0, "f1-score": 0.0, "support": 13}, "4": {"precision": 0.0, "recall": 0.0, "f1-score": 0.0, "support": 7}, "5": {"precision": 0.0, "recall": 0.0, "f1-score": 0.0, "support": 12}, "6": {"precision": 0.25, "recall": 0.06666666666666667, "f1-score": 0.10526315789473685, "support": 15}, "7": {"precision": 0.0, "recall": 0.0, "f1-score": 0.0, "support": 4}, "8": {"precision": 0.0, "recall": 0.0, "f1-score": 0.0, "support": 2}, "9": {"precision": 0.11764705882352941, "recall": 0.16666666666666666, "f1-score": 0.13793103448275862, "support": 12}, "10": {"precision": 0.0, "recall": 0.0, "f1-score": 0.0, "support": 14}, "11": {"precision": 0.0, "recall": 0.0, "f1-score": 0.0, "support": 9}, "12": {"precision": 0.0, "recall": 0.0, "f1-score": 0.0, "support": 9}, "13": {"precision": 0.0, "recall": 0.0, "f1-score": 0.0, "support": 10}, "14": {"precision": 0.0, "recall": 0.0, "f1-score": 0.0, "support": 9}, "15": {"precision": 0.0, "recall": 0.0, "f1-score": 0.0, "support": 10}, "16": {"precision": 0.3157894736842105, "recall": 1.0, "f1-score": 0.4799999999999999, "support": 6}, "27": {"precision": 1.0, "recall": 1.0, "f1-score": 1.0, "support": 8}, "28": {"precision": 0.7857142857142857, "recall": 0.7857142857142857, "f1-score": 0.7857142857142857, "support": 14}, "29": {"precision": 0.6, "recall": 0.8571428571428571, "f1-score": 0.7058823529411764, "support": 7}, "32": {"precision": 0.7878787878787878, "recall": 0.7222222222222222, "f1-score": 0.7536231884057971, "support": 36}, "33": {"precision": 0.0, "recall": 0.0, "f1-score": 0.0, "support": 1}, "38": {"precision": 0.625, "recall": 1.0, "f1-score": 0.7692307692307693, "support": 5}, "39": {"precision": 1.0, "recall": 1.0, "f1-score": 1.0, "support": 4}, "43": {"precision": 0.2222222222222222, "recall": 0.4, "f1-score": 0.2857142857142857, "support": 5}, "45": {"precision": 0.7391304347826086, "recall": 0.68, "f1-score": 0.7083333333333334, "support": 25}, "47": {"precision": 1.0, "recall": 1.0, "f1-score": 1.0, "support": 7}, "52": {"precision": 0.25, "recall": 1.0, "f1-score": 0.4, "support": 1}, "53": {"precision": 1.0, "recall": 0.8888888888888888, "f1-score": 0.9411764705882353, "support": 9}, "56": {"precision": 0.0, "recall": 0.0, "f1-score": 0.0, "support": 12}, "60": {"precision": 1.0, "recall": 1.0, "f1-score": 1.0, "support": 3}, "61": {"precision": 0.0, "recall": 0.0, "f1-score": 0.0, "support": 2}, "62": {"precision": 1.0, "recall": 0.16666666666666666, "f1-score": 0.2857142857142857, "support": 6}, "63": {"precision": 0.5, "recall": 0.5, "f1-score": 0.5, "support": 2}, "65": {"precision": 0.45652173913043476, "recall": 0.44680851063829785, "f1-score": 0.45161290322580644, "support": 47}, "70": {"precision": 0.14285714285714285, "recall": 1.0, "f1-score": 0.25, "support": 1}, "72": {"precision": 0.0, "recall": 0.0, "f1-score": 0.0, "support": 1}, "75": {"precision": 0.0, "recall": 0.0, "f1-score": 0.0, "support": 3}, "78": {"precision": 1.0, "recall": 1.0, "f1-score": 1.0, "support": 1}, "81": {"precision": 0.5714285714285714, "recall": 0.8, "f1-score": 0.6666666666666666, "support": 5}, "87": {"precision": 0.0, "recall": 0.0, "f1-score": 0.0, "support": 0}, "89": {"precision": 0.8, "recall": 0.6666666666666666, "f1-score": 0.7272727272727272, "support": 12}, "90": {"precision": 0.0, "recall": 0.0, "f1-score": 0.0, "support": 0}, "92": {"precision": 0.2682926829268293, "recall": 0.5, "f1-score": 0.34920634920634924, "support": 22}, "93": {"precision": 0.08, "recall": 0.2222222222222222, "f1-score": 0.11764705882352941, "support": 9}, "94": {"precision": 0.9285714285714286, "recall": 0.3023255813953488, "f1-score": 0.456140350877193, "support": 43}, "96": {"precision": 0.2222222222222222, "recall": 0.5, "f1-score": 0.30769230769230765, "support": 20}, "accuracy": 0.3879310344827586, "macro avg": {"precision": 0.33326119255834624, "recall": 0.3759998135083147, "f1-score": 0.32308130910179245, "support": 464}, "weighted avg": {"precision": 0.42594070372594156, "recall": 0.3879310344827586, "f1-score": 0.3767226736180719, "support": 464}}