{"0": {"precision": 1.0, "recall": 1.0, "f1-score": 1.0, "support": 19}, "1": {"precision": 0.8333333333333334, "recall": 0.8333333333333334, "f1-score": 0.8333333333333334, "support": 12}, "2": {"precision": 1.0, "recall": 1.0, "f1-score": 1.0, "support": 18}, "3": {"precision": 1.0, "recall": 1.0, "f1-score": 1.0, "support": 42}, "4": {"precision": 0.9310344827586207, "recall": 1.0, "f1-score": 0.9642857142857143, "support": 27}, "5": {"precision": 0.9259259259259259, "recall": 0.9615384615384616, "f1-score": 0.9433962264150944, "support": 26}, "6": {"precision": 1.0, "recall": 1.0, "f1-score": 1.0, "support": 17}, "7": {"precision": 0.0, "recall": 0.0, "f1-score": 0.0, "support": 2}, "8": {"precision": 0.2, "recall": 1.0, "f1-score": 0.33333333333333337, "support": 1}, "9": {"precision": 0.4375, "recall": 0.5, "f1-score": 0.4666666666666667, "support": 14}, "10": {"precision": 0.6666666666666666, "recall": 0.5714285714285714, "f1-score": 0.6153846153846153, "support": 21}, "11": {"precision": 1.0, "recall": 1.0, "f1-score": 1.0, "support": 24}, "12": {"precision": 0.9473684210526315, "recall": 1.0, "f1-score": 0.972972972972973, "support": 18}, "13": {"precision": 1.0, "recall": 0.8125, "f1-score": 0.896551724137931, "support": 16}, "14": {"precision": 0.0, "recall": 0.0, "f1-score": 0.0, "support": 5}, "15": {"precision": 1.0, "recall": 0.5, "f1-score": 0.6666666666666666, "support": 2}, "16": {"precision": 0.5, "recall": 1.0, "f1-score": 0.6666666666666666, "support": 3}, "17": {"precision": 1.0, "recall": 1.0, "f1-score": 1.0, "support": 12}, "accuracy": 0.8924731182795699, "macro avg": {"precision": 0.7467682683187321, "recall": 0.7877111314611315, "f1-score": 0.7421809955479441, "support": 279}, "weighted avg": {"precision": 0.8892101673387247, "recall": 0.8924731182795699, "f1-score": 0.8872596207716991, "support": 279}}