{"0": {"precision": 0.4444444444444444, "recall": 0.4444444444444444, "f1-score": 0.4444444444444444, "support": 9}, "1": {"precision": 0.0, "recall": 0.0, "f1-score": 0.0, "support": 9}, "2": {"precision": 0.0, "recall": 0.0, "f1-score": 0.0, "support": 4}, "3": {"precision": 0.06060606060606061, "recall": 0.16666666666666666, "f1-score": 0.08888888888888888, "support": 12}, "4": {"precision": 0.14285714285714285, "recall": 0.07142857142857142, "f1-score": 0.09523809523809523, "support": 14}, "5": {"precision": 0.0, "recall": 0.0, "f1-score": 0.0, "support": 9}, "6": {"precision": 0.4, "recall": 0.16666666666666666, "f1-score": 0.23529411764705882, "support": 12}, "7": {"precision": 0.11764705882352941, "recall": 0.6666666666666666, "f1-score": 0.2, "support": 3}, "8": {"precision": 0.0, "recall": 0.0, "f1-score": 0.0, "support": 5}, "9": {"precision": 0.17647058823529413, "recall": 0.1875, "f1-score": 0.1818181818181818, "support": 16}, "10": {"precision": 0.09090909090909091, "recall": 0.07142857142857142, "f1-score": 0.08, "support": 14}, "11": {"precision": 0.1111111111111111, "recall": 0.2, "f1-score": 0.14285714285714285, "support": 5}, "12": {"precision": 0.5, "recall": 0.18181818181818182, "f1-score": 0.26666666666666666, "support": 11}, "13": {"precision": 0.07692307692307693, "recall": 0.07692307692307693, "f1-score": 0.07692307692307693, "support": 13}, "14": {"precision": 0.18181818181818182, "recall": 0.18181818181818182, "f1-score": 0.18181818181818182, "support": 11}, "15": {"precision": 0.08333333333333333, "recall": 0.07692307692307693, "f1-score": 0.08, "support": 13}, "16": {"precision": 0.125, "recall": 0.16666666666666666, "f1-score": 0.14285714285714288, "support": 6}, "27": {"precision": 0.2857142857142857, "recall": 1.0, "f1-score": 0.4444444444444445, "support": 4}, "28": {"precision": 0.8888888888888888, "recall": 0.8421052631578947, "f1-score": 0.8648648648648649, "support": 19}, "29": {"precision": 0.4444444444444444, "recall": 0.8, "f1-score": 0.5714285714285714, "support": 5}, "32": {"precision": 0.9473684210526315, "recall": 0.4, "f1-score": 0.5625, "support": 45}, "37": {"precision": 0.0, "recall": 0.0, "f1-score": 0.0, "support": 1}, "38": {"precision": 0.8888888888888888, "recall": 1.0, "f1-score": 0.9411764705882353, "support": 8}, "39": {"precision": 1.0, "recall": 1.0, "f1-score": 1.0, "support": 2}, "43": {"precision": 0.5, "recall": 0.2857142857142857, "f1-score": 0.36363636363636365, "support": 7}, "45": {"precision": 0.4, "recall": 0.75, "f1-score": 0.5217391304347827, "support": 16}, "47": {"precision": 1.0, "recall": 0.6666666666666666, "f1-score": 0.8, "support": 3}, "52": {"precision": 0.1, "recall": 1.0, "f1-score": 0.18181818181818182, "support": 1}, "53": {"precision": 0.8333333333333334, "recall": 1.0, "f1-score": 0.9090909090909091, "support": 5}, "56": {"precision": 0.4166666666666667, "recall": 0.38461538461538464, "f1-score": 0.4, "support": 13}, "60": {"precision": 0.0, "recall": 0.0, "f1-score": 0.0, "support": 1}, "61": {"precision": 0.0, "recall": 0.0, "f1-score": 0.0, "support": 2}, "62": {"precision": 0.6, "recall": 0.3, "f1-score": 0.4, "support": 10}, "63": {"precision": 0.0, "recall": 0.0, "f1-score": 0.0, "support": 4}, "65": {"precision": 0.975609756097561, "recall": 0.6060606060606061, "f1-score": 0.7476635514018692, "support": 66}, "68": {"precision": 0.0, "recall": 0.0, "f1-score": 0.0, "support": 1}, "70": {"precision": 0.2, "recall": 1.0, "f1-score": 0.33333333333333337, "support": 1}, "72": {"precision": 1.0, "recall": 1.0, "f1-score": 1.0, "support": 1}, "75": {"precision": 1.0, "recall": 1.0, "f1-score": 1.0, "support": 1}, "78": {"precision": 1.0, "recall": 1.0, "f1-score": 1.0, "support": 3}, "80": {"precision": 0.3333333333333333, "recall": 1.0, "f1-score": 0.5, "support": 1}, "81": {"precision": 0.4444444444444444, "recall": 0.8, "f1-score": 0.5714285714285714, "support": 5}, "87": {"precision": 0.0, "recall": 0.0, "f1-score": 0.0, "support": 1}, "89": {"precision": 0.47058823529411764, "recall": 0.6153846153846154, "f1-score": 0.5333333333333333, "support": 13}, "90": {"precision": 0.0, "recall": 0.0, "f1-score": 0.0, "support": 0}, "92": {"precision": 0.75, "recall": 0.9, "f1-score": 0.8181818181818182, "support": 10}, "93": {"precision": 0.75, "recall": 1.0, "f1-score": 0.8571428571428571, "support": 9}, "94": {"precision": 1.0, "recall": 0.21739130434782608, "f1-score": 0.3571428571428571, "support": 23}, "95": {"precision": 0.14285714285714285, "recall": 1.0, "f1-score": 0.25, "support": 1}, "96": {"precision": 0.9375, "recall": 0.9375, "f1-score": 0.9375, "support": 16}, "accuracy": 0.4375, "macro avg": {"precision": 0.3964151586015401, "recall": 0.46328777794796105, "f1-score": 0.3816646239485975, "support": 464}, "weighted avg": {"precision": 0.5562535663417685, "recall": 0.4375, "f1-score": 0.4522784352243163, "support": 464}}