{"0": {"precision": 1.0, "recall": 0.6875, "f1-score": 0.8148148148148148, "support": 16}, "1": {"precision": 0.08695652173913043, "recall": 0.09090909090909091, "f1-score": 0.08888888888888888, "support": 22}, "2": {"precision": 1.0, "recall": 0.9375, "f1-score": 0.967741935483871, "support": 16}, "3": {"precision": 0.8, "recall": 0.42105263157894735, "f1-score": 0.5517241379310345, "support": 38}, "4": {"precision": 0.0, "recall": 0.0, "f1-score": 0.0, "support": 38}, "5": {"precision": 0.6896551724137931, "recall": 0.7407407407407407, "f1-score": 0.7142857142857143, "support": 27}, "6": {"precision": 1.0, "recall": 1.0, "f1-score": 1.0, "support": 16}, "7": {"precision": 0.18181818181818182, "recall": 1.0, "f1-score": 0.3076923076923077, "support": 2}, "8": {"precision": 1.0, "recall": 0.25, "f1-score": 0.4, "support": 4}, "9": {"precision": 0.23529411764705882, "recall": 0.25, "f1-score": 0.24242424242424243, "support": 16}, "10": {"precision": 0.3, "recall": 0.375, "f1-score": 0.33333333333333326, "support": 16}, "11": {"precision": 0.9473684210526315, "recall": 1.0, "f1-score": 0.972972972972973, "support": 18}, "12": {"precision": 1.0, "recall": 1.0, "f1-score": 1.0, "support": 9}, "13": {"precision": 0.07547169811320754, "recall": 0.23529411764705882, "f1-score": 0.1142857142857143, "support": 17}, "14": {"precision": 0.0, "recall": 0.0, "f1-score": 0.0, "support": 3}, "15": {"precision": 0.0, "recall": 0.0, "f1-score": 0.0, "support": 2}, "16": {"precision": 1.0, "recall": 1.0, "f1-score": 1.0, "support": 4}, "17": {"precision": 0.3225806451612903, "recall": 0.6666666666666666, "f1-score": 0.4347826086956521, "support": 15}, "accuracy": 0.4946236559139785, "macro avg": {"precision": 0.5355080421080719, "recall": 0.536370180419028, "f1-score": 0.49683037060047475, "support": 279}, "weighted avg": {"precision": 0.5305965430240641, "recall": 0.4946236559139785, "f1-score": 0.4915172426585641, "support": 279}}