{"0": {"precision": 0.0, "recall": 0.0, "f1-score": 0.0, "support": 10}, "1": {"precision": 0.11320754716981132, "recall": 0.75, "f1-score": 0.19672131147540986, "support": 8}, "2": {"precision": 0.047619047619047616, "recall": 0.5, "f1-score": 0.08695652173913042, "support": 6}, "3": {"precision": 0.0, "recall": 0.0, "f1-score": 0.0, "support": 8}, "4": {"precision": 0.0, "recall": 0.0, "f1-score": 0.0, "support": 9}, "5": {"precision": 0.0, "recall": 0.0, "f1-score": 0.0, "support": 12}, "6": {"precision": 0.0, "recall": 0.0, "f1-score": 0.0, "support": 7}, "7": {"precision": 0.0, "recall": 0.0, "f1-score": 0.0, "support": 2}, "8": {"precision": 0.0, "recall": 0.0, "f1-score": 0.0, "support": 3}, "9": {"precision": 0.0, "recall": 0.0, "f1-score": 0.0, "support": 13}, "10": {"precision": 0.0, "recall": 0.0, "f1-score": 0.0, "support": 13}, "11": {"precision": 0.0, "recall": 0.0, "f1-score": 0.0, "support": 10}, "12": {"precision": 0.0, "recall": 0.0, "f1-score": 0.0, "support": 11}, "13": {"precision": 0.0, "recall": 0.0, "f1-score": 0.0, "support": 14}, "14": {"precision": 0.16129032258064516, "recall": 0.38461538461538464, "f1-score": 0.22727272727272727, "support": 13}, "15": {"precision": 0.0, "recall": 0.0, "f1-score": 0.0, "support": 15}, "16": {"precision": 0.03225806451612903, "recall": 0.2, "f1-score": 0.05555555555555555, "support": 5}, "27": {"precision": 0.2727272727272727, "recall": 1.0, "f1-score": 0.42857142857142855, "support": 3}, "28": {"precision": 0.6666666666666666, "recall": 0.5714285714285714, "f1-score": 0.6153846153846153, "support": 14}, "29": {"precision": 0.2, "recall": 0.25, "f1-score": 0.22222222222222224, "support": 4}, "32": {"precision": 1.0, "recall": 0.075, "f1-score": 0.13953488372093023, "support": 40}, "38": {"precision": 0.5454545454545454, "recall": 0.8571428571428571, "f1-score": 0.6666666666666665, "support": 7}, "39": {"precision": 1.0, "recall": 1.0, "f1-score": 1.0, "support": 1}, "43": {"precision": 0.0, "recall": 0.0, "f1-score": 0.0, "support": 4}, "45": {"precision": 0.3333333333333333, "recall": 0.6470588235294118, "f1-score": 0.44, "support": 17}, "47": {"precision": 1.0, "recall": 0.75, "f1-score": 0.8571428571428571, "support": 4}, "52": {"precision": 0.5, "recall": 1.0, "f1-score": 0.6666666666666666, "support": 1}, "53": {"precision": 1.0, "recall": 0.8571428571428571, "f1-score": 0.923076923076923, "support": 7}, "56": {"precision": 0.0, "recall": 0.0, "f1-score": 0.0, "support": 10}, "60": {"precision": 0.0, "recall": 0.0, "f1-score": 0.0, "support": 1}, "61": {"precision": 0.14285714285714285, "recall": 0.5, "f1-score": 0.22222222222222224, "support": 2}, "62": {"precision": 0.75, "recall": 0.6, "f1-score": 0.6666666666666665, "support": 5}, "63": {"precision": 0.0, "recall": 0.0, "f1-score": 0.0, "support": 5}, "65": {"precision": 0.9285714285714286, "recall": 0.21311475409836064, "f1-score": 0.3466666666666666, "support": 61}, "68": {"precision": 0.0, "recall": 0.0, "f1-score": 0.0, "support": 0}, "70": {"precision": 0.11764705882352941, "recall": 0.6666666666666666, "f1-score": 0.2, "support": 3}, "72": {"precision": 0.0, "recall": 0.0, "f1-score": 0.0, "support": 0}, "75": {"precision": 0.2857142857142857, "recall": 1.0, "f1-score": 0.4444444444444445, "support": 2}, "78": {"precision": 1.0, "recall": 1.0, "f1-score": 1.0, "support": 2}, "81": {"precision": 0.25, "recall": 0.2, "f1-score": 0.22222222222222224, "support": 5}, "86": {"precision": 0.0, "recall": 0.0, "f1-score": 0.0, "support": 2}, "87": {"precision": 0.0, "recall": 0.0, "f1-score": 0.0, "support": 1}, "89": {"precision": 0.0, "recall": 0.0, "f1-score": 0.0, "support": 18}, "90": {"precision": 0.0, "recall": 0.0, "f1-score": 0.0, "support": 1}, "92": {"precision": 0.7333333333333333, "recall": 0.6470588235294118, "f1-score": 0.6875, "support": 17}, "93": {"precision": 1.0, "recall": 1.0, "f1-score": 1.0, "support": 11}, "94": {"precision": 0.5, "recall": 0.058823529411764705, "f1-score": 0.10526315789473684, "support": 34}, "95": {"precision": 0.5, "recall": 1.0, "f1-score": 0.6666666666666666, "support": 1}, "96": {"precision": 0.7692307692307693, "recall": 0.9090909090909091, "f1-score": 0.8333333333333333, "support": 22}, "accuracy": 0.27370689655172414, "macro avg": {"precision": 0.28265124119587637, "recall": 0.3395335342174734, "f1-score": 0.26368893386963455, "support": 464}, "weighted avg": {"precision": 0.429156223236594, "recall": 0.27370689655172414, "f1-score": 0.25903782549503235, "support": 464}}