{"0": {"precision": 0.8333333333333334, "recall": 1.0, "f1-score": 0.9090909090909091, "support": 20}, "1": {"precision": 0.3181818181818182, "recall": 0.4666666666666667, "f1-score": 0.3783783783783784, "support": 15}, "2": {"precision": 0.6875, "recall": 1.0, "f1-score": 0.8148148148148148, "support": 11}, "3": {"precision": 1.0, "recall": 0.5636363636363636, "f1-score": 0.7209302325581396, "support": 55}, "4": {"precision": 0.9, "recall": 0.5806451612903226, "f1-score": 0.7058823529411764, "support": 31}, "5": {"precision": 0.7777777777777778, "recall": 1.0, "f1-score": 0.8750000000000001, "support": 28}, "6": {"precision": 0.9, "recall": 1.0, "f1-score": 0.9473684210526316, "support": 18}, "7": {"precision": 0.6, "recall": 1.0, "f1-score": 0.7499999999999999, "support": 3}, "8": {"precision": 1.0, "recall": 1.0, "f1-score": 1.0, "support": 1}, "9": {"precision": 0.72, "recall": 0.8181818181818182, "f1-score": 0.7659574468085107, "support": 22}, "10": {"precision": 0.21739130434782608, "recall": 0.5555555555555556, "f1-score": 0.3125, "support": 9}, "11": {"precision": 0.9375, "recall": 1.0, "f1-score": 0.967741935483871, "support": 15}, "12": {"precision": 1.0, "recall": 1.0, "f1-score": 1.0, "support": 13}, "13": {"precision": 0.0, "recall": 0.0, "f1-score": 0.0, "support": 18}, "14": {"precision": 0.0, "recall": 0.0, "f1-score": 0.0, "support": 2}, "15": {"precision": 0.0, "recall": 0.0, "f1-score": 0.0, "support": 1}, "16": {"precision": 0.6666666666666666, "recall": 1.0, "f1-score": 0.8, "support": 2}, "17": {"precision": 0.625, "recall": 1.0, "f1-score": 0.7692307692307693, "support": 15}, "accuracy": 0.7347670250896058, "macro avg": {"precision": 0.6212972722393011, "recall": 0.7213714202961514, "f1-score": 0.6509386255755112, "support": 279}, "weighted avg": {"precision": 0.7464051139413459, "recall": 0.7347670250896058, "f1-score": 0.7149632922286207, "support": 279}}