{"0": {"precision": 0.6666666666666666, "recall": 0.7142857142857143, "f1-score": 0.689655172413793, "support": 14}, "1": {"precision": 0.0967741935483871, "recall": 0.75, "f1-score": 0.1714285714285714, "support": 8}, "2": {"precision": 0.013513513513513514, "recall": 0.3333333333333333, "f1-score": 0.025974025974025972, "support": 3}, "3": {"precision": 0.0, "recall": 0.0, "f1-score": 0.0, "support": 15}, "4": {"precision": 0.0, "recall": 0.0, "f1-score": 0.0, "support": 10}, "5": {"precision": 0.0, "recall": 0.0, "f1-score": 0.0, "support": 12}, "6": {"precision": 0.0, "recall": 0.0, "f1-score": 0.0, "support": 15}, "7": {"precision": 0.5, "recall": 0.3333333333333333, "f1-score": 0.4, "support": 3}, "9": {"precision": 0.0, "recall": 0.0, "f1-score": 0.0, "support": 14}, "10": {"precision": 0.0, "recall": 0.0, "f1-score": 0.0, "support": 7}, "11": {"precision": 0.0, "recall": 0.0, "f1-score": 0.0, "support": 13}, "12": {"precision": 1.0, "recall": 0.14285714285714285, "f1-score": 0.25, "support": 14}, "13": {"precision": 0.0, "recall": 0.0, "f1-score": 0.0, "support": 8}, "14": {"precision": 0.0, "recall": 0.0, "f1-score": 0.0, "support": 10}, "15": {"precision": 0.0, "recall": 0.0, "f1-score": 0.0, "support": 14}, "16": {"precision": 0.23076923076923078, "recall": 1.0, "f1-score": 0.375, "support": 3}, "27": {"precision": 0.42857142857142855, "recall": 1.0, "f1-score": 0.6, "support": 3}, "28": {"precision": 0.7333333333333333, "recall": 0.6470588235294118, "f1-score": 0.6875, "support": 17}, "29": {"precision": 0.5, "recall": 0.6666666666666666, "f1-score": 0.5714285714285715, "support": 3}, "32": {"precision": 0.9565217391304348, "recall": 0.5789473684210527, "f1-score": 0.721311475409836, "support": 38}, "38": {"precision": 0.8333333333333334, "recall": 1.0, "f1-score": 0.9090909090909091, "support": 5}, "39": {"precision": 1.0, "recall": 1.0, "f1-score": 1.0, "support": 2}, "43": {"precision": 1.0, "recall": 1.0, "f1-score": 1.0, "support": 4}, "45": {"precision": 0.16, "recall": 0.23529411764705882, "f1-score": 0.19047619047619052, "support": 17}, "47": {"precision": 0.6666666666666666, "recall": 1.0, "f1-score": 0.8, "support": 2}, "52": {"precision": 0.0, "recall": 0.0, "f1-score": 0.0, "support": 1}, "53": {"precision": 0.875, "recall": 1.0, "f1-score": 0.9333333333333333, "support": 7}, "56": {"precision": 0.0, "recall": 0.0, "f1-score": 0.0, "support": 10}, "60": {"precision": 0.2, "recall": 0.25, "f1-score": 0.22222222222222224, "support": 4}, "61": {"precision": 0.6666666666666666, "recall": 0.6666666666666666, "f1-score": 0.6666666666666666, "support": 3}, "62": {"precision": 0.5384615384615384, "recall": 0.7, "f1-score": 0.608695652173913, "support": 10}, "63": {"precision": 0.25, "recall": 1.0, "f1-score": 0.4, "support": 2}, "65": {"precision": 0.8, "recall": 0.23076923076923078, "f1-score": 0.3582089552238806, "support": 52}, "68": {"precision": 0.14285714285714285, "recall": 1.0, "f1-score": 0.25, "support": 1}, "70": {"precision": 0.0, "recall": 0.0, "f1-score": 0.0, "support": 1}, "72": {"precision": 0.0, "recall": 0.0, "f1-score": 0.0, "support": 0}, "75": {"precision": 0.3333333333333333, "recall": 1.0, "f1-score": 0.5, "support": 1}, "78": {"precision": 1.0, "recall": 1.0, "f1-score": 1.0, "support": 5}, "80": {"precision": 1.0, "recall": 1.0, "f1-score": 1.0, "support": 1}, "81": {"precision": 0.38461538461538464, "recall": 0.7142857142857143, "f1-score": 0.5, "support": 7}, "86": {"precision": 0.0, "recall": 0.0, "f1-score": 0.0, "support": 0}, "89": {"precision": 0.7083333333333334, "recall": 0.8947368421052632, "f1-score": 0.7906976744186046, "support": 19}, "90": {"precision": 1.0, "recall": 1.0, "f1-score": 1.0, "support": 1}, "92": {"precision": 0.6428571428571429, "recall": 0.6428571428571429, "f1-score": 0.6428571428571429, "support": 14}, "93": {"precision": 0.9565217391304348, "recall": 1.0, "f1-score": 0.9777777777777777, "support": 22}, "94": {"precision": 0.7142857142857143, "recall": 0.20833333333333334, "f1-score": 0.3225806451612903, "support": 24}, "96": {"precision": 0.9545454545454546, "recall": 0.84, "f1-score": 0.8936170212765958, "support": 25}, "accuracy": 0.4245689655172414, "macro avg": {"precision": 0.42454526714083274, "recall": 0.5010516048955546, "f1-score": 0.4140111065390069, "support": 464}, "weighted avg": {"precision": 0.5242392258786985, "recall": 0.4245689655172414, "f1-score": 0.4239816098771695, "support": 464}}