{"0": {"precision": 0.76, "recall": 0.95, "f1-score": 0.8444444444444444, "support": 20}, "1": {"precision": 0.3181818181818182, "recall": 0.4666666666666667, "f1-score": 0.3783783783783784, "support": 15}, "2": {"precision": 0.9166666666666666, "recall": 1.0, "f1-score": 0.9565217391304348, "support": 11}, "3": {"precision": 1.0, "recall": 0.5818181818181818, "f1-score": 0.735632183908046, "support": 55}, "4": {"precision": 0.9, "recall": 0.5806451612903226, "f1-score": 0.7058823529411764, "support": 31}, "5": {"precision": 0.8235294117647058, "recall": 1.0, "f1-score": 0.9032258064516129, "support": 28}, "6": {"precision": 0.75, "recall": 1.0, "f1-score": 0.8571428571428571, "support": 18}, "7": {"precision": 0.0, "recall": 0.0, "f1-score": 0.0, "support": 3}, "8": {"precision": 0.2, "recall": 1.0, "f1-score": 0.33333333333333337, "support": 1}, "9": {"precision": 0.6451612903225806, "recall": 0.9090909090909091, "f1-score": 0.7547169811320754, "support": 22}, "10": {"precision": 0.19047619047619047, "recall": 0.4444444444444444, "f1-score": 0.26666666666666666, "support": 9}, "11": {"precision": 1.0, "recall": 1.0, "f1-score": 1.0, "support": 15}, "12": {"precision": 1.0, "recall": 1.0, "f1-score": 1.0, "support": 13}, "13": {"precision": 1.0, "recall": 0.1111111111111111, "f1-score": 0.19999999999999998, "support": 18}, "14": {"precision": 0.0, "recall": 0.0, "f1-score": 0.0, "support": 2}, "15": {"precision": 0.0, "recall": 0.0, "f1-score": 0.0, "support": 1}, "16": {"precision": 0.3333333333333333, "recall": 1.0, "f1-score": 0.5, "support": 2}, "17": {"precision": 0.9285714285714286, "recall": 0.8666666666666667, "f1-score": 0.896551724137931, "support": 15}, "accuracy": 0.7275985663082437, "macro avg": {"precision": 0.5981066744064847, "recall": 0.6616912856160169, "f1-score": 0.574027581537053, "support": 279}, "weighted avg": {"precision": 0.8108170477852793, "recall": 0.7275985663082437, "f1-score": 0.7223394392137739, "support": 279}}