{"0": {"precision": 1.0, "recall": 1.0, "f1-score": 1.0, "support": 23}, "1": {"precision": 0.21428571428571427, "recall": 0.8181818181818182, "f1-score": 0.33962264150943394, "support": 11}, "2": {"precision": 1.0, "recall": 1.0, "f1-score": 1.0, "support": 10}, "3": {"precision": 1.0, "recall": 1.0, "f1-score": 1.0, "support": 44}, "4": {"precision": 0.5, "recall": 0.030303030303030304, "f1-score": 0.05714285714285715, "support": 33}, "5": {"precision": 0.9629629629629629, "recall": 0.9629629629629629, "f1-score": 0.9629629629629629, "support": 27}, "6": {"precision": 0.9545454545454546, "recall": 1.0, "f1-score": 0.9767441860465117, "support": 21}, "7": {"precision": 0.2727272727272727, "recall": 1.0, "f1-score": 0.42857142857142855, "support": 3}, "8": {"precision": 0.0, "recall": 0.0, "f1-score": 0.0, "support": 4}, "9": {"precision": 0.5333333333333333, "recall": 0.6153846153846154, "f1-score": 0.5714285714285715, "support": 13}, "10": {"precision": 0.4166666666666667, "recall": 0.5, "f1-score": 0.45454545454545453, "support": 20}, "11": {"precision": 1.0, "recall": 1.0, "f1-score": 1.0, "support": 21}, "12": {"precision": 1.0, "recall": 1.0, "f1-score": 1.0, "support": 14}, "13": {"precision": 0.3333333333333333, "recall": 0.06666666666666667, "f1-score": 0.1111111111111111, "support": 15}, "14": {"precision": 0.0, "recall": 0.0, "f1-score": 0.0, "support": 2}, "15": {"precision": 0.0, "recall": 0.0, "f1-score": 0.0, "support": 2}, "16": {"precision": 1.0, "recall": 1.0, "f1-score": 1.0, "support": 1}, "17": {"precision": 0.8333333333333334, "recall": 1.0, "f1-score": 0.9090909090909091, "support": 15}, "accuracy": 0.7419354838709677, "macro avg": {"precision": 0.6122882261771152, "recall": 0.666305505194394, "f1-score": 0.6006233401338467, "support": 279}, "weighted avg": {"precision": 0.758019519309842, "recall": 0.7419354838709677, "f1-score": 0.7105427109588527, "support": 279}}