{"0": {"precision": 0.75, "recall": 0.375, "f1-score": 0.5, "support": 16}, "1": {"precision": 0.4, "recall": 0.4, "f1-score": 0.4000000000000001, "support": 15}, "2": {"precision": 0.0, "recall": 0.0, "f1-score": 0.0, "support": 3}, "3": {"precision": 0.2222222222222222, "recall": 0.11764705882352941, "f1-score": 0.15384615384615383, "support": 17}, "4": {"precision": 0.3333333333333333, "recall": 0.125, "f1-score": 0.18181818181818182, "support": 8}, "5": {"precision": 0.23529411764705882, "recall": 0.2857142857142857, "f1-score": 0.2580645161290323, "support": 14}, "6": {"precision": 0.0, "recall": 0.0, "f1-score": 0.0, "support": 10}, "7": {"precision": 0.0, "recall": 0.0, "f1-score": 0.0, "support": 2}, "8": {"precision": 0.3125, "recall": 0.8333333333333334, "f1-score": 0.45454545454545453, "support": 6}, "9": {"precision": 0.375, "recall": 0.25, "f1-score": 0.3, "support": 12}, "10": {"precision": 0.0, "recall": 0.0, "f1-score": 0.0, "support": 12}, "11": {"precision": 0.10526315789473684, "recall": 0.25, "f1-score": 0.14814814814814814, "support": 8}, "12": {"precision": 1.0, "recall": 0.16666666666666666, "f1-score": 0.2857142857142857, "support": 6}, "13": {"precision": 0.2222222222222222, "recall": 0.14285714285714285, "f1-score": 0.17391304347826086, "support": 14}, "14": {"precision": 0.14285714285714285, "recall": 0.14285714285714285, "f1-score": 0.14285714285714285, "support": 7}, "15": {"precision": 0.1111111111111111, "recall": 0.3, "f1-score": 0.16216216216216217, "support": 10}, "16": {"precision": 0.125, "recall": 0.6666666666666666, "f1-score": 0.21052631578947367, "support": 3}, "27": {"precision": 0.6923076923076923, "recall": 1.0, "f1-score": 0.8181818181818181, "support": 9}, "28": {"precision": 0.25, "recall": 0.15384615384615385, "f1-score": 0.1904761904761905, "support": 13}, "29": {"precision": 0.75, "recall": 0.6, "f1-score": 0.6666666666666665, "support": 5}, "32": {"precision": 0.45, "recall": 0.2647058823529412, "f1-score": 0.33333333333333337, "support": 34}, "38": {"precision": 1.0, "recall": 0.8888888888888888, "f1-score": 0.9411764705882353, "support": 9}, "39": {"precision": 1.0, "recall": 1.0, "f1-score": 1.0, "support": 4}, "43": {"precision": 1.0, "recall": 0.5, "f1-score": 0.6666666666666666, "support": 2}, "45": {"precision": 0.8, "recall": 0.5714285714285714, "f1-score": 0.6666666666666666, "support": 21}, "47": {"precision": 0.6666666666666666, "recall": 0.4, "f1-score": 0.5, "support": 5}, "52": {"precision": 0.0, "recall": 0.0, "f1-score": 0.0, "support": 0}, "53": {"precision": 1.0, "recall": 0.8571428571428571, "f1-score": 0.923076923076923, "support": 7}, "56": {"precision": 0.375, "recall": 0.25, "f1-score": 0.3, "support": 12}, "60": {"precision": 0.6666666666666666, "recall": 0.6666666666666666, "f1-score": 0.6666666666666666, "support": 3}, "61": {"precision": 0.2727272727272727, "recall": 0.6, "f1-score": 0.37499999999999994, "support": 5}, "62": {"precision": 0.35714285714285715, "recall": 0.625, "f1-score": 0.45454545454545453, "support": 8}, "63": {"precision": 0.42857142857142855, "recall": 1.0, "f1-score": 0.6, "support": 3}, "65": {"precision": 0.7586206896551724, "recall": 0.4888888888888889, "f1-score": 0.5945945945945945, "support": 45}, "68": {"precision": 0.5, "recall": 0.5, "f1-score": 0.5, "support": 2}, "70": {"precision": 0.0, "recall": 0.0, "f1-score": 0.0, "support": 1}, "72": {"precision": 0.0, "recall": 0.0, "f1-score": 0.0, "support": 2}, "75": {"precision": 1.0, "recall": 1.0, "f1-score": 1.0, "support": 3}, "78": {"precision": 0.2, "recall": 1.0, "f1-score": 0.33333333333333337, "support": 1}, "80": {"precision": 0.0, "recall": 0.0, "f1-score": 0.0, "support": 0}, "81": {"precision": 0.6666666666666666, "recall": 0.4, "f1-score": 0.5, "support": 5}, "86": {"precision": 0.0, "recall": 0.0, "f1-score": 0.0, "support": 1}, "87": {"precision": 0.0, "recall": 0.0, "f1-score": 0.0, "support": 2}, "89": {"precision": 0.0, "recall": 0.0, "f1-score": 0.0, "support": 15}, "90": {"precision": 0.5, "recall": 1.0, "f1-score": 0.6666666666666666, "support": 1}, "92": {"precision": 0.5714285714285714, "recall": 1.0, "f1-score": 0.7272727272727273, "support": 16}, "93": {"precision": 0.9333333333333333, "recall": 1.0, "f1-score": 0.9655172413793104, "support": 14}, "94": {"precision": 0.9333333333333333, "recall": 0.4375, "f1-score": 0.5957446808510638, "support": 32}, "95": {"precision": 0.2, "recall": 1.0, "f1-score": 0.33333333333333337, "support": 1}, "96": {"precision": 1.0, "recall": 0.95, "f1-score": 0.9743589743589743, "support": 20}, "accuracy": 0.4396551724137931, "macro avg": {"precision": 0.42614536971574973, "recall": 0.4441962041226747, "f1-score": 0.39329747626293843, "support": 464}, "weighted avg": {"precision": 0.5251528889902716, "recall": 0.4396551724137931, "f1-score": 0.450593925977083, "support": 464}}