{"0": {"precision": 0.9523809523809523, "recall": 1.0, "f1-score": 0.975609756097561, "support": 20}, "1": {"precision": 1.0, "recall": 0.4, "f1-score": 0.5714285714285715, "support": 15}, "2": {"precision": 0.5789473684210527, "recall": 1.0, "f1-score": 0.7333333333333334, "support": 11}, "3": {"precision": 1.0, "recall": 0.9272727272727272, "f1-score": 0.9622641509433962, "support": 55}, "4": {"precision": 0.8611111111111112, "recall": 1.0, "f1-score": 0.9253731343283582, "support": 31}, "5": {"precision": 1.0, "recall": 0.8928571428571429, "f1-score": 0.9433962264150945, "support": 28}, "6": {"precision": 1.0, "recall": 1.0, "f1-score": 1.0, "support": 18}, "7": {"precision": 0.0, "recall": 0.0, "f1-score": 0.0, "support": 3}, "8": {"precision": 1.0, "recall": 1.0, "f1-score": 1.0, "support": 1}, "9": {"precision": 0.75, "recall": 0.4090909090909091, "f1-score": 0.5294117647058824, "support": 22}, "10": {"precision": 0.30434782608695654, "recall": 0.7777777777777778, "f1-score": 0.43750000000000006, "support": 9}, "11": {"precision": 0.8823529411764706, "recall": 1.0, "f1-score": 0.9375, "support": 15}, "12": {"precision": 1.0, "recall": 1.0, "f1-score": 1.0, "support": 13}, "13": {"precision": 1.0, "recall": 0.7777777777777778, "f1-score": 0.8750000000000001, "support": 18}, "14": {"precision": 0.5, "recall": 0.5, "f1-score": 0.5, "support": 2}, "15": {"precision": 0.25, "recall": 1.0, "f1-score": 0.4, "support": 1}, "16": {"precision": 1.0, "recall": 1.0, "f1-score": 1.0, "support": 2}, "17": {"precision": 1.0, "recall": 1.0, "f1-score": 1.0, "support": 15}, "accuracy": 0.8602150537634409, "macro avg": {"precision": 0.7821744555098079, "recall": 0.8158209074875741, "f1-score": 0.766156496514011, "support": 279}, "weighted avg": {"precision": 0.8990498533947123, "recall": 0.8602150537634409, "f1-score": 0.8601202114310552, "support": 279}}