{"0": {"precision": 0.875, "recall": 0.7, "f1-score": 0.7777777777777777, "support": 10}, "1": {"precision": 0.037037037037037035, "recall": 0.5, "f1-score": 0.06896551724137931, "support": 8}, "2": {"precision": 0.125, "recall": 0.16666666666666666, "f1-score": 0.14285714285714288, "support": 6}, "3": {"precision": 0.0, "recall": 0.0, "f1-score": 0.0, "support": 8}, "4": {"precision": 0.2, "recall": 0.2222222222222222, "f1-score": 0.2105263157894737, "support": 9}, "5": {"precision": 0.0, "recall": 0.0, "f1-score": 0.0, "support": 12}, "6": {"precision": 0.0, "recall": 0.0, "f1-score": 0.0, "support": 7}, "7": {"precision": 0.0, "recall": 0.0, "f1-score": 0.0, "support": 2}, "8": {"precision": 0.0, "recall": 0.0, "f1-score": 0.0, "support": 3}, "9": {"precision": 0.0, "recall": 0.0, "f1-score": 0.0, "support": 13}, "10": {"precision": 0.0, "recall": 0.0, "f1-score": 0.0, "support": 13}, "11": {"precision": 0.0, "recall": 0.0, "f1-score": 0.0, "support": 10}, "12": {"precision": 1.0, "recall": 0.09090909090909091, "f1-score": 0.16666666666666669, "support": 11}, "13": {"precision": 0.0, "recall": 0.0, "f1-score": 0.0, "support": 14}, "14": {"precision": 0.0, "recall": 0.0, "f1-score": 0.0, "support": 13}, "15": {"precision": 0.0, "recall": 0.0, "f1-score": 0.0, "support": 15}, "16": {"precision": 0.14285714285714285, "recall": 0.2, "f1-score": 0.16666666666666666, "support": 5}, "27": {"precision": 0.75, "recall": 1.0, "f1-score": 0.8571428571428571, "support": 3}, "28": {"precision": 0.75, "recall": 0.8571428571428571, "f1-score": 0.7999999999999999, "support": 14}, "29": {"precision": 0.6666666666666666, "recall": 0.5, "f1-score": 0.5714285714285715, "support": 4}, "32": {"precision": 0.9411764705882353, "recall": 0.4, "f1-score": 0.5614035087719298, "support": 40}, "38": {"precision": 1.0, "recall": 0.8571428571428571, "f1-score": 0.923076923076923, "support": 7}, "39": {"precision": 1.0, "recall": 1.0, "f1-score": 1.0, "support": 1}, "43": {"precision": 0.25, "recall": 0.25, "f1-score": 0.25, "support": 4}, "45": {"precision": 0.3125, "recall": 0.5882352941176471, "f1-score": 0.40816326530612246, "support": 17}, "47": {"precision": 0.8, "recall": 1.0, "f1-score": 0.888888888888889, "support": 4}, "52": {"precision": 0.2, "recall": 1.0, "f1-score": 0.33333333333333337, "support": 1}, "53": {"precision": 1.0, "recall": 0.8571428571428571, "f1-score": 0.923076923076923, "support": 7}, "56": {"precision": 0.0, "recall": 0.0, "f1-score": 0.0, "support": 10}, "60": {"precision": 0.0, "recall": 0.0, "f1-score": 0.0, "support": 1}, "61": {"precision": 0.1111111111111111, "recall": 0.5, "f1-score": 0.1818181818181818, "support": 2}, "62": {"precision": 1.0, "recall": 0.4, "f1-score": 0.5714285714285715, "support": 5}, "63": {"precision": 0.7142857142857143, "recall": 1.0, "f1-score": 0.8333333333333333, "support": 5}, "65": {"precision": 0.7368421052631579, "recall": 0.22950819672131148, "f1-score": 0.35, "support": 61}, "68": {"precision": 0.0, "recall": 0.0, "f1-score": 0.0, "support": 0}, "70": {"precision": 0.1111111111111111, "recall": 0.6666666666666666, "f1-score": 0.1904761904761905, "support": 3}, "72": {"precision": 0.0, "recall": 0.0, "f1-score": 0.0, "support": 0}, "75": {"precision": 0.4, "recall": 1.0, "f1-score": 0.5714285714285715, "support": 2}, "78": {"precision": 1.0, "recall": 1.0, "f1-score": 1.0, "support": 2}, "81": {"precision": 0.25, "recall": 0.6, "f1-score": 0.35294117647058826, "support": 5}, "86": {"precision": 0.0, "recall": 0.0, "f1-score": 0.0, "support": 2}, "87": {"precision": 1.0, "recall": 1.0, "f1-score": 1.0, "support": 1}, "89": {"precision": 0.7083333333333334, "recall": 0.9444444444444444, "f1-score": 0.8095238095238096, "support": 18}, "90": {"precision": 0.0, "recall": 0.0, "f1-score": 0.0, "support": 1}, "92": {"precision": 0.7391304347826086, "recall": 1.0, "f1-score": 0.85, "support": 17}, "93": {"precision": 0.6470588235294118, "recall": 1.0, "f1-score": 0.7857142857142858, "support": 11}, "94": {"precision": 0.9375, "recall": 0.4411764705882353, "f1-score": 0.6, "support": 34}, "95": {"precision": 0.0, "recall": 0.0, "f1-score": 0.0, "support": 1}, "96": {"precision": 0.8260869565217391, "recall": 0.8636363636363636, "f1-score": 0.8444444444444444, "support": 22}, "accuracy": 0.4073275862068966, "macro avg": {"precision": 0.39248361034871976, "recall": 0.42520191811022895, "f1-score": 0.36716495760535983, "support": 464}, "weighted avg": {"precision": 0.5230451240138383, "recall": 0.4073275862068966, "f1-score": 0.4092038228188827, "support": 464}}