{"0": {"precision": 1.0, "recall": 1.0, "f1-score": 1.0, "support": 19}, "1": {"precision": 0.6428571428571429, "recall": 0.47368421052631576, "f1-score": 0.5454545454545454, "support": 19}, "2": {"precision": 0.8125, "recall": 0.8666666666666667, "f1-score": 0.8387096774193549, "support": 15}, "3": {"precision": 1.0, "recall": 0.9444444444444444, "f1-score": 0.9714285714285714, "support": 54}, "4": {"precision": 0.7073170731707317, "recall": 0.9354838709677419, "f1-score": 0.8055555555555556, "support": 31}, "5": {"precision": 1.0, "recall": 0.8, "f1-score": 0.888888888888889, "support": 20}, "6": {"precision": 1.0, "recall": 1.0, "f1-score": 1.0, "support": 14}, "7": {"precision": 0.3333333333333333, "recall": 0.3333333333333333, "f1-score": 0.3333333333333333, "support": 3}, "8": {"precision": 1.0, "recall": 1.0, "f1-score": 1.0, "support": 1}, "9": {"precision": 0.3333333333333333, "recall": 0.125, "f1-score": 0.18181818181818182, "support": 16}, "10": {"precision": 0.375, "recall": 0.8181818181818182, "f1-score": 0.5142857142857142, "support": 11}, "11": {"precision": 1.0, "recall": 1.0, "f1-score": 1.0, "support": 15}, "12": {"precision": 1.0, "recall": 1.0, "f1-score": 1.0, "support": 18}, "13": {"precision": 0.9375, "recall": 0.7894736842105263, "f1-score": 0.8571428571428572, "support": 19}, "14": {"precision": 0.6, "recall": 0.75, "f1-score": 0.6666666666666665, "support": 4}, "15": {"precision": 1.0, "recall": 0.6666666666666666, "f1-score": 0.8, "support": 3}, "16": {"precision": 1.0, "recall": 1.0, "f1-score": 1.0, "support": 3}, "17": {"precision": 0.9333333333333333, "recall": 1.0, "f1-score": 0.9655172413793104, "support": 14}, "accuracy": 0.8387096774193549, "macro avg": {"precision": 0.8152874564459931, "recall": 0.8057185941665286, "f1-score": 0.7982667351873878, "support": 279}, "weighted avg": {"precision": 0.8496993368551196, "recall": 0.8387096774193549, "f1-score": 0.8336461665949627, "support": 279}}