{"0": {"precision": 0.9473684210526315, "recall": 0.9, "f1-score": 0.9230769230769231, "support": 20}, "1": {"precision": 0.7777777777777778, "recall": 0.4666666666666667, "f1-score": 0.5833333333333334, "support": 15}, "2": {"precision": 1.0, "recall": 0.6363636363636364, "f1-score": 0.7777777777777778, "support": 11}, "3": {"precision": 1.0, "recall": 0.3090909090909091, "f1-score": 0.4722222222222222, "support": 55}, "4": {"precision": 0.8666666666666667, "recall": 0.41935483870967744, "f1-score": 0.5652173913043478, "support": 31}, "5": {"precision": 0.2727272727272727, "recall": 0.10714285714285714, "f1-score": 0.15384615384615383, "support": 28}, "6": {"precision": 0.8571428571428571, "recall": 1.0, "f1-score": 0.923076923076923, "support": 18}, "7": {"precision": 0.2, "recall": 0.6666666666666666, "f1-score": 0.30769230769230765, "support": 3}, "8": {"precision": 0.25, "recall": 1.0, "f1-score": 0.4, "support": 1}, "9": {"precision": 0.0, "recall": 0.0, "f1-score": 0.0, "support": 22}, "10": {"precision": 0.2222222222222222, "recall": 0.2222222222222222, "f1-score": 0.2222222222222222, "support": 9}, "11": {"precision": 0.8333333333333334, "recall": 1.0, "f1-score": 0.9090909090909091, "support": 15}, "12": {"precision": 1.0, "recall": 1.0, "f1-score": 1.0, "support": 13}, "13": {"precision": 0.42857142857142855, "recall": 0.8333333333333334, "f1-score": 0.5660377358490566, "support": 18}, "14": {"precision": 1.0, "recall": 0.5, "f1-score": 0.6666666666666666, "support": 2}, "15": {"precision": 0.0, "recall": 0.0, "f1-score": 0.0, "support": 1}, "16": {"precision": 0.05, "recall": 1.0, "f1-score": 0.09523809523809523, "support": 2}, "17": {"precision": 0.46875, "recall": 1.0, "f1-score": 0.6382978723404256, "support": 15}, "accuracy": 0.5340501792114696, "macro avg": {"precision": 0.5652533321941218, "recall": 0.614491173899776, "f1-score": 0.5113220296520757, "support": 279}, "weighted avg": {"precision": 0.6872443459985904, "recall": 0.5340501792114696, "f1-score": 0.5427617552203134, "support": 279}}