{"0": {"precision": 0.875, "recall": 0.7, "f1-score": 0.7777777777777777, "support": 10}, "1": {"precision": 0.375, "recall": 0.42857142857142855, "f1-score": 0.39999999999999997, "support": 7}, "2": {"precision": 0.07142857142857142, "recall": 0.25, "f1-score": 0.11111111111111112, "support": 4}, "3": {"precision": 0.09090909090909091, "recall": 0.07692307692307693, "f1-score": 0.08333333333333334, "support": 13}, "4": {"precision": 0.0, "recall": 0.0, "f1-score": 0.0, "support": 7}, "5": {"precision": 0.15384615384615385, "recall": 0.16666666666666666, "f1-score": 0.16, "support": 12}, "6": {"precision": 0.35294117647058826, "recall": 0.4, "f1-score": 0.37500000000000006, "support": 15}, "7": {"precision": 0.0, "recall": 0.0, "f1-score": 0.0, "support": 4}, "8": {"precision": 0.0, "recall": 0.0, "f1-score": 0.0, "support": 2}, "9": {"precision": 0.25, "recall": 0.25, "f1-score": 0.25, "support": 12}, "10": {"precision": 0.4444444444444444, "recall": 0.2857142857142857, "f1-score": 0.34782608695652173, "support": 14}, "11": {"precision": 0.05, "recall": 0.1111111111111111, "f1-score": 0.06896551724137932, "support": 9}, "12": {"precision": 0.0, "recall": 0.0, "f1-score": 0.0, "support": 9}, "13": {"precision": 0.2, "recall": 0.1, "f1-score": 0.13333333333333333, "support": 10}, "14": {"precision": 0.25, "recall": 0.1111111111111111, "f1-score": 0.15384615384615383, "support": 9}, "15": {"precision": 0.18181818181818182, "recall": 0.4, "f1-score": 0.25000000000000006, "support": 10}, "16": {"precision": 0.5, "recall": 1.0, "f1-score": 0.6666666666666666, "support": 6}, "27": {"precision": 0.8, "recall": 1.0, "f1-score": 0.888888888888889, "support": 8}, "28": {"precision": 0.6428571428571429, "recall": 0.6428571428571429, "f1-score": 0.6428571428571429, "support": 14}, "29": {"precision": 0.5454545454545454, "recall": 0.8571428571428571, "f1-score": 0.6666666666666665, "support": 7}, "32": {"precision": 0.6944444444444444, "recall": 0.6944444444444444, "f1-score": 0.6944444444444444, "support": 36}, "33": {"precision": 1.0, "recall": 1.0, "f1-score": 1.0, "support": 1}, "38": {"precision": 0.8333333333333334, "recall": 1.0, "f1-score": 0.9090909090909091, "support": 5}, "39": {"precision": 1.0, "recall": 1.0, "f1-score": 1.0, "support": 4}, "43": {"precision": 0.625, "recall": 1.0, "f1-score": 0.7692307692307693, "support": 5}, "45": {"precision": 0.5909090909090909, "recall": 0.52, "f1-score": 0.5531914893617023, "support": 25}, "47": {"precision": 0.7777777777777778, "recall": 1.0, "f1-score": 0.8750000000000001, "support": 7}, "52": {"precision": 0.25, "recall": 1.0, "f1-score": 0.4, "support": 1}, "53": {"precision": 0.8888888888888888, "recall": 0.8888888888888888, "f1-score": 0.8888888888888888, "support": 9}, "56": {"precision": 0.5, "recall": 0.25, "f1-score": 0.3333333333333333, "support": 12}, "60": {"precision": 0.75, "recall": 1.0, "f1-score": 0.8571428571428571, "support": 3}, "61": {"precision": 0.0, "recall": 0.0, "f1-score": 0.0, "support": 2}, "62": {"precision": 1.0, "recall": 0.3333333333333333, "f1-score": 0.5, "support": 6}, "63": {"precision": 0.0, "recall": 0.0, "f1-score": 0.0, "support": 2}, "65": {"precision": 0.7857142857142857, "recall": 0.46808510638297873, "f1-score": 0.5866666666666668, "support": 47}, "68": {"precision": 0.0, "recall": 0.0, "f1-score": 0.0, "support": 0}, "70": {"precision": 0.09090909090909091, "recall": 1.0, "f1-score": 0.16666666666666669, "support": 1}, "72": {"precision": 0.16666666666666666, "recall": 1.0, "f1-score": 0.2857142857142857, "support": 1}, "75": {"precision": 1.0, "recall": 1.0, "f1-score": 1.0, "support": 3}, "78": {"precision": 1.0, "recall": 1.0, "f1-score": 1.0, "support": 1}, "81": {"precision": 0.7142857142857143, "recall": 1.0, "f1-score": 0.8333333333333333, "support": 5}, "87": {"precision": 0.0, "recall": 0.0, "f1-score": 0.0, "support": 0}, "89": {"precision": 0.9, "recall": 0.75, "f1-score": 0.8181818181818182, "support": 12}, "90": {"precision": 0.0, "recall": 0.0, "f1-score": 0.0, "support": 0}, "92": {"precision": 1.0, "recall": 0.9090909090909091, "f1-score": 0.9523809523809523, "support": 22}, "93": {"precision": 0.75, "recall": 1.0, "f1-score": 0.8571428571428571, "support": 9}, "94": {"precision": 0.8148148148148148, "recall": 0.5116279069767442, "f1-score": 0.6285714285714286, "support": 43}, "96": {"precision": 1.0, "recall": 0.95, "f1-score": 0.9743589743589743, "support": 20}, "accuracy": 0.5431034482758621, "macro avg": {"precision": 0.4774259044786005, "recall": 0.5428243389419788, "f1-score": 0.476241924024768, "support": 464}, "weighted avg": {"precision": 0.5976181918055651, "recall": 0.5431034482758621, "f1-score": 0.550964098004107, "support": 464}}