{"0": {"precision": 0.48, "recall": 0.75, "f1-score": 0.5853658536585366, "support": 16}, "1": {"precision": 0.07547169811320754, "recall": 0.5333333333333333, "f1-score": 0.1322314049586777, "support": 15}, "2": {"precision": 0.0, "recall": 0.0, "f1-score": 0.0, "support": 3}, "3": {"precision": 0.16666666666666666, "recall": 0.17647058823529413, "f1-score": 0.17142857142857143, "support": 17}, "4": {"precision": 0.0, "recall": 0.0, "f1-score": 0.0, "support": 8}, "5": {"precision": 0.0, "recall": 0.0, "f1-score": 0.0, "support": 14}, "6": {"precision": 0.0, "recall": 0.0, "f1-score": 0.0, "support": 10}, "7": {"precision": 0.0, "recall": 0.0, "f1-score": 0.0, "support": 2}, "8": {"precision": 0.0, "recall": 0.0, "f1-score": 0.0, "support": 6}, "9": {"precision": 0.0, "recall": 0.0, "f1-score": 0.0, "support": 12}, "10": {"precision": 0.0, "recall": 0.0, "f1-score": 0.0, "support": 12}, "11": {"precision": 0.0, "recall": 0.0, "f1-score": 0.0, "support": 8}, "12": {"precision": 0.0, "recall": 0.0, "f1-score": 0.0, "support": 6}, "13": {"precision": 0.0, "recall": 0.0, "f1-score": 0.0, "support": 14}, "14": {"precision": 0.0, "recall": 0.0, "f1-score": 0.0, "support": 7}, "15": {"precision": 0.0, "recall": 0.0, "f1-score": 0.0, "support": 10}, "16": {"precision": 0.14285714285714285, "recall": 0.6666666666666666, "f1-score": 0.23529411764705882, "support": 3}, "27": {"precision": 0.9, "recall": 1.0, "f1-score": 0.9473684210526316, "support": 9}, "28": {"precision": 0.6666666666666666, "recall": 0.7692307692307693, "f1-score": 0.7142857142857142, "support": 13}, "29": {"precision": 0.6, "recall": 0.6, "f1-score": 0.6, "support": 5}, "32": {"precision": 0.44, "recall": 0.3235294117647059, "f1-score": 0.3728813559322034, "support": 34}, "38": {"precision": 0.8, "recall": 0.8888888888888888, "f1-score": 0.8421052631578948, "support": 9}, "39": {"precision": 0.6666666666666666, "recall": 1.0, "f1-score": 0.8, "support": 4}, "43": {"precision": 0.14285714285714285, "recall": 0.5, "f1-score": 0.22222222222222224, "support": 2}, "45": {"precision": 0.6296296296296297, "recall": 0.8095238095238095, "f1-score": 0.7083333333333334, "support": 21}, "47": {"precision": 1.0, "recall": 1.0, "f1-score": 1.0, "support": 5}, "52": {"precision": 0.0, "recall": 0.0, "f1-score": 0.0, "support": 0}, "53": {"precision": 1.0, "recall": 0.8571428571428571, "f1-score": 0.923076923076923, "support": 7}, "56": {"precision": 1.0, "recall": 0.08333333333333333, "f1-score": 0.15384615384615385, "support": 12}, "60": {"precision": 0.5, "recall": 0.3333333333333333, "f1-score": 0.4, "support": 3}, "61": {"precision": 0.5, "recall": 0.6, "f1-score": 0.5454545454545454, "support": 5}, "62": {"precision": 1.0, "recall": 0.625, "f1-score": 0.7692307692307693, "support": 8}, "63": {"precision": 0.6, "recall": 1.0, "f1-score": 0.7499999999999999, "support": 3}, "65": {"precision": 0.95, "recall": 0.4222222222222222, "f1-score": 0.5846153846153845, "support": 45}, "68": {"precision": 0.4, "recall": 1.0, "f1-score": 0.5714285714285715, "support": 2}, "70": {"precision": 0.14285714285714285, "recall": 1.0, "f1-score": 0.25, "support": 1}, "72": {"precision": 0.3333333333333333, "recall": 0.5, "f1-score": 0.4, "support": 2}, "75": {"precision": 1.0, "recall": 1.0, "f1-score": 1.0, "support": 3}, "78": {"precision": 1.0, "recall": 1.0, "f1-score": 1.0, "support": 1}, "81": {"precision": 0.2727272727272727, "recall": 0.6, "f1-score": 0.37499999999999994, "support": 5}, "86": {"precision": 0.0, "recall": 0.0, "f1-score": 0.0, "support": 1}, "87": {"precision": 0.0, "recall": 0.0, "f1-score": 0.0, "support": 2}, "89": {"precision": 0.0, "recall": 0.0, "f1-score": 0.0, "support": 15}, "90": {"precision": 1.0, "recall": 1.0, "f1-score": 1.0, "support": 1}, "92": {"precision": 0.8823529411764706, "recall": 0.9375, "f1-score": 0.9090909090909091, "support": 16}, "93": {"precision": 0.8235294117647058, "recall": 1.0, "f1-score": 0.9032258064516129, "support": 14}, "94": {"precision": 0.8181818181818182, "recall": 0.5625, "f1-score": 0.6666666666666666, "support": 32}, "95": {"precision": 0.14285714285714285, "recall": 1.0, "f1-score": 0.25, "support": 1}, "96": {"precision": 0.8947368421052632, "recall": 0.85, "f1-score": 0.8717948717948718, "support": 20}, "accuracy": 0.4482758620689655, "macro avg": {"precision": 0.4075794187440872, "recall": 0.4773199023199024, "f1-score": 0.40112136447618885, "support": 464}, "weighted avg": {"precision": 0.49259672680677347, "recall": 0.4482758620689655, "f1-score": 0.4348751897290098, "support": 464}}