{"0": {"precision": 1.0, "recall": 1.0, "f1-score": 1.0, "support": 19}, "1": {"precision": 0.5384615384615384, "recall": 0.7368421052631579, "f1-score": 0.6222222222222222, "support": 19}, "2": {"precision": 1.0, "recall": 0.8, "f1-score": 0.888888888888889, "support": 15}, "3": {"precision": 1.0, "recall": 1.0, "f1-score": 1.0, "support": 54}, "4": {"precision": 0.95, "recall": 0.6129032258064516, "f1-score": 0.7450980392156863, "support": 31}, "5": {"precision": 1.0, "recall": 0.8, "f1-score": 0.888888888888889, "support": 20}, "6": {"precision": 1.0, "recall": 1.0, "f1-score": 1.0, "support": 14}, "7": {"precision": 0.16666666666666666, "recall": 0.3333333333333333, "f1-score": 0.2222222222222222, "support": 3}, "8": {"precision": 1.0, "recall": 1.0, "f1-score": 1.0, "support": 1}, "9": {"precision": 0.3902439024390244, "recall": 1.0, "f1-score": 0.5614035087719299, "support": 16}, "10": {"precision": 0.3333333333333333, "recall": 0.45454545454545453, "f1-score": 0.3846153846153846, "support": 11}, "11": {"precision": 1.0, "recall": 1.0, "f1-score": 1.0, "support": 15}, "12": {"precision": 1.0, "recall": 0.9444444444444444, "f1-score": 0.9714285714285714, "support": 18}, "13": {"precision": 0.0, "recall": 0.0, "f1-score": 0.0, "support": 19}, "14": {"precision": 0.0, "recall": 0.0, "f1-score": 0.0, "support": 4}, "15": {"precision": 0.0, "recall": 0.0, "f1-score": 0.0, "support": 3}, "16": {"precision": 0.375, "recall": 1.0, "f1-score": 0.5454545454545454, "support": 3}, "17": {"precision": 0.9333333333333333, "recall": 1.0, "f1-score": 0.9655172413793104, "support": 14}, "accuracy": 0.7885304659498208, "macro avg": {"precision": 0.6492799319018832, "recall": 0.7045593646329357, "f1-score": 0.6553188618382028, "support": 279}, "weighted avg": {"precision": 0.7895448207997382, "recall": 0.7885304659498208, "f1-score": 0.7725827379505185, "support": 279}}