,0,1,2,3,4,mean,std,var
f1-scores_macro,0.5368697954943245,0.5808725488137004,0.5680541142933057,0.5265720853920235,0.615665804250681,0.565606869648807,0.03192008995326938,0.04153787376006257
precisions_macro,0.5095065778721665,0.6058515616842594,0.5813902918069584,0.5264545029683683,0.6634732734847151,0.5773352415632935,0.05556790740545305,0.041464753277019345
recalls_macro,0.612962962962963,0.6339037289329688,0.6575740698547716,0.6062949179908244,0.6740108567403253,0.6369493072963707,0.025780811172348806,0.05391486528075337
supports_macro,279.0,279.0,279.0,279.0,279.0,279.0,0.0,11120.142857142857
f1-scores_weighted,0.6114911459532323,0.7095586604403917,0.6764017861983568,0.5541219439958269,0.717602906816516,0.6538352886808647,0.0623160133910489,0.05322107884785005
precisions_weighted,0.6008472517832658,0.7514071008827535,0.7203708229245864,0.5946448318611818,0.8150889369646289,0.6964717888832832,0.08622280605908382,0.05939585609981914
recalls_weighted,0.6594982078853047,0.7275985663082437,0.7240143369175627,0.5913978494623656,0.7275985663082437,0.6860215053763441,0.05395902298654855,0.05949816798873105
supports_weighted,279.0,279.0,279.0,279.0,279.0,279.0,0.0,11120.142857142857
