,0,1,2,3,4,mean,std,var
f1-scores_macro,0.7213288960723586,0.7984423014244526,0.7195721344896757,0.7729508030652659,0.7008359415032871,0.7426260153110079,0.0367872519372755,0.0723003744277176
precisions_macro,0.7326901662849374,0.8063081195391137,0.7040748605635087,0.769377368274427,0.7542611427468058,0.7533423314817584,0.03440097946750083,0.07482571343828219
recalls_macro,0.760918710918711,0.8203808280197169,0.765860655698658,0.7910740821817533,0.7550581374252872,0.7786584828488252,0.02420892969696584,0.08180184045723296
supports_macro,279.0,279.0,279.0,279.0,279.0,279.0,0.0,11120.142857142857
f1-scores_weighted,0.8509748251011023,0.8841862766315287,0.8326354299899786,0.882396983362174,0.8519179791610896,0.8604222988491745,0.019906288926175537,0.10125409736856449
precisions_weighted,0.8866450423566173,0.8824441687344913,0.8370369611622649,0.8954320251047007,0.9163310799887282,0.8835778554693604,0.026038597420283426,0.10561837557187415
recalls_weighted,0.8494623655913979,0.899641577060932,0.8387096774193549,0.8817204301075269,0.8566308243727598,0.8652329749103943,0.022279957373362087,0.10192363371829256
supports_weighted,279.0,279.0,279.0,279.0,279.0,279.0,0.0,11120.142857142857
