,0,1,2,3,4,mean,std,var
f1-scores_macro,0.6509386255755112,0.6282436638468669,0.6414511713384751,0.5692469564180639,0.6006233401338467,0.6181007514625527,0.029727428254990227,0.05019117153444788
precisions_macro,0.6212972722393011,0.6770465728799062,0.6844004863449308,0.6568135054246166,0.6122882261771152,0.6503692126131739,0.029005783207807743,0.05585718594040064
recalls_macro,0.7213714202961514,0.6809258128702572,0.6902263414183335,0.6400641766246342,0.666305505194394,0.6797786512807541,0.026829811054002933,0.061505892484822106
supports_macro,279.0,279.0,279.0,279.0,279.0,279.0,0.0,11120.142857142857
f1-scores_weighted,0.7149632922286207,0.7729567524217443,0.779525629262013,0.6385275501452107,0.7105427109588527,0.7233031870032882,0.05107980377943187,0.06672918533601548
precisions_weighted,0.7464051139413459,0.84529512352093,0.857927905096364,0.78817762451275,0.758019519309842,0.7991650572762465,0.04511839068417285,0.08292301603855341
recalls_weighted,0.7347670250896058,0.7777777777777778,0.7885304659498208,0.6738351254480287,0.7419354838709677,0.7433691756272403,0.040334924434796256,0.07196392058616542
supports_weighted,279.0,279.0,279.0,279.0,279.0,279.0,0.0,11120.142857142857
