,0,1,2,3,4,mean,std,var
f1-scores_macro,0.5743803253382165,0.6322432285069111,0.5646811101488861,0.5438774082813675,0.62015289498613,0.5870669934523023,0.033654089440553765,0.04469609463625829
precisions_macro,0.5921502671502672,0.6310225219874342,0.5657056677890011,0.5897627603484988,0.6305471513892198,0.6018376737328842,0.025381728499087246,0.04800849680305691
recalls_macro,0.6597230925187915,0.66893748165033,0.6278365582187974,0.5769615444086549,0.6313624915074191,0.6329642336607985,0.03217225803432173,0.05242697343830797
supports_macro,279.0,279.0,279.0,279.0,279.0,279.0,0.0,11120.142857142857
f1-scores_weighted,0.6353161579809875,0.719677763177464,0.6128852886791526,0.5848447163270366,0.7291563501923384,0.6563760552713959,0.05788916315933558,0.05396213791844769
precisions_weighted,0.718940599585761,0.7356461610451422,0.6565136774814195,0.6836744855694415,0.7380635527961087,0.7065676952955746,0.03168639683372442,0.06590308507457063
recalls_weighted,0.6379928315412187,0.7275985663082437,0.6129032258064516,0.5734767025089605,0.7311827956989247,0.6566308243727599,0.06287845809200972,0.053657875047736704
supports_weighted,279.0,279.0,279.0,279.0,279.0,279.0,0.0,11120.142857142857
