,0,1,2,3,4,mean,std,var
f1-scores_macro,0.574027581537053,0.567808412674046,0.6553188618382028,0.5634232755232702,0.6513295839067165,0.6023815430958577,0.04174988744978656,0.046353666153504135
precisions_macro,0.5981066744064847,0.5952497900438404,0.6492799319018832,0.6103595478595479,0.7410430129942325,0.6388077914411976,0.05463495077020367,0.0512386112205691
recalls_macro,0.6616912856160169,0.6490073712295934,0.7045593646329357,0.615481077834879,0.7075203602981381,0.6676518919223126,0.0348040145226525,0.05822320941706636
supports_macro,279.0,279.0,279.0,279.0,279.0,279.0,0.0,11120.142857142857
f1-scores_weighted,0.7223394392137739,0.7244380896293784,0.7725827379505185,0.6122719771675007,0.7447361379976567,0.7152736763917655,0.05458136439840263,0.06484179461067867
precisions_weighted,0.8108170477852793,0.7945783093601799,0.7895448207997382,0.668493692687241,0.8768802634262902,0.7880628268117457,0.0674503035918953,0.07797448744381039
recalls_weighted,0.7275985663082437,0.7383512544802867,0.7885304659498208,0.6523297491039427,0.7670250896057348,0.7347670250896058,0.04645692256923196,0.06948008050716122
supports_weighted,279.0,279.0,279.0,279.0,279.0,279.0,0.0,11120.142857142857
