,0,1,2,3,4,mean,std,var
f1-scores_macro,0.7805734387773229,0.7421809955479441,0.7687832216965008,0.8019270407526319,0.7568870823649276,0.7700703558278655,0.020388403351577093,0.08063541009297358
precisions_macro,0.7928222774678633,0.7467682683187321,0.7936454410539776,0.8028776252353489,0.745715007811782,0.7763657239775408,0.024850607502732668,0.08119676585725683
recalls_macro,0.8178451178451178,0.7877111314611315,0.7911097867945632,0.8115731909161562,0.7979934674379119,0.8012465388909762,0.01165071703012993,0.08917905342039756
supports_macro,279.0,279.0,279.0,279.0,279.0,279.0,0.0,11120.142857142857
f1-scores_weighted,0.890684277785342,0.8872596207716991,0.8388073115540552,0.8593032998141591,0.8760236691856064,0.8704156358221724,0.019227885420970578,0.10381103390047669
precisions_weighted,0.919489370466286,0.8892101673387247,0.8512767469002718,0.8698335418503265,0.8870838039672587,0.8833787261045736,0.02265268650897248,0.10626323663428933
recalls_weighted,0.8960573476702509,0.8924731182795699,0.8458781362007168,0.8566308243727598,0.8745519713261649,0.8731182795698924,0.019579211876340746,0.1043950174832028
supports_weighted,279.0,279.0,279.0,279.0,279.0,279.0,0.0,11120.142857142857
