,0,1,2,3,4,mean,std,var
f1-scores_macro,0.5829211392122559,0.5517978020111978,0.6185370751621719,0.5634737152318154,0.6128535943818993,0.5859166651998681,0.026330382847063644,0.04531157051226544
precisions_macro,0.5797518934151084,0.5670432181941133,0.6637853205255166,0.5391458444090023,0.6244344446976026,0.5948321442482686,0.044116752094497835,0.044948684106389226
recalls_macro,0.6184246756827402,0.6079907046539313,0.6762584063930509,0.6511170427471598,0.6979150479150479,0.650341175478386,0.0339051721870898,0.055242730987113076
supports_macro,279.0,279.0,279.0,279.0,279.0,279.0,0.0,11120.142857142857
f1-scores_weighted,0.6883123342632008,0.6994586468717098,0.7635927199948006,0.631811052647264,0.7132147579613664,0.6992779023476683,0.042432732351042286,0.0631355297905836
precisions_weighted,0.7266500536797427,0.7408511462549907,0.8550318438443044,0.6211738208342623,0.7934555433876316,0.7474324816001863,0.0776044040956839,0.06911436771921149
recalls_weighted,0.6917562724014337,0.7204301075268817,0.7706093189964157,0.6810035842293907,0.7526881720430108,0.7232974910394265,0.03433384950488328,0.06879247283102549
supports_weighted,279.0,279.0,279.0,279.0,279.0,279.0,0.0,11120.142857142857
