,0,1,2,3,4,mean,std,var
f1-scores_macro,0.016122766122766124,0.005952380952380953,0.012396799836413362,0.009727331114614352,0.012098335269066975,0.011259522659048355,0.0033514625757647605,1.82941674897917e-05
precisions_macro,0.010578044311177743,0.0033112582781456954,0.007709750566893424,0.005929786184563255,0.06021756021756022,0.01754927991166807,0.02146499709898554,0.0003861454895863653
recalls_macro,0.04814814814814815,0.029411764705882353,0.053467000835421885,0.04419191919191919,0.03380364491475602,0.04180449555922552,0.00893922969977513,0.00022089519445145462
supports_macro,279.0,279.0,279.0,279.0,279.0,279.0,0.0,11120.142857142857
f1-scores_weighted,0.01725693661177532,0.0065284178187404,0.012524601896582572,0.010823129674518822,0.017927391255479375,0.013012095451419297,0.004224833868947103,2.5905203319519986e-05
precisions_weighted,0.01117183343811965,0.0036317026276436663,0.007987711213517665,0.006772747680904656,0.10309045792916761,0.02653089057787065,0.038355897876846075,0.0012459549131807507
recalls_weighted,0.053763440860215055,0.03225806451612903,0.05017921146953405,0.04659498207885305,0.04659498207885305,0.045878136200716846,0.007310422241710086,0.0002570307363682315
supports_weighted,279.0,279.0,279.0,279.0,279.0,279.0,0.0,11120.142857142857
