,0,1,2,3,4,mean,std,var
f1-scores_macro,0.766156496514011,0.766810934538717,0.7982667351873878,0.8009460090571326,0.7570223524753612,0.7778405055545219,0.01812544151629151,0.08272620186226888
precisions_macro,0.7821744555098079,0.782340214538357,0.8152874564459931,0.800925925925926,0.745323310948311,0.785210272673679,0.02349485848457903,0.08334720300980945
recalls_macro,0.8158209074875741,0.7784826798715687,0.8057185941665286,0.8153796377373088,0.7912469486140984,0.8013297535754157,0.014493491236549317,0.08861952303514814
supports_macro,279.0,279.0,279.0,279.0,279.0,279.0,0.0,11120.142857142857
f1-scores_weighted,0.8601202114310552,0.8938909392180868,0.8336461665949627,0.8691357421516144,0.8775134372519267,0.866861299329529,0.019989646688241592,0.10278893060475096
precisions_weighted,0.8990498533947123,0.9049749529925301,0.8496993368551196,0.8775686977299879,0.8838823736001156,0.8830350429144932,0.019389182584078173,0.1068681653914269
recalls_weighted,0.8602150537634409,0.8924731182795699,0.8387096774193549,0.8709677419354839,0.8817204301075269,0.8688172043010752,0.018499624230199182,0.10357662345829988
supports_weighted,279.0,279.0,279.0,279.0,279.0,279.0,0.0,11120.142857142857
