,0,1,2,3,4,mean,std,var
f1-scores_macro,0.40199117501039244,0.4600891818634963,0.45675655550930677,0.49683037060047475,0.5436270648860759,0.47185886957394924,0.0469517835750943,0.027629348564836124
precisions_macro,0.3800919905059524,0.4940539720393215,0.4413496881663265,0.5355080421080719,0.5553554439158892,0.4812718273471123,0.06391317397596967,0.028288113250750743
recalls_macro,0.4876984126984128,0.5594099356891754,0.5610950250204636,0.536370180419028,0.6008579227178261,0.5490862953089811,0.03704392056423482,0.03859888530910386
supports_macro,279.0,279.0,279.0,279.0,279.0,279.0,0.0,11120.142857142857
f1-scores_weighted,0.40604444350599933,0.5634946026624508,0.5250411273131553,0.4915172426585641,0.6024587599444148,0.5177112352169169,0.0670635290115121,0.03275983864216391
precisions_weighted,0.40055662845149415,0.6391196199045669,0.5209975014089879,0.5305965430240641,0.6523328830575778,0.5487206351693381,0.09160469649737846,0.03684356197716356
recalls_weighted,0.45161290322580644,0.5878136200716846,0.5806451612903226,0.4946236559139785,0.6129032258064516,0.5455197132616487,0.061598712713808845,0.03661622042636375
supports_weighted,279.0,279.0,279.0,279.0,279.0,279.0,0.0,11120.142857142857
