,0,1,2,3,4,mean,std,var
f1-scores_macro,0.5010987156646969,0.5491721115259967,0.6187976318526833,0.46463081812465185,0.5582443501611131,0.5383887254658284,0.052548821489374425,0.03602120776600893
precisions_macro,0.5243323367506374,0.6113334342501009,0.6205497206703066,0.4692357187302149,0.5502803103039748,0.5551463041410469,0.05619325164391734,0.03819627964615004
recalls_macro,0.5854236166064122,0.5370274299303367,0.6750986114502433,0.5167357701542428,0.6149051074171847,0.585838107111684,0.05651568830651247,0.04268771771821677
supports_macro,279.0,279.0,279.0,279.0,279.0,279.0,0.0,11120.142857142857
f1-scores_weighted,0.6007186428827169,0.6842423312530413,0.6984252715220848,0.5655918314696199,0.6754621308373451,0.6448880415929615,0.05213174610274725,0.05245905519928427
precisions_weighted,0.7109429434856381,0.7614263786306797,0.7375641706527135,0.6056210825047227,0.6890972187718026,0.7009303588091114,0.053527446771086555,0.06226344637180927
recalls_weighted,0.6021505376344086,0.6630824372759857,0.6953405017921147,0.5627240143369175,0.6738351254480287,0.6394265232974912,0.04928022148328951,0.05177702031667487
supports_weighted,279.0,279.0,279.0,279.0,279.0,279.0,0.0,11120.142857142857
