,0,1,2,3,4,mean,std,var
f1-scores_macro,0.4205319074284591,0.29354633021299686,0.3682892543448795,0.30544673071910144,0.3534808126569652,0.34825900707248036,0.04577820049086506,0.014817032321617902
precisions_macro,0.4021718316956412,0.27837724680647696,0.3495720081435447,0.30466815385675033,0.35812107637555207,0.33858206337559305,0.04317634478967797,0.014019859944487274
recalls_macro,0.5249660236219376,0.3569835361545028,0.42462053669255145,0.3557431759401144,0.4475621265476338,0.4219750797913481,0.06305457278754514,0.021716651245640362
supports_macro,279.0,279.0,279.0,279.0,279.0,279.0,0.0,11120.142857142857
f1-scores_weighted,0.4948695584068219,0.3756697782504234,0.46551712356709907,0.38351311612638833,0.4485684469283561,0.43362760465581773,0.046607550215925546,0.02320800871503556
precisions_weighted,0.5120559334845048,0.3599855804686107,0.4543722445526106,0.39622323920286573,0.47587983519768573,0.4397033665812555,0.054780021357289786,0.02366727776397927
recalls_weighted,0.5304659498207885,0.43727598566308246,0.5017921146953405,0.40860215053763443,0.4946236559139785,0.4745519713261649,0.044744047410257295,0.028059051214719355
supports_weighted,279.0,279.0,279.0,279.0,279.0,279.0,0.0,11120.142857142857
