,0,1,2,3,4,mean,std,var
f1-scores_macro,0.5113220296520757,0.551654822014379,0.699389080824594,0.7285011739675283,0.7267072866992799,0.6435148786315713,0.0929287823537691,0.05050290112209458
precisions_macro,0.5652533321941218,0.6414498651752721,0.7276812017865939,0.7441962960022815,0.73996215351442,0.6837085697345379,0.07010601186558955,0.05788258203879365
recalls_macro,0.614491173899776,0.5825280199549205,0.745283348958363,0.7974781715214292,0.7385252875591041,0.6956612003787186,0.0825276595130862,0.0593803558112225
supports_macro,279.0,279.0,279.0,279.0,279.0,279.0,0.0,11120.142857142857
f1-scores_weighted,0.5427617552203134,0.6635237051431754,0.7347727055611312,0.7937655155681268,0.8548049968168068,0.7179257356619108,0.1080864706742009,0.06286470368387316
precisions_weighted,0.6872443459985904,0.7978769704123787,0.8195096130706504,0.8524197318414836,0.8725327561649964,0.8059166834976199,0.06470357494180802,0.08197406131258511
recalls_weighted,0.5340501792114696,0.6523297491039427,0.7132616487455197,0.7813620071684588,0.8530465949820788,0.7068100358422938,0.10936070653841821,0.060958713124387526
supports_weighted,279.0,279.0,279.0,279.0,279.0,279.0,0.0,11120.142857142857
