,0,1,2,3,4,mean,std,var
f1-scores_macro,0.5971725204130215,0.5023856527078796,0.5500997088390371,0.578774259233325,0.4950849383451723,0.5447034159076871,0.04048638207538325,0.03768521554557779
precisions_macro,0.5850857461262441,0.5374261962094572,0.5757600495046692,0.598832966234927,0.5522017871443159,0.5698613490439227,0.02222534950091486,0.04325523675209855
recalls_macro,0.6772616073691342,0.5601962999924816,0.5720456330718545,0.6044104472080049,0.519656939946795,0.5867141855176541,0.05277694979609017,0.04304816798052797
supports_macro,279.0,279.0,279.0,279.0,279.0,279.0,0.0,11120.142857142857
f1-scores_weighted,0.6863027332891117,0.607197095753275,0.6483450211105648,0.6274396353664713,0.5800312840163812,0.6298631539071607,0.03613819150787652,0.05144678325826874
precisions_weighted,0.7315379503230134,0.6378867850509309,0.7023023935297734,0.6789682732756737,0.6543380825768664,0.6810066969512516,0.033411408908059805,0.060841648122791005
recalls_weighted,0.6917562724014337,0.6415770609318996,0.6487455197132617,0.6164874551971327,0.5913978494623656,0.6379928315412186,0.03362305204174499,0.053122495696060014
supports_weighted,279.0,279.0,279.0,279.0,279.0,279.0,0.0,11120.142857142857
