,0,1,2,3,4,mean,std,var
f1-scores_macro,0.698009843147553,0.7644111419427286,0.667956219524847,0.7584771347410804,0.6881050154647504,0.715391870964192,0.038874354743280576,0.06664162475016644
precisions_macro,0.7122701470933603,0.8073722188305522,0.6836054256010397,0.7669718513436264,0.6828891167206385,0.7306217519178435,0.049066658134449576,0.06836590162117734
recalls_macro,0.8188328497468282,0.7704397088470016,0.6857144949780773,0.7686310487630578,0.740741178663884,0.7568718561997698,0.0435547902539715,0.07426959787641656
supports_macro,279.0,279.0,279.0,279.0,279.0,279.0,0.0,11120.142857142857
f1-scores_weighted,0.8006814966929006,0.8331167301248733,0.7856713151210305,0.8426609271713364,0.8263827736440827,0.8177026485508447,0.021220650725019212,0.0910014880420351
precisions_weighted,0.8651460219827246,0.8636970133609918,0.8223382904693035,0.8652623768926742,0.8477245330769173,0.8528336471565222,0.016614153292700374,0.1001247453486754
recalls_weighted,0.7992831541218638,0.8279569892473119,0.7634408602150538,0.8351254480286738,0.8315412186379928,0.8114695340501793,0.027164581106088055,0.08849125146688623
supports_weighted,279.0,279.0,279.0,279.0,279.0,279.0,0.0,11120.142857142857
