{"0": {"precision": 0.5555555555555556, "recall": 0.5555555555555556, "f1-score": 0.5555555555555556, "support": 9}, "1": {"precision": 0.05660377358490566, "recall": 0.6666666666666666, "f1-score": 0.10434782608695653, "support": 9}, "2": {"precision": 0.0, "recall": 0.0, "f1-score": 0.0, "support": 4}, "3": {"precision": 0.3333333333333333, "recall": 0.08333333333333333, "f1-score": 0.13333333333333333, "support": 12}, "4": {"precision": 0.0, "recall": 0.0, "f1-score": 0.0, "support": 14}, "5": {"precision": 0.0, "recall": 0.0, "f1-score": 0.0, "support": 9}, "6": {"precision": 1.0, "recall": 0.08333333333333333, "f1-score": 0.15384615384615385, "support": 12}, "7": {"precision": 0.0, "recall": 0.0, "f1-score": 0.0, "support": 3}, "8": {"precision": 0.0, "recall": 0.0, "f1-score": 0.0, "support": 5}, "9": {"precision": 0.0, "recall": 0.0, "f1-score": 0.0, "support": 16}, "10": {"precision": 0.0, "recall": 0.0, "f1-score": 0.0, "support": 14}, "11": {"precision": 0.0, "recall": 0.0, "f1-score": 0.0, "support": 5}, "12": {"precision": 0.0, "recall": 0.0, "f1-score": 0.0, "support": 11}, "13": {"precision": 0.25, "recall": 0.07692307692307693, "f1-score": 0.11764705882352941, "support": 13}, "14": {"precision": 0.0, "recall": 0.0, "f1-score": 0.0, "support": 11}, "15": {"precision": 0.0, "recall": 0.0, "f1-score": 0.0, "support": 13}, "16": {"precision": 0.4444444444444444, "recall": 0.6666666666666666, "f1-score": 0.5333333333333333, "support": 6}, "27": {"precision": 0.3333333333333333, "recall": 1.0, "f1-score": 0.5, "support": 4}, "28": {"precision": 0.6666666666666666, "recall": 0.8421052631578947, "f1-score": 0.744186046511628, "support": 19}, "29": {"precision": 0.4444444444444444, "recall": 0.8, "f1-score": 0.5714285714285714, "support": 5}, "32": {"precision": 0.9285714285714286, "recall": 0.5777777777777777, "f1-score": 0.7123287671232876, "support": 45}, "37": {"precision": 0.0, "recall": 0.0, "f1-score": 0.0, "support": 1}, "38": {"precision": 0.6153846153846154, "recall": 1.0, "f1-score": 0.761904761904762, "support": 8}, "39": {"precision": 0.0, "recall": 0.0, "f1-score": 0.0, "support": 2}, "43": {"precision": 0.5454545454545454, "recall": 0.8571428571428571, "f1-score": 0.6666666666666665, "support": 7}, "45": {"precision": 0.4444444444444444, "recall": 0.75, "f1-score": 0.5581395348837209, "support": 16}, "47": {"precision": 1.0, "recall": 1.0, "f1-score": 1.0, "support": 3}, "52": {"precision": 0.3333333333333333, "recall": 1.0, "f1-score": 0.5, "support": 1}, "53": {"precision": 1.0, "recall": 1.0, "f1-score": 1.0, "support": 5}, "56": {"precision": 0.0, "recall": 0.0, "f1-score": 0.0, "support": 13}, "60": {"precision": 0.0, "recall": 0.0, "f1-score": 0.0, "support": 1}, "61": {"precision": 0.0, "recall": 0.0, "f1-score": 0.0, "support": 2}, "62": {"precision": 1.0, "recall": 0.3, "f1-score": 0.4615384615384615, "support": 10}, "63": {"precision": 0.6666666666666666, "recall": 1.0, "f1-score": 0.8, "support": 4}, "65": {"precision": 0.9459459459459459, "recall": 0.5303030303030303, "f1-score": 0.6796116504854369, "support": 66}, "68": {"precision": 0.0, "recall": 0.0, "f1-score": 0.0, "support": 1}, "70": {"precision": 0.09090909090909091, "recall": 1.0, "f1-score": 0.16666666666666669, "support": 1}, "72": {"precision": 0.16666666666666666, "recall": 1.0, "f1-score": 0.2857142857142857, "support": 1}, "75": {"precision": 0.5, "recall": 1.0, "f1-score": 0.6666666666666666, "support": 1}, "78": {"precision": 1.0, "recall": 1.0, "f1-score": 1.0, "support": 3}, "80": {"precision": 1.0, "recall": 1.0, "f1-score": 1.0, "support": 1}, "81": {"precision": 1.0, "recall": 0.4, "f1-score": 0.5714285714285715, "support": 5}, "87": {"precision": 0.0, "recall": 0.0, "f1-score": 0.0, "support": 1}, "89": {"precision": 0.6428571428571429, "recall": 0.6923076923076923, "f1-score": 0.6666666666666666, "support": 13}, "92": {"precision": 0.7692307692307693, "recall": 1.0, "f1-score": 0.8695652173913044, "support": 10}, "93": {"precision": 0.6923076923076923, "recall": 1.0, "f1-score": 0.8181818181818181, "support": 9}, "94": {"precision": 1.0, "recall": 0.2608695652173913, "f1-score": 0.41379310344827586, "support": 23}, "95": {"precision": 0.2, "recall": 1.0, "f1-score": 0.33333333333333337, "support": 1}, "96": {"precision": 1.0, "recall": 0.9375, "f1-score": 0.967741935483871, "support": 16}, "accuracy": 0.4396551724137931, "macro avg": {"precision": 0.400533752921123, "recall": 0.47103030241602606, "f1-score": 0.37374746911230317, "support": 464}, "weighted avg": {"precision": 0.5516306787919508, "recall": 0.4396551724137931, "f1-score": 0.4397945054640388, "support": 464}}