{"0": {"precision": 1.0, "recall": 0.34782608695652173, "f1-score": 0.5161290322580645, "support": 23}, "1": {"precision": 0.391304347826087, "recall": 0.8181818181818182, "f1-score": 0.5294117647058824, "support": 11}, "2": {"precision": 1.0, "recall": 1.0, "f1-score": 1.0, "support": 10}, "3": {"precision": 0.6666666666666666, "recall": 0.7727272727272727, "f1-score": 0.7157894736842105, "support": 44}, "4": {"precision": 0.9473684210526315, "recall": 0.5454545454545454, "f1-score": 0.6923076923076923, "support": 33}, "5": {"precision": 1.0, "recall": 0.8518518518518519, "f1-score": 0.92, "support": 27}, "6": {"precision": 1.0, "recall": 1.0, "f1-score": 1.0, "support": 21}, "7": {"precision": 0.23076923076923078, "recall": 1.0, "f1-score": 0.375, "support": 3}, "8": {"precision": 0.0, "recall": 0.0, "f1-score": 0.0, "support": 4}, "9": {"precision": 0.4230769230769231, "recall": 0.8461538461538461, "f1-score": 0.5641025641025641, "support": 13}, "10": {"precision": 1.0, "recall": 0.15, "f1-score": 0.2608695652173913, "support": 20}, "11": {"precision": 1.0, "recall": 1.0, "f1-score": 1.0, "support": 21}, "12": {"precision": 0.9333333333333333, "recall": 1.0, "f1-score": 0.9655172413793104, "support": 14}, "13": {"precision": 0.65, "recall": 0.8666666666666667, "f1-score": 0.7428571428571429, "support": 15}, "14": {"precision": 0.0, "recall": 0.0, "f1-score": 0.0, "support": 2}, "15": {"precision": 0.0, "recall": 0.0, "f1-score": 0.0, "support": 2}, "16": {"precision": 1.0, "recall": 1.0, "f1-score": 1.0, "support": 1}, "17": {"precision": 0.7, "recall": 0.9333333333333333, "f1-score": 0.8, "support": 15}, "accuracy": 0.7275985663082437, "macro avg": {"precision": 0.6634732734847151, "recall": 0.6740108567403253, "f1-score": 0.615665804250681, "support": 279}, "weighted avg": {"precision": 0.8150889369646289, "recall": 0.7275985663082437, "f1-score": 0.717602906816516, "support": 279}}