{"0": {"precision": 0.6, "recall": 0.9, "f1-score": 0.7200000000000001, "support": 10}, "1": {"precision": 0.01098901098901099, "recall": 0.125, "f1-score": 0.020202020202020204, "support": 8}, "2": {"precision": 0.14285714285714285, "recall": 0.3333333333333333, "f1-score": 0.2, "support": 6}, "3": {"precision": 0.0, "recall": 0.0, "f1-score": 0.0, "support": 8}, "4": {"precision": 0.3157894736842105, "recall": 0.6666666666666666, "f1-score": 0.42857142857142855, "support": 9}, "5": {"precision": 0.0, "recall": 0.0, "f1-score": 0.0, "support": 12}, "6": {"precision": 0.0, "recall": 0.0, "f1-score": 0.0, "support": 7}, "7": {"precision": 0.0, "recall": 0.0, "f1-score": 0.0, "support": 2}, "8": {"precision": 0.0, "recall": 0.0, "f1-score": 0.0, "support": 3}, "9": {"precision": 0.0, "recall": 0.0, "f1-score": 0.0, "support": 13}, "10": {"precision": 0.0, "recall": 0.0, "f1-score": 0.0, "support": 13}, "11": {"precision": 0.0, "recall": 0.0, "f1-score": 0.0, "support": 10}, "12": {"precision": 0.14285714285714285, "recall": 0.09090909090909091, "f1-score": 0.1111111111111111, "support": 11}, "13": {"precision": 0.0, "recall": 0.0, "f1-score": 0.0, "support": 14}, "14": {"precision": 1.0, "recall": 0.07692307692307693, "f1-score": 0.14285714285714288, "support": 13}, "15": {"precision": 0.5, "recall": 0.06666666666666667, "f1-score": 0.11764705882352941, "support": 15}, "16": {"precision": 0.25, "recall": 0.2, "f1-score": 0.22222222222222224, "support": 5}, "27": {"precision": 0.6, "recall": 1.0, "f1-score": 0.7499999999999999, "support": 3}, "28": {"precision": 0.6, "recall": 0.8571428571428571, "f1-score": 0.7058823529411764, "support": 14}, "29": {"precision": 1.0, "recall": 0.5, "f1-score": 0.6666666666666666, "support": 4}, "32": {"precision": 1.0, "recall": 0.4, "f1-score": 0.5714285714285715, "support": 40}, "38": {"precision": 0.75, "recall": 0.8571428571428571, "f1-score": 0.7999999999999999, "support": 7}, "39": {"precision": 1.0, "recall": 1.0, "f1-score": 1.0, "support": 1}, "43": {"precision": 0.25, "recall": 0.25, "f1-score": 0.25, "support": 4}, "45": {"precision": 0.3333333333333333, "recall": 0.5882352941176471, "f1-score": 0.42553191489361697, "support": 17}, "47": {"precision": 1.0, "recall": 1.0, "f1-score": 1.0, "support": 4}, "52": {"precision": 0.25, "recall": 1.0, "f1-score": 0.4, "support": 1}, "53": {"precision": 1.0, "recall": 0.8571428571428571, "f1-score": 0.923076923076923, "support": 7}, "56": {"precision": 0.0, "recall": 0.0, "f1-score": 0.0, "support": 10}, "60": {"precision": 0.0, "recall": 0.0, "f1-score": 0.0, "support": 1}, "61": {"precision": 0.3333333333333333, "recall": 0.5, "f1-score": 0.4, "support": 2}, "62": {"precision": 0.75, "recall": 0.6, "f1-score": 0.6666666666666665, "support": 5}, "63": {"precision": 0.38461538461538464, "recall": 1.0, "f1-score": 0.5555555555555556, "support": 5}, "65": {"precision": 0.8, "recall": 0.26229508196721313, "f1-score": 0.39506172839506176, "support": 61}, "68": {"precision": 0.0, "recall": 0.0, "f1-score": 0.0, "support": 0}, "70": {"precision": 0.13636363636363635, "recall": 1.0, "f1-score": 0.24000000000000002, "support": 3}, "72": {"precision": 0.0, "recall": 0.0, "f1-score": 0.0, "support": 0}, "75": {"precision": 0.5, "recall": 1.0, "f1-score": 0.6666666666666666, "support": 2}, "78": {"precision": 1.0, "recall": 1.0, "f1-score": 1.0, "support": 2}, "81": {"precision": 0.2857142857142857, "recall": 0.4, "f1-score": 0.3333333333333333, "support": 5}, "86": {"precision": 0.0, "recall": 0.0, "f1-score": 0.0, "support": 2}, "87": {"precision": 1.0, "recall": 1.0, "f1-score": 1.0, "support": 1}, "89": {"precision": 0.7727272727272727, "recall": 0.9444444444444444, "f1-score": 0.85, "support": 18}, "90": {"precision": 0.0, "recall": 0.0, "f1-score": 0.0, "support": 1}, "92": {"precision": 0.6071428571428571, "recall": 1.0, "f1-score": 0.7555555555555554, "support": 17}, "93": {"precision": 1.0, "recall": 1.0, "f1-score": 1.0, "support": 11}, "94": {"precision": 1.0, "recall": 0.23529411764705882, "f1-score": 0.38095238095238093, "support": 34}, "95": {"precision": 1.0, "recall": 1.0, "f1-score": 1.0, "support": 1}, "96": {"precision": 0.9130434782608695, "recall": 0.9545454545454546, "f1-score": 0.9333333333333332, "support": 22}, "accuracy": 0.41810344827586204, "macro avg": {"precision": 0.43324012963017305, "recall": 0.46256615915610655, "f1-score": 0.4006596455765911, "support": 464}, "weighted avg": {"precision": 0.5663149512413203, "recall": 0.41810344827586204, "f1-score": 0.4161330169066222, "support": 464}}