{"0": {"precision": 0.6153846153846154, "recall": 0.5714285714285714, "f1-score": 0.5925925925925927, "support": 14}, "1": {"precision": 0.08333333333333333, "recall": 0.375, "f1-score": 0.13636363636363638, "support": 8}, "2": {"precision": 0.0, "recall": 0.0, "f1-score": 0.0, "support": 3}, "3": {"precision": 0.08955223880597014, "recall": 0.4, "f1-score": 0.14634146341463417, "support": 15}, "4": {"precision": 0.0, "recall": 0.0, "f1-score": 0.0, "support": 10}, "5": {"precision": 0.0, "recall": 0.0, "f1-score": 0.0, "support": 12}, "6": {"precision": 0.0, "recall": 0.0, "f1-score": 0.0, "support": 15}, "7": {"precision": 0.0, "recall": 0.0, "f1-score": 0.0, "support": 3}, "9": {"precision": 0.0, "recall": 0.0, "f1-score": 0.0, "support": 14}, "10": {"precision": 0.0, "recall": 0.0, "f1-score": 0.0, "support": 7}, "11": {"precision": 0.0, "recall": 0.0, "f1-score": 0.0, "support": 13}, "12": {"precision": 0.13513513513513514, "recall": 0.35714285714285715, "f1-score": 0.19607843137254902, "support": 14}, "13": {"precision": 0.125, "recall": 0.25, "f1-score": 0.16666666666666666, "support": 8}, "14": {"precision": 0.0, "recall": 0.0, "f1-score": 0.0, "support": 10}, "15": {"precision": 0.0, "recall": 0.0, "f1-score": 0.0, "support": 14}, "16": {"precision": 0.14285714285714285, "recall": 1.0, "f1-score": 0.25, "support": 3}, "27": {"precision": 0.75, "recall": 1.0, "f1-score": 0.8571428571428571, "support": 3}, "28": {"precision": 0.0, "recall": 0.0, "f1-score": 0.0, "support": 17}, "29": {"precision": 0.0, "recall": 0.0, "f1-score": 0.0, "support": 3}, "32": {"precision": 1.0, "recall": 0.13157894736842105, "f1-score": 0.23255813953488372, "support": 38}, "33": {"precision": 0.0, "recall": 0.0, "f1-score": 0.0, "support": 0}, "38": {"precision": 0.5555555555555556, "recall": 1.0, "f1-score": 0.7142857142857143, "support": 5}, "39": {"precision": 0.125, "recall": 1.0, "f1-score": 0.2222222222222222, "support": 2}, "43": {"precision": 0.6666666666666666, "recall": 0.5, "f1-score": 0.5714285714285715, "support": 4}, "45": {"precision": 0.5, "recall": 0.058823529411764705, "f1-score": 0.10526315789473684, "support": 17}, "47": {"precision": 0.0, "recall": 0.0, "f1-score": 0.0, "support": 2}, "52": {"precision": 0.0, "recall": 0.0, "f1-score": 0.0, "support": 1}, "53": {"precision": 1.0, "recall": 1.0, "f1-score": 1.0, "support": 7}, "56": {"precision": 0.0, "recall": 0.0, "f1-score": 0.0, "support": 10}, "60": {"precision": 0.0, "recall": 0.0, "f1-score": 0.0, "support": 4}, "61": {"precision": 0.6666666666666666, "recall": 0.6666666666666666, "f1-score": 0.6666666666666666, "support": 3}, "62": {"precision": 0.2, "recall": 0.1, "f1-score": 0.13333333333333333, "support": 10}, "63": {"precision": 0.09090909090909091, "recall": 0.5, "f1-score": 0.15384615384615385, "support": 2}, "65": {"precision": 0.6153846153846154, "recall": 0.15384615384615385, "f1-score": 0.24615384615384617, "support": 52}, "68": {"precision": 0.0, "recall": 0.0, "f1-score": 0.0, "support": 1}, "70": {"precision": 0.0, "recall": 0.0, "f1-score": 0.0, "support": 1}, "72": {"precision": 0.0, "recall": 0.0, "f1-score": 0.0, "support": 0}, "75": {"precision": 1.0, "recall": 1.0, "f1-score": 1.0, "support": 1}, "78": {"precision": 1.0, "recall": 0.2, "f1-score": 0.33333333333333337, "support": 5}, "80": {"precision": 0.0, "recall": 0.0, "f1-score": 0.0, "support": 1}, "81": {"precision": 0.0, "recall": 0.0, "f1-score": 0.0, "support": 7}, "86": {"precision": 0.0, "recall": 0.0, "f1-score": 0.0, "support": 0}, "89": {"precision": 0.5833333333333334, "recall": 0.7368421052631579, "f1-score": 0.6511627906976745, "support": 19}, "90": {"precision": 0.5, "recall": 1.0, "f1-score": 0.6666666666666666, "support": 1}, "92": {"precision": 0.6923076923076923, "recall": 0.6428571428571429, "f1-score": 0.6666666666666666, "support": 14}, "93": {"precision": 0.84, "recall": 0.9545454545454546, "f1-score": 0.8936170212765958, "support": 22}, "94": {"precision": 0.18181818181818182, "recall": 0.08333333333333333, "f1-score": 0.1142857142857143, "support": 24}, "96": {"precision": 0.6764705882352942, "recall": 0.92, "f1-score": 0.7796610169491526, "support": 25}, "accuracy": 0.29310344827586204, "macro avg": {"precision": 0.26740364284152696, "recall": 0.3042096825388234, "f1-score": 0.2395070138082264, "support": 464}, "weighted avg": {"precision": 0.38492048040091925, "recall": 0.29310344827586204, "f1-score": 0.2721642240003127, "support": 464}}