{"0": {"precision": 1.0, "recall": 0.9375, "f1-score": 0.967741935483871, "support": 16}, "1": {"precision": 0.7777777777777778, "recall": 0.6363636363636364, "f1-score": 0.7000000000000001, "support": 22}, "2": {"precision": 1.0, "recall": 0.75, "f1-score": 0.8571428571428571, "support": 16}, "3": {"precision": 1.0, "recall": 0.9473684210526315, "f1-score": 0.972972972972973, "support": 38}, "4": {"precision": 0.8947368421052632, "recall": 0.8947368421052632, "f1-score": 0.8947368421052632, "support": 38}, "5": {"precision": 1.0, "recall": 0.7037037037037037, "f1-score": 0.8260869565217391, "support": 27}, "6": {"precision": 1.0, "recall": 1.0, "f1-score": 1.0, "support": 16}, "7": {"precision": 0.0, "recall": 0.0, "f1-score": 0.0, "support": 2}, "8": {"precision": 1.0, "recall": 1.0, "f1-score": 1.0, "support": 4}, "9": {"precision": 0.4444444444444444, "recall": 0.5, "f1-score": 0.47058823529411764, "support": 16}, "10": {"precision": 0.46153846153846156, "recall": 0.75, "f1-score": 0.5714285714285714, "support": 16}, "11": {"precision": 0.8571428571428571, "recall": 1.0, "f1-score": 0.923076923076923, "support": 18}, "12": {"precision": 1.0, "recall": 1.0, "f1-score": 1.0, "support": 9}, "13": {"precision": 0.9375, "recall": 0.8823529411764706, "f1-score": 0.9090909090909091, "support": 17}, "14": {"precision": 0.5, "recall": 0.3333333333333333, "f1-score": 0.4, "support": 3}, "15": {"precision": 0.25, "recall": 0.5, "f1-score": 0.3333333333333333, "support": 2}, "16": {"precision": 0.8, "recall": 1.0, "f1-score": 0.888888888888889, "support": 4}, "17": {"precision": 0.8823529411764706, "recall": 1.0, "f1-score": 0.9375, "support": 15}, "accuracy": 0.8351254480286738, "macro avg": {"precision": 0.7669718513436264, "recall": 0.7686310487630578, "f1-score": 0.7584771347410804, "support": 279}, "weighted avg": {"precision": 0.8652623768926742, "recall": 0.8351254480286738, "f1-score": 0.8426609271713364, "support": 279}}