{"0": {"precision": 0.8, "recall": 0.4444444444444444, "f1-score": 0.5714285714285714, "support": 9}, "1": {"precision": 0.028985507246376812, "recall": 0.2222222222222222, "f1-score": 0.05128205128205128, "support": 9}, "2": {"precision": 0.04081632653061224, "recall": 0.5, "f1-score": 0.07547169811320753, "support": 4}, "3": {"precision": 0.0, "recall": 0.0, "f1-score": 0.0, "support": 12}, "4": {"precision": 0.17647058823529413, "recall": 0.42857142857142855, "f1-score": 0.25, "support": 14}, "5": {"precision": 0.0, "recall": 0.0, "f1-score": 0.0, "support": 9}, "6": {"precision": 0.0, "recall": 0.0, "f1-score": 0.0, "support": 12}, "7": {"precision": 0.0, "recall": 0.0, "f1-score": 0.0, "support": 3}, "8": {"precision": 0.0, "recall": 0.0, "f1-score": 0.0, "support": 5}, "9": {"precision": 0.0, "recall": 0.0, "f1-score": 0.0, "support": 16}, "10": {"precision": 0.0, "recall": 0.0, "f1-score": 0.0, "support": 14}, "11": {"precision": 0.0, "recall": 0.0, "f1-score": 0.0, "support": 5}, "12": {"precision": 0.0, "recall": 0.0, "f1-score": 0.0, "support": 11}, "13": {"precision": 0.0, "recall": 0.0, "f1-score": 0.0, "support": 13}, "14": {"precision": 0.0, "recall": 0.0, "f1-score": 0.0, "support": 11}, "15": {"precision": 0.0, "recall": 0.0, "f1-score": 0.0, "support": 13}, "16": {"precision": 0.25, "recall": 0.6666666666666666, "f1-score": 0.36363636363636365, "support": 6}, "27": {"precision": 0.3333333333333333, "recall": 1.0, "f1-score": 0.5, "support": 4}, "28": {"precision": 0.85, "recall": 0.8947368421052632, "f1-score": 0.8717948717948718, "support": 19}, "29": {"precision": 0.8, "recall": 0.8, "f1-score": 0.8000000000000002, "support": 5}, "32": {"precision": 1.0, "recall": 0.4444444444444444, "f1-score": 0.6153846153846153, "support": 45}, "37": {"precision": 0.0, "recall": 0.0, "f1-score": 0.0, "support": 1}, "38": {"precision": 0.8888888888888888, "recall": 1.0, "f1-score": 0.9411764705882353, "support": 8}, "39": {"precision": 1.0, "recall": 1.0, "f1-score": 1.0, "support": 2}, "43": {"precision": 0.4, "recall": 0.5714285714285714, "f1-score": 0.47058823529411764, "support": 7}, "45": {"precision": 0.2857142857142857, "recall": 0.375, "f1-score": 0.3243243243243243, "support": 16}, "47": {"precision": 0.5, "recall": 0.6666666666666666, "f1-score": 0.5714285714285715, "support": 3}, "52": {"precision": 0.16666666666666666, "recall": 1.0, "f1-score": 0.2857142857142857, "support": 1}, "53": {"precision": 0.625, "recall": 1.0, "f1-score": 0.7692307692307693, "support": 5}, "56": {"precision": 1.0, "recall": 0.07692307692307693, "f1-score": 0.14285714285714288, "support": 13}, "60": {"precision": 0.0, "recall": 0.0, "f1-score": 0.0, "support": 1}, "61": {"precision": 0.0, "recall": 0.0, "f1-score": 0.0, "support": 2}, "62": {"precision": 1.0, "recall": 0.4, "f1-score": 0.5714285714285715, "support": 10}, "63": {"precision": 0.0, "recall": 0.0, "f1-score": 0.0, "support": 4}, "65": {"precision": 1.0, "recall": 0.5151515151515151, "f1-score": 0.6799999999999999, "support": 66}, "68": {"precision": 0.0, "recall": 0.0, "f1-score": 0.0, "support": 1}, "70": {"precision": 0.09090909090909091, "recall": 1.0, "f1-score": 0.16666666666666669, "support": 1}, "72": {"precision": 0.2, "recall": 1.0, "f1-score": 0.33333333333333337, "support": 1}, "75": {"precision": 1.0, "recall": 1.0, "f1-score": 1.0, "support": 1}, "78": {"precision": 1.0, "recall": 1.0, "f1-score": 1.0, "support": 3}, "80": {"precision": 0.0, "recall": 0.0, "f1-score": 0.0, "support": 1}, "81": {"precision": 0.5, "recall": 0.8, "f1-score": 0.6153846153846154, "support": 5}, "86": {"precision": 0.0, "recall": 0.0, "f1-score": 0.0, "support": 0}, "87": {"precision": 0.0, "recall": 0.0, "f1-score": 0.0, "support": 1}, "89": {"precision": 0.5625, "recall": 0.6923076923076923, "f1-score": 0.6206896551724138, "support": 13}, "90": {"precision": 0.0, "recall": 0.0, "f1-score": 0.0, "support": 0}, "92": {"precision": 0.8181818181818182, "recall": 0.9, "f1-score": 0.8571428571428572, "support": 10}, "93": {"precision": 1.0, "recall": 1.0, "f1-score": 1.0, "support": 9}, "94": {"precision": 1.0, "recall": 0.21739130434782608, "f1-score": 0.3571428571428571, "support": 23}, "95": {"precision": 0.2, "recall": 1.0, "f1-score": 0.33333333333333337, "support": 1}, "96": {"precision": 1.0, "recall": 0.9375, "f1-score": 0.967741935483871, "support": 16}, "accuracy": 0.4051724137931034, "macro avg": {"precision": 0.36308757854326207, "recall": 0.4226167622603885, "f1-score": 0.33543493717971856, "support": 464}, "weighted avg": {"precision": 0.5578394182368553, "recall": 0.4051724137931034, "f1-score": 0.4211284892986362, "support": 464}}