{"0": {"precision": 0.75, "recall": 0.3333333333333333, "f1-score": 0.46153846153846156, "support": 9}, "1": {"precision": 0.0, "recall": 0.0, "f1-score": 0.0, "support": 9}, "2": {"precision": 0.0, "recall": 0.0, "f1-score": 0.0, "support": 4}, "3": {"precision": 0.16363636363636364, "recall": 0.75, "f1-score": 0.26865671641791045, "support": 12}, "4": {"precision": 0.0, "recall": 0.0, "f1-score": 0.0, "support": 14}, "5": {"precision": 0.0, "recall": 0.0, "f1-score": 0.0, "support": 9}, "6": {"precision": 0.0, "recall": 0.0, "f1-score": 0.0, "support": 12}, "7": {"precision": 0.058823529411764705, "recall": 0.3333333333333333, "f1-score": 0.1, "support": 3}, "8": {"precision": 0.0, "recall": 0.0, "f1-score": 0.0, "support": 5}, "9": {"precision": 0.0, "recall": 0.0, "f1-score": 0.0, "support": 16}, "10": {"precision": 0.0, "recall": 0.0, "f1-score": 0.0, "support": 14}, "11": {"precision": 0.02631578947368421, "recall": 0.2, "f1-score": 0.046511627906976744, "support": 5}, "12": {"precision": 1.0, "recall": 0.09090909090909091, "f1-score": 0.16666666666666669, "support": 11}, "13": {"precision": 0.0, "recall": 0.0, "f1-score": 0.0, "support": 13}, "14": {"precision": 0.0, "recall": 0.0, "f1-score": 0.0, "support": 11}, "15": {"precision": 0.0, "recall": 0.0, "f1-score": 0.0, "support": 13}, "16": {"precision": 0.11538461538461539, "recall": 0.5, "f1-score": 0.1875, "support": 6}, "27": {"precision": 1.0, "recall": 1.0, "f1-score": 1.0, "support": 4}, "28": {"precision": 0.875, "recall": 0.7368421052631579, "f1-score": 0.7999999999999999, "support": 19}, "29": {"precision": 1.0, "recall": 0.2, "f1-score": 0.33333333333333337, "support": 5}, "32": {"precision": 0.8333333333333334, "recall": 0.1111111111111111, "f1-score": 0.19607843137254902, "support": 45}, "37": {"precision": 0.0, "recall": 0.0, "f1-score": 0.0, "support": 1}, "38": {"precision": 1.0, "recall": 1.0, "f1-score": 1.0, "support": 8}, "39": {"precision": 1.0, "recall": 1.0, "f1-score": 1.0, "support": 2}, "43": {"precision": 1.0, "recall": 0.14285714285714285, "f1-score": 0.25, "support": 7}, "45": {"precision": 0.23076923076923078, "recall": 0.5625, "f1-score": 0.32727272727272727, "support": 16}, "47": {"precision": 1.0, "recall": 0.6666666666666666, "f1-score": 0.8, "support": 3}, "52": {"precision": 0.09090909090909091, "recall": 1.0, "f1-score": 0.16666666666666669, "support": 1}, "53": {"precision": 1.0, "recall": 0.2, "f1-score": 0.33333333333333337, "support": 5}, "56": {"precision": 0.2631578947368421, "recall": 0.7692307692307693, "f1-score": 0.392156862745098, "support": 13}, "60": {"precision": 0.0, "recall": 0.0, "f1-score": 0.0, "support": 1}, "61": {"precision": 0.0, "recall": 0.0, "f1-score": 0.0, "support": 2}, "62": {"precision": 1.0, "recall": 0.3, "f1-score": 0.4615384615384615, "support": 10}, "63": {"precision": 0.0, "recall": 0.0, "f1-score": 0.0, "support": 4}, "65": {"precision": 1.0, "recall": 0.3787878787878788, "f1-score": 0.5494505494505494, "support": 66}, "68": {"precision": 0.0, "recall": 0.0, "f1-score": 0.0, "support": 1}, "70": {"precision": 0.0, "recall": 0.0, "f1-score": 0.0, "support": 1}, "72": {"precision": 0.0, "recall": 0.0, "f1-score": 0.0, "support": 1}, "75": {"precision": 0.3333333333333333, "recall": 1.0, "f1-score": 0.5, "support": 1}, "78": {"precision": 1.0, "recall": 0.6666666666666666, "f1-score": 0.8, "support": 3}, "80": {"precision": 1.0, "recall": 1.0, "f1-score": 1.0, "support": 1}, "81": {"precision": 0.0, "recall": 0.0, "f1-score": 0.0, "support": 5}, "86": {"precision": 0.0, "recall": 0.0, "f1-score": 0.0, "support": 0}, "87": {"precision": 0.0, "recall": 0.0, "f1-score": 0.0, "support": 1}, "89": {"precision": 0.9, "recall": 0.6923076923076923, "f1-score": 0.7826086956521738, "support": 13}, "90": {"precision": 0.0, "recall": 0.0, "f1-score": 0.0, "support": 0}, "92": {"precision": 0.5263157894736842, "recall": 1.0, "f1-score": 0.6896551724137931, "support": 10}, "93": {"precision": 0.5, "recall": 1.0, "f1-score": 0.6666666666666666, "support": 9}, "94": {"precision": 0.6363636363636364, "recall": 0.30434782608695654, "f1-score": 0.411764705882353, "support": 23}, "95": {"precision": 0.5, "recall": 1.0, "f1-score": 0.6666666666666666, "support": 1}, "96": {"precision": 0.6956521739130435, "recall": 1.0, "f1-score": 0.8205128205128205, "support": 16}, "accuracy": 0.3448275862068966, "macro avg": {"precision": 0.38233323099487493, "recall": 0.35174301208929015, "f1-score": 0.297619187569357, "support": 464}, "weighted avg": {"precision": 0.5260917083047112, "recall": 0.3448275862068966, "f1-score": 0.3404991296647562, "support": 464}}