{"0": {"precision": 1.0, "recall": 0.42105263157894735, "f1-score": 0.5925925925925926, "support": 19}, "1": {"precision": 0.3142857142857143, "recall": 0.9166666666666666, "f1-score": 0.4680851063829787, "support": 12}, "2": {"precision": 1.0, "recall": 0.7777777777777778, "f1-score": 0.8750000000000001, "support": 18}, "3": {"precision": 0.7592592592592593, "recall": 0.9761904761904762, "f1-score": 0.8541666666666667, "support": 42}, "4": {"precision": 0.8461538461538461, "recall": 0.4074074074074074, "f1-score": 0.5499999999999999, "support": 27}, "5": {"precision": 1.0, "recall": 0.9230769230769231, "f1-score": 0.9600000000000001, "support": 26}, "6": {"precision": 1.0, "recall": 1.0, "f1-score": 1.0, "support": 17}, "7": {"precision": 0.2, "recall": 1.0, "f1-score": 0.33333333333333337, "support": 2}, "8": {"precision": 0.0, "recall": 0.0, "f1-score": 0.0, "support": 1}, "9": {"precision": 0.4, "recall": 0.7142857142857143, "f1-score": 0.5128205128205129, "support": 14}, "10": {"precision": 0.4782608695652174, "recall": 0.5238095238095238, "f1-score": 0.5, "support": 21}, "11": {"precision": 0.96, "recall": 1.0, "f1-score": 0.9795918367346939, "support": 24}, "12": {"precision": 0.9473684210526315, "recall": 1.0, "f1-score": 0.972972972972973, "support": 18}, "13": {"precision": 0.0, "recall": 0.0, "f1-score": 0.0, "support": 16}, "14": {"precision": 0.0, "recall": 0.0, "f1-score": 0.0, "support": 5}, "15": {"precision": 0.0, "recall": 0.0, "f1-score": 0.0, "support": 2}, "16": {"precision": 1.0, "recall": 1.0, "f1-score": 1.0, "support": 3}, "17": {"precision": 1.0, "recall": 0.75, "f1-score": 0.8571428571428571, "support": 12}, "accuracy": 0.7275985663082437, "macro avg": {"precision": 0.6058515616842594, "recall": 0.6339037289329688, "f1-score": 0.5808725488137004, "support": 279}, "weighted avg": {"precision": 0.7514071008827535, "recall": 0.7275985663082437, "f1-score": 0.7095586604403917, "support": 279}}