{"0": {"precision": 1.0, "recall": 1.0, "f1-score": 1.0, "support": 19}, "1": {"precision": 0.7058823529411765, "recall": 0.631578947368421, "f1-score": 0.6666666666666667, "support": 19}, "2": {"precision": 1.0, "recall": 0.8666666666666667, "f1-score": 0.9285714285714286, "support": 15}, "3": {"precision": 1.0, "recall": 0.9444444444444444, "f1-score": 0.9714285714285714, "support": 54}, "4": {"precision": 0.7894736842105263, "recall": 0.967741935483871, "f1-score": 0.8695652173913043, "support": 31}, "5": {"precision": 1.0, "recall": 0.8, "f1-score": 0.888888888888889, "support": 20}, "6": {"precision": 0.875, "recall": 1.0, "f1-score": 0.9333333333333333, "support": 14}, "7": {"precision": 0.375, "recall": 1.0, "f1-score": 0.5454545454545454, "support": 3}, "8": {"precision": 0.5, "recall": 1.0, "f1-score": 0.6666666666666666, "support": 1}, "9": {"precision": 0.23076923076923078, "recall": 0.1875, "f1-score": 0.20689655172413793, "support": 16}, "10": {"precision": 0.375, "recall": 0.5454545454545454, "f1-score": 0.4444444444444444, "support": 11}, "11": {"precision": 1.0, "recall": 1.0, "f1-score": 1.0, "support": 15}, "12": {"precision": 1.0, "recall": 1.0, "f1-score": 1.0, "support": 18}, "13": {"precision": 0.8888888888888888, "recall": 0.8421052631578947, "f1-score": 0.8648648648648649, "support": 19}, "14": {"precision": 0.0, "recall": 0.0, "f1-score": 0.0, "support": 4}, "15": {"precision": 0.0, "recall": 0.0, "f1-score": 0.0, "support": 3}, "16": {"precision": 1.0, "recall": 1.0, "f1-score": 1.0, "support": 3}, "17": {"precision": 0.9333333333333333, "recall": 1.0, "f1-score": 0.9655172413793104, "support": 14}, "accuracy": 0.8387096774193549, "macro avg": {"precision": 0.7040748605635087, "recall": 0.765860655698658, "f1-score": 0.7195721344896757, "support": 279}, "weighted avg": {"precision": 0.8370369611622649, "recall": 0.8387096774193549, "f1-score": 0.8326354299899786, "support": 279}}