{"0": {"precision": 0.8888888888888888, "recall": 1.0, "f1-score": 0.9411764705882353, "support": 16}, "1": {"precision": 0.3157894736842105, "recall": 0.8181818181818182, "f1-score": 0.4556962025316456, "support": 22}, "2": {"precision": 1.0, "recall": 0.75, "f1-score": 0.8571428571428571, "support": 16}, "3": {"precision": 1.0, "recall": 0.42105263157894735, "f1-score": 0.5925925925925926, "support": 38}, "4": {"precision": 0.0, "recall": 0.0, "f1-score": 0.0, "support": 38}, "5": {"precision": 0.9523809523809523, "recall": 0.7407407407407407, "f1-score": 0.8333333333333334, "support": 27}, "6": {"precision": 1.0, "recall": 1.0, "f1-score": 1.0, "support": 16}, "7": {"precision": 0.18181818181818182, "recall": 1.0, "f1-score": 0.3076923076923077, "support": 2}, "8": {"precision": 0.0, "recall": 0.0, "f1-score": 0.0, "support": 4}, "9": {"precision": 0.41935483870967744, "recall": 0.8125, "f1-score": 0.5531914893617021, "support": 16}, "10": {"precision": 0.1794871794871795, "recall": 0.4375, "f1-score": 0.2545454545454545, "support": 16}, "11": {"precision": 1.0, "recall": 1.0, "f1-score": 1.0, "support": 18}, "12": {"precision": 1.0, "recall": 1.0, "f1-score": 1.0, "support": 9}, "13": {"precision": 0.0, "recall": 0.0, "f1-score": 0.0, "support": 17}, "14": {"precision": 0.0, "recall": 0.0, "f1-score": 0.0, "support": 3}, "15": {"precision": 0.0, "recall": 0.0, "f1-score": 0.0, "support": 2}, "16": {"precision": 1.0, "recall": 1.0, "f1-score": 1.0, "support": 4}, "17": {"precision": 0.5384615384615384, "recall": 0.9333333333333333, "f1-score": 0.6829268292682926, "support": 15}, "accuracy": 0.5913978494623656, "macro avg": {"precision": 0.5264545029683683, "recall": 0.6062949179908244, "f1-score": 0.5265720853920235, "support": 279}, "weighted avg": {"precision": 0.5946448318611818, "recall": 0.5913978494623656, "f1-score": 0.5541219439958269, "support": 279}}