{"0": {"precision": 1.0, "recall": 0.9565217391304348, "f1-score": 0.9777777777777777, "support": 23}, "1": {"precision": 0.6923076923076923, "recall": 0.8181818181818182, "f1-score": 0.7500000000000001, "support": 11}, "2": {"precision": 1.0, "recall": 1.0, "f1-score": 1.0, "support": 10}, "3": {"precision": 1.0, "recall": 1.0, "f1-score": 1.0, "support": 44}, "4": {"precision": 0.96875, "recall": 0.9393939393939394, "f1-score": 0.9538461538461539, "support": 33}, "5": {"precision": 0.9285714285714286, "recall": 0.9629629629629629, "f1-score": 0.9454545454545454, "support": 27}, "6": {"precision": 1.0, "recall": 1.0, "f1-score": 1.0, "support": 21}, "7": {"precision": 0.3333333333333333, "recall": 0.3333333333333333, "f1-score": 0.3333333333333333, "support": 3}, "8": {"precision": 1.0, "recall": 1.0, "f1-score": 1.0, "support": 4}, "9": {"precision": 0.38095238095238093, "recall": 0.6153846153846154, "f1-score": 0.47058823529411764, "support": 13}, "10": {"precision": 0.5, "recall": 0.25, "f1-score": 0.3333333333333333, "support": 20}, "11": {"precision": 1.0, "recall": 1.0, "f1-score": 1.0, "support": 21}, "12": {"precision": 0.9333333333333333, "recall": 1.0, "f1-score": 0.9655172413793104, "support": 14}, "13": {"precision": 0.9285714285714286, "recall": 0.8666666666666667, "f1-score": 0.896551724137931, "support": 15}, "14": {"precision": 0.25, "recall": 0.5, "f1-score": 0.3333333333333333, "support": 2}, "15": {"precision": 0.0, "recall": 0.0, "f1-score": 0.0, "support": 2}, "16": {"precision": 0.5, "recall": 1.0, "f1-score": 0.6666666666666666, "support": 1}, "17": {"precision": 1.0, "recall": 1.0, "f1-score": 1.0, "support": 15}, "accuracy": 0.8817204301075269, "macro avg": {"precision": 0.745323310948311, "recall": 0.7912469486140984, "f1-score": 0.7570223524753612, "support": 279}, "weighted avg": {"precision": 0.8838823736001156, "recall": 0.8817204301075269, "f1-score": 0.8775134372519267, "support": 279}}