{"0": {"precision": 1.0, "recall": 1.0, "f1-score": 1.0, "support": 19}, "1": {"precision": 0.2972972972972973, "recall": 0.9166666666666666, "f1-score": 0.4489795918367347, "support": 12}, "2": {"precision": 1.0, "recall": 1.0, "f1-score": 1.0, "support": 18}, "3": {"precision": 1.0, "recall": 0.9761904761904762, "f1-score": 0.9879518072289156, "support": 42}, "4": {"precision": 0.7692307692307693, "recall": 0.37037037037037035, "f1-score": 0.5, "support": 27}, "5": {"precision": 0.9523809523809523, "recall": 0.7692307692307693, "f1-score": 0.8510638297872339, "support": 26}, "6": {"precision": 1.0, "recall": 1.0, "f1-score": 1.0, "support": 17}, "7": {"precision": 0.18181818181818182, "recall": 1.0, "f1-score": 0.3076923076923077, "support": 2}, "8": {"precision": 0.0, "recall": 0.0, "f1-score": 0.0, "support": 1}, "9": {"precision": 0.5, "recall": 0.7857142857142857, "f1-score": 0.6111111111111112, "support": 14}, "10": {"precision": 0.5416666666666666, "recall": 0.6190476190476191, "f1-score": 0.5777777777777778, "support": 21}, "11": {"precision": 1.0, "recall": 1.0, "f1-score": 1.0, "support": 24}, "12": {"precision": 0.9444444444444444, "recall": 0.9444444444444444, "f1-score": 0.9444444444444444, "support": 18}, "13": {"precision": 1.0, "recall": 0.125, "f1-score": 0.2222222222222222, "support": 16}, "14": {"precision": 0.0, "recall": 0.0, "f1-score": 0.0, "support": 5}, "15": {"precision": 0.0, "recall": 0.0, "f1-score": 0.0, "support": 2}, "16": {"precision": 1.0, "recall": 1.0, "f1-score": 1.0, "support": 3}, "17": {"precision": 1.0, "recall": 0.75, "f1-score": 0.8571428571428571, "support": 12}, "accuracy": 0.7777777777777778, "macro avg": {"precision": 0.6770465728799062, "recall": 0.6809258128702572, "f1-score": 0.6282436638468669, "support": 279}, "weighted avg": {"precision": 0.84529512352093, "recall": 0.7777777777777778, "f1-score": 0.7729567524217443, "support": 279}}