{"0": {"precision": 0.7777777777777778, "recall": 0.4375, "f1-score": 0.56, "support": 16}, "1": {"precision": 0.4, "recall": 0.26666666666666666, "f1-score": 0.32, "support": 15}, "2": {"precision": 0.0, "recall": 0.0, "f1-score": 0.0, "support": 3}, "3": {"precision": 0.35714285714285715, "recall": 0.29411764705882354, "f1-score": 0.3225806451612903, "support": 17}, "4": {"precision": 0.2, "recall": 0.375, "f1-score": 0.26086956521739135, "support": 8}, "5": {"precision": 0.2, "recall": 0.42857142857142855, "f1-score": 0.27272727272727276, "support": 14}, "6": {"precision": 0.043478260869565216, "recall": 0.1, "f1-score": 0.06060606060606061, "support": 10}, "7": {"precision": 0.0, "recall": 0.0, "f1-score": 0.0, "support": 2}, "8": {"precision": 0.2, "recall": 0.3333333333333333, "f1-score": 0.25, "support": 6}, "9": {"precision": 0.3333333333333333, "recall": 0.08333333333333333, "f1-score": 0.13333333333333333, "support": 12}, "10": {"precision": 0.1, "recall": 0.08333333333333333, "f1-score": 0.0909090909090909, "support": 12}, "11": {"precision": 0.0, "recall": 0.0, "f1-score": 0.0, "support": 8}, "12": {"precision": 0.3333333333333333, "recall": 0.5, "f1-score": 0.4, "support": 6}, "13": {"precision": 0.2, "recall": 0.07142857142857142, "f1-score": 0.10526315789473682, "support": 14}, "14": {"precision": 0.0, "recall": 0.0, "f1-score": 0.0, "support": 7}, "15": {"precision": 0.15384615384615385, "recall": 0.2, "f1-score": 0.17391304347826086, "support": 10}, "16": {"precision": 0.3333333333333333, "recall": 0.6666666666666666, "f1-score": 0.4444444444444444, "support": 3}, "27": {"precision": 0.5, "recall": 1.0, "f1-score": 0.6666666666666666, "support": 9}, "28": {"precision": 0.3333333333333333, "recall": 0.15384615384615385, "f1-score": 0.21052631578947367, "support": 13}, "29": {"precision": 0.42857142857142855, "recall": 0.6, "f1-score": 0.5, "support": 5}, "32": {"precision": 0.6153846153846154, "recall": 0.23529411764705882, "f1-score": 0.3404255319148936, "support": 34}, "37": {"precision": 0.0, "recall": 0.0, "f1-score": 0.0, "support": 0}, "38": {"precision": 1.0, "recall": 0.8888888888888888, "f1-score": 0.9411764705882353, "support": 9}, "39": {"precision": 0.8, "recall": 1.0, "f1-score": 0.888888888888889, "support": 4}, "43": {"precision": 1.0, "recall": 0.5, "f1-score": 0.6666666666666666, "support": 2}, "45": {"precision": 0.14285714285714285, "recall": 0.047619047619047616, "f1-score": 0.07142857142857142, "support": 21}, "47": {"precision": 0.2857142857142857, "recall": 0.4, "f1-score": 0.3333333333333333, "support": 5}, "53": {"precision": 1.0, "recall": 0.8571428571428571, "f1-score": 0.923076923076923, "support": 7}, "56": {"precision": 0.5, "recall": 0.16666666666666666, "f1-score": 0.25, "support": 12}, "60": {"precision": 0.16666666666666666, "recall": 0.3333333333333333, "f1-score": 0.2222222222222222, "support": 3}, "61": {"precision": 0.0, "recall": 0.0, "f1-score": 0.0, "support": 5}, "62": {"precision": 0.38461538461538464, "recall": 0.625, "f1-score": 0.4761904761904762, "support": 8}, "63": {"precision": 0.2727272727272727, "recall": 1.0, "f1-score": 0.42857142857142855, "support": 3}, "65": {"precision": 0.8181818181818182, "recall": 0.2, "f1-score": 0.32142857142857145, "support": 45}, "68": {"precision": 0.0, "recall": 0.0, "f1-score": 0.0, "support": 2}, "70": {"precision": 0.0, "recall": 0.0, "f1-score": 0.0, "support": 1}, "72": {"precision": 0.5, "recall": 0.5, "f1-score": 0.5, "support": 2}, "75": {"precision": 0.75, "recall": 1.0, "f1-score": 0.8571428571428571, "support": 3}, "78": {"precision": 1.0, "recall": 1.0, "f1-score": 1.0, "support": 1}, "81": {"precision": 0.09090909090909091, "recall": 0.2, "f1-score": 0.12500000000000003, "support": 5}, "86": {"precision": 1.0, "recall": 1.0, "f1-score": 1.0, "support": 1}, "87": {"precision": 1.0, "recall": 0.5, "f1-score": 0.6666666666666666, "support": 2}, "89": {"precision": 0.4583333333333333, "recall": 0.7333333333333333, "f1-score": 0.5641025641025641, "support": 15}, "90": {"precision": 1.0, "recall": 1.0, "f1-score": 1.0, "support": 1}, "92": {"precision": 0.8888888888888888, "recall": 1.0, "f1-score": 0.9411764705882353, "support": 16}, "93": {"precision": 0.9333333333333333, "recall": 1.0, "f1-score": 0.9655172413793104, "support": 14}, "94": {"precision": 0.9166666666666666, "recall": 0.34375, "f1-score": 0.5, "support": 32}, "95": {"precision": 0.125, "recall": 1.0, "f1-score": 0.2222222222222222, "support": 1}, "96": {"precision": 0.9523809523809523, "recall": 1.0, "f1-score": 0.975609756097561, "support": 20}, "accuracy": 0.39655172413793105, "macro avg": {"precision": 0.4386899849632769, "recall": 0.45152704854835707, "f1-score": 0.40719768283138064, "support": 464}, "weighted avg": {"precision": 0.5155272185959967, "recall": 0.39655172413793105, "f1-score": 0.40348942353754075, "support": 464}}