{"0": {"precision": 0.5384615384615384, "recall": 0.4375, "f1-score": 0.4827586206896552, "support": 16}, "1": {"precision": 0.056818181818181816, "recall": 0.3333333333333333, "f1-score": 0.09708737864077668, "support": 15}, "2": {"precision": 0.0, "recall": 0.0, "f1-score": 0.0, "support": 3}, "3": {"precision": 0.0, "recall": 0.0, "f1-score": 0.0, "support": 17}, "4": {"precision": 0.14285714285714285, "recall": 0.5, "f1-score": 0.22222222222222224, "support": 8}, "5": {"precision": 0.07692307692307693, "recall": 0.2857142857142857, "f1-score": 0.12121212121212123, "support": 14}, "6": {"precision": 0.0, "recall": 0.0, "f1-score": 0.0, "support": 10}, "7": {"precision": 0.0, "recall": 0.0, "f1-score": 0.0, "support": 2}, "8": {"precision": 0.0, "recall": 0.0, "f1-score": 0.0, "support": 6}, "9": {"precision": 0.5, "recall": 0.08333333333333333, "f1-score": 0.14285714285714285, "support": 12}, "10": {"precision": 0.0, "recall": 0.0, "f1-score": 0.0, "support": 12}, "11": {"precision": 0.0, "recall": 0.0, "f1-score": 0.0, "support": 8}, "12": {"precision": 0.06666666666666667, "recall": 0.16666666666666666, "f1-score": 0.09523809523809522, "support": 6}, "13": {"precision": 0.0, "recall": 0.0, "f1-score": 0.0, "support": 14}, "14": {"precision": 0.0, "recall": 0.0, "f1-score": 0.0, "support": 7}, "15": {"precision": 0.0, "recall": 0.0, "f1-score": 0.0, "support": 10}, "16": {"precision": 0.18181818181818182, "recall": 0.6666666666666666, "f1-score": 0.28571428571428575, "support": 3}, "27": {"precision": 0.375, "recall": 1.0, "f1-score": 0.5454545454545454, "support": 9}, "28": {"precision": 0.0, "recall": 0.0, "f1-score": 0.0, "support": 13}, "29": {"precision": 0.0, "recall": 0.0, "f1-score": 0.0, "support": 5}, "32": {"precision": 1.0, "recall": 0.2647058823529412, "f1-score": 0.4186046511627907, "support": 34}, "37": {"precision": 0.0, "recall": 0.0, "f1-score": 0.0, "support": 0}, "38": {"precision": 0.8888888888888888, "recall": 0.8888888888888888, "f1-score": 0.8888888888888888, "support": 9}, "39": {"precision": 0.3333333333333333, "recall": 1.0, "f1-score": 0.5, "support": 4}, "43": {"precision": 0.0, "recall": 0.0, "f1-score": 0.0, "support": 2}, "45": {"precision": 0.6666666666666666, "recall": 0.09523809523809523, "f1-score": 0.16666666666666666, "support": 21}, "47": {"precision": 0.0, "recall": 0.0, "f1-score": 0.0, "support": 5}, "53": {"precision": 0.8571428571428571, "recall": 0.8571428571428571, "f1-score": 0.8571428571428571, "support": 7}, "56": {"precision": 0.0, "recall": 0.0, "f1-score": 0.0, "support": 12}, "60": {"precision": 0.0, "recall": 0.0, "f1-score": 0.0, "support": 3}, "61": {"precision": 0.0, "recall": 0.0, "f1-score": 0.0, "support": 5}, "62": {"precision": 0.2, "recall": 0.125, "f1-score": 0.15384615384615385, "support": 8}, "63": {"precision": 0.0, "recall": 0.0, "f1-score": 0.0, "support": 3}, "65": {"precision": 0.8, "recall": 0.08888888888888889, "f1-score": 0.15999999999999998, "support": 45}, "68": {"precision": 0.0, "recall": 0.0, "f1-score": 0.0, "support": 2}, "70": {"precision": 0.0, "recall": 0.0, "f1-score": 0.0, "support": 1}, "72": {"precision": 0.5, "recall": 0.5, "f1-score": 0.5, "support": 2}, "75": {"precision": 0.5, "recall": 1.0, "f1-score": 0.6666666666666666, "support": 3}, "78": {"precision": 0.0, "recall": 0.0, "f1-score": 0.0, "support": 1}, "80": {"precision": 0.0, "recall": 0.0, "f1-score": 0.0, "support": 0}, "81": {"precision": 0.3333333333333333, "recall": 0.2, "f1-score": 0.25, "support": 5}, "86": {"precision": 1.0, "recall": 1.0, "f1-score": 1.0, "support": 1}, "87": {"precision": 0.0, "recall": 0.0, "f1-score": 0.0, "support": 2}, "89": {"precision": 0.0, "recall": 0.0, "f1-score": 0.0, "support": 15}, "90": {"precision": 0.5, "recall": 1.0, "f1-score": 0.6666666666666666, "support": 1}, "92": {"precision": 0.6, "recall": 0.375, "f1-score": 0.4615384615384615, "support": 16}, "93": {"precision": 0.8235294117647058, "recall": 1.0, "f1-score": 0.9032258064516129, "support": 14}, "94": {"precision": 0.8333333333333334, "recall": 0.15625, "f1-score": 0.2631578947368421, "support": 32}, "95": {"precision": 0.0, "recall": 0.0, "f1-score": 0.0, "support": 1}, "96": {"precision": 0.85, "recall": 0.85, "f1-score": 0.85, "support": 20}, "accuracy": 0.25, "macro avg": {"precision": 0.2524954522601581, "recall": 0.2574865779645191, "f1-score": 0.21397898251592903, "support": 464}, "weighted avg": {"precision": 0.4168189020242773, "recall": 0.25, "f1-score": 0.24620251612247707, "support": 464}}