{"0": {"precision": 0.6428571428571429, "recall": 1.0, "f1-score": 0.782608695652174, "support": 9}, "1": {"precision": 0.11538461538461539, "recall": 0.3333333333333333, "f1-score": 0.17142857142857146, "support": 9}, "2": {"precision": 0.0, "recall": 0.0, "f1-score": 0.0, "support": 4}, "3": {"precision": 0.08333333333333333, "recall": 0.08333333333333333, "f1-score": 0.08333333333333333, "support": 12}, "4": {"precision": 0.3333333333333333, "recall": 0.14285714285714285, "f1-score": 0.2, "support": 14}, "5": {"precision": 0.14285714285714285, "recall": 0.1111111111111111, "f1-score": 0.125, "support": 9}, "6": {"precision": 0.125, "recall": 0.16666666666666666, "f1-score": 0.14285714285714288, "support": 12}, "7": {"precision": 0.0, "recall": 0.0, "f1-score": 0.0, "support": 3}, "8": {"precision": 0.0, "recall": 0.0, "f1-score": 0.0, "support": 5}, "9": {"precision": 0.0, "recall": 0.0, "f1-score": 0.0, "support": 16}, "10": {"precision": 0.16666666666666666, "recall": 0.14285714285714285, "f1-score": 0.15384615384615383, "support": 14}, "11": {"precision": 0.0, "recall": 0.0, "f1-score": 0.0, "support": 5}, "12": {"precision": 0.0, "recall": 0.0, "f1-score": 0.0, "support": 11}, "13": {"precision": 0.26666666666666666, "recall": 0.3076923076923077, "f1-score": 0.28571428571428575, "support": 13}, "14": {"precision": 0.375, "recall": 0.2727272727272727, "f1-score": 0.3157894736842105, "support": 11}, "15": {"precision": 0.16666666666666666, "recall": 0.15384615384615385, "f1-score": 0.16, "support": 13}, "16": {"precision": 0.25, "recall": 0.6666666666666666, "f1-score": 0.36363636363636365, "support": 6}, "27": {"precision": 0.4444444444444444, "recall": 1.0, "f1-score": 0.6153846153846153, "support": 4}, "28": {"precision": 0.9333333333333333, "recall": 0.7368421052631579, "f1-score": 0.8235294117647058, "support": 19}, "29": {"precision": 1.0, "recall": 0.6, "f1-score": 0.7499999999999999, "support": 5}, "32": {"precision": 1.0, "recall": 0.5111111111111111, "f1-score": 0.676470588235294, "support": 45}, "37": {"precision": 0.0, "recall": 0.0, "f1-score": 0.0, "support": 1}, "38": {"precision": 0.8888888888888888, "recall": 1.0, "f1-score": 0.9411764705882353, "support": 8}, "39": {"precision": 1.0, "recall": 1.0, "f1-score": 1.0, "support": 2}, "43": {"precision": 1.0, "recall": 0.42857142857142855, "f1-score": 0.6, "support": 7}, "45": {"precision": 0.37037037037037035, "recall": 0.625, "f1-score": 0.4651162790697674, "support": 16}, "47": {"precision": 0.75, "recall": 1.0, "f1-score": 0.8571428571428571, "support": 3}, "52": {"precision": 0.16666666666666666, "recall": 1.0, "f1-score": 0.2857142857142857, "support": 1}, "53": {"precision": 1.0, "recall": 1.0, "f1-score": 1.0, "support": 5}, "56": {"precision": 0.55, "recall": 0.8461538461538461, "f1-score": 0.6666666666666667, "support": 13}, "60": {"precision": 0.0, "recall": 0.0, "f1-score": 0.0, "support": 1}, "61": {"precision": 0.0, "recall": 0.0, "f1-score": 0.0, "support": 2}, "62": {"precision": 0.46153846153846156, "recall": 0.6, "f1-score": 0.5217391304347826, "support": 10}, "63": {"precision": 0.5714285714285714, "recall": 1.0, "f1-score": 0.7272727272727273, "support": 4}, "65": {"precision": 1.0, "recall": 0.5303030303030303, "f1-score": 0.693069306930693, "support": 66}, "68": {"precision": 0.5, "recall": 1.0, "f1-score": 0.6666666666666666, "support": 1}, "70": {"precision": 0.125, "recall": 1.0, "f1-score": 0.2222222222222222, "support": 1}, "72": {"precision": 0.5, "recall": 1.0, "f1-score": 0.6666666666666666, "support": 1}, "75": {"precision": 0.25, "recall": 1.0, "f1-score": 0.4, "support": 1}, "78": {"precision": 1.0, "recall": 1.0, "f1-score": 1.0, "support": 3}, "80": {"precision": 0.0, "recall": 0.0, "f1-score": 0.0, "support": 1}, "81": {"precision": 0.3333333333333333, "recall": 0.6, "f1-score": 0.42857142857142855, "support": 5}, "87": {"precision": 0.0, "recall": 0.0, "f1-score": 0.0, "support": 1}, "89": {"precision": 0.6428571428571429, "recall": 0.6923076923076923, "f1-score": 0.6666666666666666, "support": 13}, "92": {"precision": 0.7142857142857143, "recall": 1.0, "f1-score": 0.8333333333333333, "support": 10}, "93": {"precision": 0.9, "recall": 1.0, "f1-score": 0.9473684210526316, "support": 9}, "94": {"precision": 1.0, "recall": 0.21739130434782608, "f1-score": 0.3571428571428571, "support": 23}, "95": {"precision": 0.16666666666666666, "recall": 1.0, "f1-score": 0.2857142857142857, "support": 1}, "96": {"precision": 0.8333333333333334, "recall": 0.9375, "f1-score": 0.8823529411764706, "support": 16}, "accuracy": 0.4827586206896552, "macro avg": {"precision": 0.42387576520229575, "recall": 0.5246177887581474, "f1-score": 0.4237592213993897, "support": 464}, "weighted avg": {"precision": 0.5905728530728531, "recall": 0.4827586206896552, "f1-score": 0.49124039419256676, "support": 464}}