{"0": {"precision": 1.0, "recall": 0.9565217391304348, "f1-score": 0.9777777777777777, "support": 23}, "1": {"precision": 0.6428571428571429, "recall": 0.8181818181818182, "f1-score": 0.7200000000000001, "support": 11}, "2": {"precision": 1.0, "recall": 1.0, "f1-score": 1.0, "support": 10}, "3": {"precision": 1.0, "recall": 0.9545454545454546, "f1-score": 0.9767441860465117, "support": 44}, "4": {"precision": 0.967741935483871, "recall": 0.9090909090909091, "f1-score": 0.9374999999999999, "support": 33}, "5": {"precision": 0.9629629629629629, "recall": 0.9629629629629629, "f1-score": 0.9629629629629629, "support": 27}, "6": {"precision": 1.0, "recall": 1.0, "f1-score": 1.0, "support": 21}, "7": {"precision": 0.0, "recall": 0.0, "f1-score": 0.0, "support": 3}, "8": {"precision": 1.0, "recall": 0.25, "f1-score": 0.4, "support": 4}, "9": {"precision": 0.375, "recall": 0.9230769230769231, "f1-score": 0.5333333333333333, "support": 13}, "10": {"precision": 1.0, "recall": 0.15, "f1-score": 0.2608695652173913, "support": 20}, "11": {"precision": 1.0, "recall": 1.0, "f1-score": 1.0, "support": 21}, "12": {"precision": 0.9333333333333333, "recall": 1.0, "f1-score": 0.9655172413793104, "support": 14}, "13": {"precision": 0.9090909090909091, "recall": 0.6666666666666666, "f1-score": 0.7692307692307692, "support": 15}, "14": {"precision": 0.2857142857142857, "recall": 1.0, "f1-score": 0.4444444444444445, "support": 2}, "15": {"precision": 0.0, "recall": 0.0, "f1-score": 0.0, "support": 2}, "16": {"precision": 0.5, "recall": 1.0, "f1-score": 0.6666666666666666, "support": 1}, "17": {"precision": 1.0, "recall": 1.0, "f1-score": 1.0, "support": 15}, "accuracy": 0.8566308243727598, "macro avg": {"precision": 0.7542611427468058, "recall": 0.7550581374252872, "f1-score": 0.7008359415032871, "support": 279}, "weighted avg": {"precision": 0.9163310799887282, "recall": 0.8566308243727598, "f1-score": 0.8519179791610896, "support": 279}}