{"0": {"precision": 0.6190476190476191, "recall": 0.9285714285714286, "f1-score": 0.742857142857143, "support": 14}, "1": {"precision": 0.05454545454545454, "recall": 0.375, "f1-score": 0.09523809523809523, "support": 8}, "2": {"precision": 0.013513513513513514, "recall": 0.3333333333333333, "f1-score": 0.025974025974025972, "support": 3}, "3": {"precision": 0.0, "recall": 0.0, "f1-score": 0.0, "support": 15}, "4": {"precision": 0.0, "recall": 0.0, "f1-score": 0.0, "support": 10}, "5": {"precision": 0.0, "recall": 0.0, "f1-score": 0.0, "support": 12}, "6": {"precision": 0.0, "recall": 0.0, "f1-score": 0.0, "support": 15}, "7": {"precision": 0.0, "recall": 0.0, "f1-score": 0.0, "support": 3}, "9": {"precision": 0.0, "recall": 0.0, "f1-score": 0.0, "support": 14}, "10": {"precision": 0.0, "recall": 0.0, "f1-score": 0.0, "support": 7}, "11": {"precision": 0.0, "recall": 0.0, "f1-score": 0.0, "support": 13}, "12": {"precision": 0.375, "recall": 0.21428571428571427, "f1-score": 0.2727272727272727, "support": 14}, "13": {"precision": 0.0, "recall": 0.0, "f1-score": 0.0, "support": 8}, "14": {"precision": 0.0, "recall": 0.0, "f1-score": 0.0, "support": 10}, "15": {"precision": 0.0, "recall": 0.0, "f1-score": 0.0, "support": 14}, "16": {"precision": 0.1, "recall": 0.3333333333333333, "f1-score": 0.15384615384615383, "support": 3}, "27": {"precision": 0.75, "recall": 1.0, "f1-score": 0.8571428571428571, "support": 3}, "28": {"precision": 0.631578947368421, "recall": 0.7058823529411765, "f1-score": 0.6666666666666667, "support": 17}, "29": {"precision": 0.3333333333333333, "recall": 1.0, "f1-score": 0.5, "support": 3}, "32": {"precision": 0.9565217391304348, "recall": 0.5789473684210527, "f1-score": 0.721311475409836, "support": 38}, "38": {"precision": 0.625, "recall": 1.0, "f1-score": 0.7692307692307693, "support": 5}, "39": {"precision": 1.0, "recall": 1.0, "f1-score": 1.0, "support": 2}, "43": {"precision": 1.0, "recall": 1.0, "f1-score": 1.0, "support": 4}, "45": {"precision": 0.15789473684210525, "recall": 0.17647058823529413, "f1-score": 0.16666666666666669, "support": 17}, "47": {"precision": 1.0, "recall": 0.5, "f1-score": 0.6666666666666666, "support": 2}, "52": {"precision": 0.0, "recall": 0.0, "f1-score": 0.0, "support": 1}, "53": {"precision": 1.0, "recall": 1.0, "f1-score": 1.0, "support": 7}, "56": {"precision": 0.0, "recall": 0.0, "f1-score": 0.0, "support": 10}, "60": {"precision": 0.5, "recall": 0.5, "f1-score": 0.5, "support": 4}, "61": {"precision": 1.0, "recall": 0.6666666666666666, "f1-score": 0.8, "support": 3}, "62": {"precision": 1.0, "recall": 0.1, "f1-score": 0.18181818181818182, "support": 10}, "63": {"precision": 0.2857142857142857, "recall": 1.0, "f1-score": 0.4444444444444445, "support": 2}, "65": {"precision": 0.9, "recall": 0.34615384615384615, "f1-score": 0.5, "support": 52}, "68": {"precision": 0.0, "recall": 0.0, "f1-score": 0.0, "support": 1}, "70": {"precision": 0.0, "recall": 0.0, "f1-score": 0.0, "support": 1}, "72": {"precision": 0.0, "recall": 0.0, "f1-score": 0.0, "support": 0}, "75": {"precision": 0.2, "recall": 1.0, "f1-score": 0.33333333333333337, "support": 1}, "78": {"precision": 1.0, "recall": 1.0, "f1-score": 1.0, "support": 5}, "80": {"precision": 0.0, "recall": 0.0, "f1-score": 0.0, "support": 1}, "81": {"precision": 0.21739130434782608, "recall": 0.7142857142857143, "f1-score": 0.3333333333333333, "support": 7}, "89": {"precision": 0.7368421052631579, "recall": 0.7368421052631579, "f1-score": 0.7368421052631579, "support": 19}, "90": {"precision": 1.0, "recall": 1.0, "f1-score": 1.0, "support": 1}, "92": {"precision": 0.75, "recall": 0.6428571428571429, "f1-score": 0.6923076923076924, "support": 14}, "93": {"precision": 0.6666666666666666, "recall": 1.0, "f1-score": 0.8, "support": 22}, "94": {"precision": 0.6666666666666666, "recall": 0.25, "f1-score": 0.36363636363636365, "support": 24}, "96": {"precision": 0.875, "recall": 0.84, "f1-score": 0.8571428571428572, "support": 25}, "accuracy": 0.41379310344827586, "macro avg": {"precision": 0.4003199211399888, "recall": 0.4335354259640839, "f1-score": 0.37350404573272866, "support": 464}, "weighted avg": {"precision": 0.5020954395056818, "recall": 0.41379310344827586, "f1-score": 0.4150190836736909, "support": 464}}