{"0": {"precision": 0.6666666666666666, "recall": 0.42857142857142855, "f1-score": 0.5217391304347826, "support": 14}, "1": {"precision": 0.29411764705882354, "recall": 0.625, "f1-score": 0.4, "support": 8}, "2": {"precision": 0.125, "recall": 1.0, "f1-score": 0.2222222222222222, "support": 3}, "3": {"precision": 0.2857142857142857, "recall": 0.4, "f1-score": 0.3333333333333333, "support": 15}, "4": {"precision": 0.16666666666666666, "recall": 0.1, "f1-score": 0.125, "support": 10}, "5": {"precision": 0.2857142857142857, "recall": 0.16666666666666666, "f1-score": 0.2105263157894737, "support": 12}, "6": {"precision": 0.0, "recall": 0.0, "f1-score": 0.0, "support": 15}, "7": {"precision": 0.045454545454545456, "recall": 0.3333333333333333, "f1-score": 0.08, "support": 3}, "8": {"precision": 0.0, "recall": 0.0, "f1-score": 0.0, "support": 0}, "9": {"precision": 0.16666666666666666, "recall": 0.07142857142857142, "f1-score": 0.1, "support": 14}, "10": {"precision": 0.125, "recall": 0.14285714285714285, "f1-score": 0.13333333333333333, "support": 7}, "11": {"precision": 0.125, "recall": 0.15384615384615385, "f1-score": 0.13793103448275862, "support": 13}, "12": {"precision": 0.4, "recall": 0.14285714285714285, "f1-score": 0.21052631578947364, "support": 14}, "13": {"precision": 0.0, "recall": 0.0, "f1-score": 0.0, "support": 8}, "14": {"precision": 0.0, "recall": 0.0, "f1-score": 0.0, "support": 10}, "15": {"precision": 0.4166666666666667, "recall": 0.35714285714285715, "f1-score": 0.3846153846153846, "support": 14}, "16": {"precision": 0.04, "recall": 0.3333333333333333, "f1-score": 0.07142857142857142, "support": 3}, "27": {"precision": 0.6, "recall": 1.0, "f1-score": 0.7499999999999999, "support": 3}, "28": {"precision": 0.0, "recall": 0.0, "f1-score": 0.0, "support": 17}, "29": {"precision": 0.0, "recall": 0.0, "f1-score": 0.0, "support": 3}, "32": {"precision": 0.6666666666666666, "recall": 0.15789473684210525, "f1-score": 0.25531914893617025, "support": 38}, "38": {"precision": 1.0, "recall": 1.0, "f1-score": 1.0, "support": 5}, "39": {"precision": 0.125, "recall": 1.0, "f1-score": 0.2222222222222222, "support": 2}, "43": {"precision": 0.2857142857142857, "recall": 0.5, "f1-score": 0.36363636363636365, "support": 4}, "45": {"precision": 0.625, "recall": 0.29411764705882354, "f1-score": 0.4, "support": 17}, "47": {"precision": 0.0, "recall": 0.0, "f1-score": 0.0, "support": 2}, "52": {"precision": 0.0, "recall": 0.0, "f1-score": 0.0, "support": 1}, "53": {"precision": 1.0, "recall": 1.0, "f1-score": 1.0, "support": 7}, "56": {"precision": 0.42857142857142855, "recall": 0.3, "f1-score": 0.3529411764705882, "support": 10}, "60": {"precision": 0.0, "recall": 0.0, "f1-score": 0.0, "support": 4}, "61": {"precision": 0.4, "recall": 0.6666666666666666, "f1-score": 0.5, "support": 3}, "62": {"precision": 0.0, "recall": 0.0, "f1-score": 0.0, "support": 10}, "63": {"precision": 0.1, "recall": 0.5, "f1-score": 0.16666666666666669, "support": 2}, "65": {"precision": 0.7058823529411765, "recall": 0.23076923076923078, "f1-score": 0.3478260869565218, "support": 52}, "68": {"precision": 0.0, "recall": 0.0, "f1-score": 0.0, "support": 1}, "70": {"precision": 0.0, "recall": 0.0, "f1-score": 0.0, "support": 1}, "72": {"precision": 0.0, "recall": 0.0, "f1-score": 0.0, "support": 0}, "75": {"precision": 1.0, "recall": 1.0, "f1-score": 1.0, "support": 1}, "78": {"precision": 0.8, "recall": 0.8, "f1-score": 0.8000000000000002, "support": 5}, "80": {"precision": 0.0, "recall": 0.0, "f1-score": 0.0, "support": 1}, "81": {"precision": 0.0, "recall": 0.0, "f1-score": 0.0, "support": 7}, "86": {"precision": 0.0, "recall": 0.0, "f1-score": 0.0, "support": 0}, "89": {"precision": 0.7, "recall": 0.7368421052631579, "f1-score": 0.717948717948718, "support": 19}, "90": {"precision": 0.2, "recall": 1.0, "f1-score": 0.33333333333333337, "support": 1}, "92": {"precision": 0.6666666666666666, "recall": 1.0, "f1-score": 0.8, "support": 14}, "93": {"precision": 0.9565217391304348, "recall": 1.0, "f1-score": 0.9777777777777777, "support": 22}, "94": {"precision": 0.25, "recall": 0.08333333333333333, "f1-score": 0.125, "support": 24}, "96": {"precision": 0.9130434782608695, "recall": 0.84, "f1-score": 0.8749999999999999, "support": 25}, "accuracy": 0.35129310344827586, "macro avg": {"precision": 0.3034527926783362, "recall": 0.36176375729104054, "f1-score": 0.289965148653702, "support": 464}, "weighted avg": {"precision": 0.4508856527141318, "recall": 0.35129310344827586, "f1-score": 0.35672699536121344, "support": 464}}