{"0": {"precision": 1.0, "recall": 0.6086956521739131, "f1-score": 0.7567567567567568, "support": 23}, "1": {"precision": 0.34615384615384615, "recall": 0.8181818181818182, "f1-score": 0.4864864864864865, "support": 11}, "2": {"precision": 1.0, "recall": 0.7, "f1-score": 0.8235294117647058, "support": 10}, "3": {"precision": 0.6086956521739131, "recall": 0.3181818181818182, "f1-score": 0.41791044776119407, "support": 44}, "4": {"precision": 0.46153846153846156, "recall": 0.5454545454545454, "f1-score": 0.4999999999999999, "support": 33}, "5": {"precision": 0.9583333333333334, "recall": 0.8518518518518519, "f1-score": 0.9019607843137256, "support": 27}, "6": {"precision": 1.0, "recall": 1.0, "f1-score": 1.0, "support": 21}, "7": {"precision": 0.3, "recall": 1.0, "f1-score": 0.4615384615384615, "support": 3}, "8": {"precision": 0.14285714285714285, "recall": 0.25, "f1-score": 0.18181818181818182, "support": 4}, "9": {"precision": 0.5714285714285714, "recall": 0.9230769230769231, "f1-score": 0.7058823529411765, "support": 13}, "10": {"precision": 0.5, "recall": 0.2, "f1-score": 0.28571428571428575, "support": 20}, "11": {"precision": 0.9545454545454546, "recall": 1.0, "f1-score": 0.9767441860465117, "support": 21}, "12": {"precision": 0.9333333333333333, "recall": 1.0, "f1-score": 0.9655172413793104, "support": 14}, "13": {"precision": 0.0, "recall": 0.0, "f1-score": 0.0, "support": 15}, "14": {"precision": 0.0, "recall": 0.0, "f1-score": 0.0, "support": 2}, "15": {"precision": 0.0, "recall": 0.0, "f1-score": 0.0, "support": 2}, "16": {"precision": 1.0, "recall": 1.0, "f1-score": 1.0, "support": 1}, "17": {"precision": 0.21951219512195122, "recall": 0.6, "f1-score": 0.32142857142857145, "support": 15}, "accuracy": 0.6129032258064516, "macro avg": {"precision": 0.5553554439158892, "recall": 0.6008579227178261, "f1-score": 0.5436270648860759, "support": 279}, "weighted avg": {"precision": 0.6523328830575778, "recall": 0.6129032258064516, "f1-score": 0.6024587599444148, "support": 279}}