{"0": {"precision": 0.9333333333333333, "recall": 1.0, "f1-score": 0.9655172413793104, "support": 14}, "1": {"precision": 0.5, "recall": 0.625, "f1-score": 0.5555555555555556, "support": 8}, "2": {"precision": 0.1, "recall": 0.3333333333333333, "f1-score": 0.15384615384615383, "support": 3}, "3": {"precision": 0.4444444444444444, "recall": 0.5333333333333333, "f1-score": 0.4848484848484848, "support": 15}, "4": {"precision": 0.2, "recall": 0.1, "f1-score": 0.13333333333333333, "support": 10}, "5": {"precision": 0.125, "recall": 0.16666666666666666, "f1-score": 0.14285714285714288, "support": 12}, "6": {"precision": 0.0, "recall": 0.0, "f1-score": 0.0, "support": 15}, "7": {"precision": 0.25, "recall": 1.0, "f1-score": 0.4, "support": 3}, "8": {"precision": 0.0, "recall": 0.0, "f1-score": 0.0, "support": 0}, "9": {"precision": 0.2222222222222222, "recall": 0.14285714285714285, "f1-score": 0.17391304347826086, "support": 14}, "10": {"precision": 0.21739130434782608, "recall": 0.7142857142857143, "f1-score": 0.3333333333333333, "support": 7}, "11": {"precision": 0.375, "recall": 0.23076923076923078, "f1-score": 0.2857142857142857, "support": 13}, "12": {"precision": 0.4444444444444444, "recall": 0.2857142857142857, "f1-score": 0.34782608695652173, "support": 14}, "13": {"precision": 0.18181818181818182, "recall": 0.25, "f1-score": 0.2105263157894737, "support": 8}, "14": {"precision": 0.6, "recall": 0.3, "f1-score": 0.4, "support": 10}, "15": {"precision": 0.125, "recall": 0.07142857142857142, "f1-score": 0.09090909090909091, "support": 14}, "16": {"precision": 0.14285714285714285, "recall": 0.6666666666666666, "f1-score": 0.23529411764705882, "support": 3}, "27": {"precision": 0.42857142857142855, "recall": 1.0, "f1-score": 0.6, "support": 3}, "28": {"precision": 0.7692307692307693, "recall": 0.5882352941176471, "f1-score": 0.6666666666666667, "support": 17}, "29": {"precision": 0.5, "recall": 1.0, "f1-score": 0.6666666666666666, "support": 3}, "32": {"precision": 0.9523809523809523, "recall": 0.5263157894736842, "f1-score": 0.6779661016949152, "support": 38}, "38": {"precision": 1.0, "recall": 1.0, "f1-score": 1.0, "support": 5}, "39": {"precision": 0.6666666666666666, "recall": 1.0, "f1-score": 0.8, "support": 2}, "43": {"precision": 0.6666666666666666, "recall": 1.0, "f1-score": 0.8, "support": 4}, "45": {"precision": 0.5, "recall": 0.5882352941176471, "f1-score": 0.5405405405405405, "support": 17}, "47": {"precision": 1.0, "recall": 1.0, "f1-score": 1.0, "support": 2}, "52": {"precision": 0.0, "recall": 0.0, "f1-score": 0.0, "support": 1}, "53": {"precision": 1.0, "recall": 1.0, "f1-score": 1.0, "support": 7}, "56": {"precision": 0.5, "recall": 0.1, "f1-score": 0.16666666666666669, "support": 10}, "60": {"precision": 0.75, "recall": 0.75, "f1-score": 0.75, "support": 4}, "61": {"precision": 1.0, "recall": 0.6666666666666666, "f1-score": 0.8, "support": 3}, "62": {"precision": 0.5833333333333334, "recall": 0.7, "f1-score": 0.6363636363636365, "support": 10}, "63": {"precision": 0.1111111111111111, "recall": 0.5, "f1-score": 0.1818181818181818, "support": 2}, "65": {"precision": 0.90625, "recall": 0.5576923076923077, "f1-score": 0.6904761904761905, "support": 52}, "68": {"precision": 0.125, "recall": 1.0, "f1-score": 0.2222222222222222, "support": 1}, "70": {"precision": 0.0, "recall": 0.0, "f1-score": 0.0, "support": 1}, "72": {"precision": 0.0, "recall": 0.0, "f1-score": 0.0, "support": 0}, "75": {"precision": 1.0, "recall": 1.0, "f1-score": 1.0, "support": 1}, "78": {"precision": 1.0, "recall": 1.0, "f1-score": 1.0, "support": 5}, "80": {"precision": 0.5, "recall": 1.0, "f1-score": 0.6666666666666666, "support": 1}, "81": {"precision": 0.5454545454545454, "recall": 0.8571428571428571, "f1-score": 0.6666666666666665, "support": 7}, "87": {"precision": 0.0, "recall": 0.0, "f1-score": 0.0, "support": 0}, "89": {"precision": 0.68, "recall": 0.8947368421052632, "f1-score": 0.7727272727272727, "support": 19}, "90": {"precision": 1.0, "recall": 1.0, "f1-score": 1.0, "support": 1}, "92": {"precision": 0.875, "recall": 1.0, "f1-score": 0.9333333333333333, "support": 14}, "93": {"precision": 1.0, "recall": 1.0, "f1-score": 1.0, "support": 22}, "94": {"precision": 0.75, "recall": 0.25, "f1-score": 0.375, "support": 24}, "96": {"precision": 1.0, "recall": 0.84, "f1-score": 0.9130434782608696, "support": 25}, "accuracy": 0.5603448275862069, "macro avg": {"precision": 0.5139828447267306, "recall": 0.5883141665910628, "f1-score": 0.5091728849253855, "support": 464}, "weighted avg": {"precision": 0.6422270982910974, "recall": 0.5603448275862069, "f1-score": 0.5682595273222468, "support": 464}}